tag,step,wall_time,value
loss/train,1,1783217276.9557667,0.0021779120434075594
loss/train,2,1783220339.7923641,0.0021705934777855873
loss/train,3,1783223397.2800663,0.002167788567021489
loss/train,4,1783226451.7763445,0.002172005595639348
loss/ema_val,5,1783230094.5960555,0.0023265830241143703
loss/ema_val_denorm,5,1783230094.5960615,0.03493712469935417
loss/train,5,1783229500.710588,0.0021719879005104303
loss/val,5,1783230094.5959961,0.0023911213502287865
loss/val_denorm,5,1783230094.5960488,0.03580887243151665
loss/val_denorm_lead/lead_01,5,1783230094.5960763,0.012533118017017841
loss/val_denorm_lead/lead_02,5,1783230094.5960894,0.020668765529990196
loss/val_denorm_lead/lead_03,5,1783230094.613463,0.027694886550307274
loss/val_denorm_lead/lead_04,5,1783230094.6313689,0.03409391641616821
loss/val_denorm_lead/lead_05,5,1783230094.6511002,0.04000706598162651
loss/val_denorm_lead/lead_06,5,1783230094.6743052,0.045492738485336304
loss/val_denorm_lead/lead_07,5,1783230094.6983786,0.05060124397277832
loss/val_denorm_lead/lead_08,5,1783230094.7230597,0.05537924915552139
loss/val_denorm_lead_var/siconc/lead_01,5,1783230094.7699344,0.0025226937141269445
loss/val_denorm_lead_var/siconc/lead_02,5,1783230094.990649,0.0041249594651162624
loss/val_denorm_lead_var/siconc/lead_03,5,1783230095.0017884,0.005325084552168846
loss/val_denorm_lead_var/siconc/lead_04,5,1783230095.0167186,0.006290535908192396
loss/val_denorm_lead_var/siconc/lead_05,5,1783230095.2398658,0.007091626524925232
loss/val_denorm_lead_var/siconc/lead_06,5,1783230095.2618499,0.007764964364469051
loss/val_denorm_lead_var/siconc/lead_07,5,1783230095.2795537,0.008333844132721424
loss/val_denorm_lead_var/siconc/lead_08,5,1783230095.2995389,0.008815663866698742
loss/val_denorm_lead_var/sithick/lead_01,5,1783230095.541173,0.0030712548177689314
loss/val_denorm_lead_var/sithick/lead_02,5,1783230095.5605774,0.00484288576990366
loss/val_denorm_lead_var/sithick/lead_03,5,1783230095.5780165,0.006173398345708847
loss/val_denorm_lead_var/sithick/lead_04,5,1783230095.5950074,0.007300335448235273
loss/val_denorm_lead_var/sithick/lead_05,5,1783230095.61379,0.008304170332849026
loss/val_denorm_lead_var/sithick/lead_06,5,1783230095.6333756,0.009223060682415962
loss/val_denorm_lead_var/sithick/lead_07,5,1783230095.6578197,0.010081127285957336
loss/val_denorm_lead_var/sithick/lead_08,5,1783230095.6782038,0.010888624005019665
loss/val_denorm_lead_var/so/lead_01,5,1783230097.3193507,0.008149968460202217
loss/val_denorm_lead_var/so/lead_02,5,1783230097.3407764,0.013507024385035038
loss/val_denorm_lead_var/so/lead_03,5,1783230097.36059,0.018025372177362442
loss/val_denorm_lead_var/so/lead_04,5,1783230097.3783655,0.022076742723584175
loss/val_denorm_lead_var/so/lead_05,5,1783230097.3891494,0.02577933855354786
loss/val_denorm_lead_var/so/lead_06,5,1783230097.608255,0.0291900672018528
loss/val_denorm_lead_var/so/lead_07,5,1783230097.6299381,0.032352264970541
loss/val_denorm_lead_var/so/lead_08,5,1783230097.649627,0.03529941290616989
loss/val_denorm_lead_var/thetao/lead_01,5,1783230096.5371985,0.03062339313328266
loss/val_denorm_lead_var/thetao/lead_02,5,1783230096.5603082,0.052032314240932465
loss/val_denorm_lead_var/thetao/lead_03,5,1783230096.78513,0.07092062383890152
loss/val_denorm_lead_var/thetao/lead_04,5,1783230096.8087547,0.0882943868637085
loss/val_denorm_lead_var/thetao/lead_05,5,1783230097.0324824,0.10441575199365616
loss/val_denorm_lead_var/thetao/lead_06,5,1783230097.0461392,0.11940927803516388
loss/val_denorm_lead_var/thetao/lead_07,5,1783230097.0639694,0.13339272141456604
loss/val_denorm_lead_var/thetao/lead_08,5,1783230097.2799451,0.14647917449474335
loss/val_denorm_lead_var/uo/lead_01,5,1783230097.6841357,0.008617285639047623
loss/val_denorm_lead_var/uo/lead_02,5,1783230097.7045643,0.011067568324506283
loss/val_denorm_lead_var/uo/lead_03,5,1783230097.7249808,0.013238952495157719
loss/val_denorm_lead_var/uo/lead_04,5,1783230097.7398086,0.015302167274057865
loss/val_denorm_lead_var/uo/lead_05,5,1783230097.7517989,0.017315838485956192
loss/val_denorm_lead_var/uo/lead_06,5,1783230097.764906,0.019257770851254463
loss/val_denorm_lead_var/uo/lead_07,5,1783230097.7798316,0.021086448803544044
loss/val_denorm_lead_var/uo/lead_08,5,1783230097.7963893,0.0228304211050272
loss/val_denorm_lead_var/vo/lead_01,5,1783230097.8369956,0.008663780987262726
loss/val_denorm_lead_var/vo/lead_02,5,1783230097.859347,0.011396139860153198
loss/val_denorm_lead_var/vo/lead_03,5,1783230097.8814242,0.013891310431063175
loss/val_denorm_lead_var/vo/lead_04,5,1783230097.9049037,0.01626606471836567
loss/val_denorm_lead_var/vo/lead_05,5,1783230097.9256704,0.01858912780880928
loss/val_denorm_lead_var/vo/lead_06,5,1783230097.9468756,0.02083771489560604
loss/val_denorm_lead_var/vo/lead_07,5,1783230097.970175,0.022967778146266937
loss/val_denorm_lead_var/vo/lead_08,5,1783230098.195961,0.024969952180981636
loss/val_denorm_lead_var/zos/lead_01,5,1783230095.7168694,0.005932748783379793
loss/val_denorm_lead_var/zos/lead_02,5,1783230095.7379122,0.008581478148698807
loss/val_denorm_lead_var/zos/lead_03,5,1783230095.7597897,0.010520735755562782
loss/val_denorm_lead_var/zos/lead_04,5,1783230095.7833881,0.012213592417538166
loss/val_denorm_lead_var/zos/lead_05,5,1783230096.009835,0.013783227652311325
loss/val_denorm_lead_var/zos/lead_06,5,1783230096.0337257,0.015226849354803562
loss/val_denorm_lead_var/zos/lead_07,5,1783230096.0575745,0.0165934506803751
loss/val_denorm_lead_var/zos/lead_08,5,1783230096.4877727,0.017913706600666046
loss/val_denorm_var/siconc,5,1783230094.7467911,0.006283671595156193
loss/val_denorm_var/sithick,5,1783230095.522566,0.007485607173293829
loss/val_denorm_var/so,5,1783230097.2998497,0.023047523573040962
loss/val_denorm_var/thetao,5,1783230096.5142899,0.09319595992565155
loss/val_denorm_var/uo,5,1783230097.6663935,0.016089556738734245
loss/val_denorm_var/vo,5,1783230097.8143303,0.017197733744978905
loss/val_denorm_var/zos,5,1783230095.696361,0.012595723383128643
loss/val_lead/lead_01,5,1783230094.5960665,0.000985823106020689
loss/val_lead/lead_02,5,1783230094.5960805,0.0014839112991467118
loss/val_lead/lead_03,5,1783230094.5964584,0.0019062305800616741
loss/val_lead/lead_04,5,1783230094.6192474,0.002288497518748045
loss/val_lead/lead_05,5,1783230094.6377466,0.002643472282215953
loss/val_lead/lead_06,5,1783230094.658504,0.002973590511828661
loss/val_lead/lead_07,5,1783230094.6817992,0.0032803916838020086
loss/val_lead/lead_08,5,1783230094.707799,0.003567053936421871
loss/val_lead_var/siconc/lead_01,5,1783230094.7545714,0.0025226911529898643
loss/val_lead_var/siconc/lead_02,5,1783230094.7782688,0.004124955274164677
loss/val_lead_var/siconc/lead_03,5,1783230094.9940796,0.0053250789642333984
loss/val_lead_var/siconc/lead_04,5,1783230095.0067027,0.006290529854595661
loss/val_lead_var/siconc/lead_05,5,1783230095.2253149,0.007091619540005922
loss/val_lead_var/siconc/lead_06,5,1783230095.2483108,0.0077649569138884544
loss/val_lead_var/siconc/lead_07,5,1783230095.268054,0.008333835750818253
loss/val_lead_var/siconc/lead_08,5,1783230095.2856154,0.00881565548479557
loss/val_lead_var/sithick/lead_01,5,1783230095.5286438,0.00040296214865520597
loss/val_lead_var/sithick/lead_02,5,1783230095.547275,0.0006354079232551157
loss/val_lead_var/sithick/lead_03,5,1783230095.5676517,0.000809977063909173
loss/val_lead_var/sithick/lead_04,5,1783230095.5833356,0.000957836105953902
loss/val_lead_var/sithick/lead_05,5,1783230095.6015701,0.001089543686248362
loss/val_lead_var/sithick/lead_06,5,1783230095.6199908,0.0012101061875000596
loss/val_lead_var/sithick/lead_07,5,1783230095.64092,0.001322688302025199
loss/val_lead_var/sithick/lead_08,5,1783230095.6653905,0.001428635441698134
loss/val_lead_var/so/lead_01,5,1783230097.305616,0.0002537995169404894
loss/val_lead_var/so/lead_02,5,1783230097.3266354,0.0004227585159242153
loss/val_lead_var/so/lead_03,5,1783230097.3480883,0.0005674742278642952
loss/val_lead_var/so/lead_04,5,1783230097.36656,0.0006984225474298
loss/val_lead_var/so/lead_05,5,1783230097.383824,0.0008187639177776873
loss/val_lead_var/so/lead_06,5,1783230097.5948825,0.0009300133679062128
loss/val_lead_var/so/lead_07,5,1783230097.6151457,0.0010333933169022202
loss/val_lead_var/so/lead_08,5,1783230097.6374729,0.0011299204779788852
loss/val_lead_var/thetao/lead_01,5,1783230096.5216124,0.0009130082908086479
loss/val_lead_var/thetao/lead_02,5,1783230096.5449812,0.0015552716795355082
loss/val_lead_var/thetao/lead_03,5,1783230096.5679383,0.0021253263112157583
loss/val_lead_var/thetao/lead_04,5,1783230096.7934752,0.002651554299518466
loss/val_lead_var/thetao/lead_05,5,1783230096.8156555,0.00314111215993762
loss/val_lead_var/thetao/lead_06,5,1783230097.038007,0.0035973503254354
loss/val_lead_var/thetao/lead_07,5,1783230097.053482,0.004023566376417875
loss/val_lead_var/thetao/lead_08,5,1783230097.0687096,0.004423086531460285
loss/val_lead_var/uo/lead_01,5,1783230097.6722972,0.004163817502558231
loss/val_lead_var/uo/lead_02,5,1783230097.690814,0.005454848986119032
loss/val_lead_var/uo/lead_03,5,1783230097.711491,0.006620684638619423
loss/val_lead_var/uo/lead_04,5,1783230097.7301729,0.0077275908552110195
loss/val_lead_var/uo/lead_05,5,1783230097.743729,0.00880891177803278
loss/val_lead_var/uo/lead_06,5,1783230097.7563024,0.009851932525634766
loss/val_lead_var/uo/lead_07,5,1783230097.7698905,0.010834991931915283
loss/val_lead_var/uo/lead_08,5,1783230097.785439,0.011772111058235168
loss/val_lead_var/vo/lead_01,5,1783230097.8218417,0.004304554779082537
loss/val_lead_var/vo/lead_02,5,1783230097.8445492,0.005729654338210821
loss/val_lead_var/vo/lead_03,5,1783230097.8665864,0.0070467605255544186
loss/val_lead_var/vo/lead_04,5,1783230097.8887844,0.00830189511179924
loss/val_lead_var/vo/lead_05,5,1783230097.9118981,0.009529588744044304
loss/val_lead_var/vo/lead_06,5,1783230097.9315279,0.010717472992837429
loss/val_lead_var/vo/lead_07,5,1783230097.9549978,0.011843027547001839
loss/val_lead_var/vo/lead_08,5,1783230097.9780383,0.012901796959340572
loss/val_lead_var/zos/lead_01,5,1783230095.7030745,0.0015301156090572476
loss/val_lead_var/zos/lead_02,5,1783230095.7235687,0.002213249681517482
loss/val_lead_var/zos/lead_03,5,1783230095.7448554,0.00271340343169868
loss/val_lead_var/zos/lead_04,5,1783230095.7674127,0.003150008153170347
loss/val_lead_var/zos/lead_05,5,1783230095.7924194,0.0035548328887671232
loss/val_lead_var/zos/lead_06,5,1783230096.017293,0.003927157260477543
loss/val_lead_var/zos/lead_07,5,1783230096.0417643,0.004279617685824633
loss/val_lead_var/zos/lead_08,5,1783230096.268485,0.00462012505158782
loss/val_norm,5,1783230094.5960371,0.0023911213502287865
loss/val_norm_lead/lead_01,5,1783230094.596072,0.000985823106020689
loss/val_norm_lead/lead_02,5,1783230094.596085,0.0014839112991467118
loss/val_norm_lead/lead_03,5,1783230094.607888,0.0019062305800616741
loss/val_norm_lead/lead_04,5,1783230094.6255724,0.002288497518748045
loss/val_norm_lead/lead_05,5,1783230094.6440966,0.002643472282215953
loss/val_norm_lead/lead_06,5,1783230094.6664279,0.002973590511828661
loss/val_norm_lead/lead_07,5,1783230094.689961,0.0032803916838020086
loss/val_norm_lead/lead_08,5,1783230094.715848,0.003567053936421871
loss/val_norm_lead_var/siconc/lead_01,5,1783230094.7620492,0.0025226911529898643
loss/val_norm_lead_var/siconc/lead_02,5,1783230094.9876893,0.004124955274164677
loss/val_norm_lead_var/siconc/lead_03,5,1783230094.9980114,0.0053250789642333984
loss/val_norm_lead_var/siconc/lead_04,5,1783230095.0120082,0.006290529854595661
loss/val_norm_lead_var/siconc/lead_05,5,1783230095.2325733,0.007091619540005922
loss/val_norm_lead_var/siconc/lead_06,5,1783230095.256288,0.0077649569138884544
loss/val_norm_lead_var/siconc/lead_07,5,1783230095.2739205,0.008333835750818253
loss/val_norm_lead_var/siconc/lead_08,5,1783230095.2921674,0.00881565548479557
loss/val_norm_lead_var/sithick/lead_01,5,1783230095.534928,0.00040296214865520597
loss/val_norm_lead_var/sithick/lead_02,5,1783230095.553439,0.0006354079232551157
loss/val_norm_lead_var/sithick/lead_03,5,1783230095.573276,0.000809977063909173
loss/val_norm_lead_var/sithick/lead_04,5,1783230095.5888708,0.000957836105953902
loss/val_norm_lead_var/sithick/lead_05,5,1783230095.607627,0.001089543686248362
loss/val_norm_lead_var/sithick/lead_06,5,1783230095.6265945,0.0012101061875000596
loss/val_norm_lead_var/sithick/lead_07,5,1783230095.648774,0.001322688302025199
loss/val_norm_lead_var/sithick/lead_08,5,1783230095.6722417,0.001428635441698134
loss/val_norm_lead_var/so/lead_01,5,1783230097.312547,0.0002537995169404894
loss/val_norm_lead_var/so/lead_02,5,1783230097.3337014,0.0004227585159242153
loss/val_norm_lead_var/so/lead_03,5,1783230097.3550296,0.0005674742278642952
loss/val_norm_lead_var/so/lead_04,5,1783230097.3724573,0.0006984225474298
loss/val_norm_lead_var/so/lead_05,5,1783230097.386435,0.0008187639177776873
loss/val_norm_lead_var/so/lead_06,5,1783230097.601793,0.0009300133679062128
loss/val_norm_lead_var/so/lead_07,5,1783230097.6224415,0.0010333933169022202
loss/val_norm_lead_var/so/lead_08,5,1783230097.64414,0.0011299204779788852
loss/val_norm_lead_var/thetao/lead_01,5,1783230096.529131,0.0009130082908086479
loss/val_norm_lead_var/thetao/lead_02,5,1783230096.5527115,0.0015552716795355082
loss/val_norm_lead_var/thetao/lead_03,5,1783230096.5759537,0.0021253263112157583
loss/val_norm_lead_var/thetao/lead_04,5,1783230096.8009593,0.002651554299518466
loss/val_norm_lead_var/thetao/lead_05,5,1783230096.82343,0.00314111215993762
loss/val_norm_lead_var/thetao/lead_06,5,1783230097.0424716,0.0035973503254354
loss/val_norm_lead_var/thetao/lead_07,5,1783230097.0586205,0.004023566376417875
loss/val_norm_lead_var/thetao/lead_08,5,1783230097.073563,0.004423086531460285
loss/val_norm_lead_var/uo/lead_01,5,1783230097.6780329,0.004163817502558231
loss/val_norm_lead_var/uo/lead_02,5,1783230097.6976404,0.005454848986119032
loss/val_norm_lead_var/uo/lead_03,5,1783230097.718621,0.006620684638619423
loss/val_norm_lead_var/uo/lead_04,5,1783230097.7352366,0.0077275908552110195
loss/val_norm_lead_var/uo/lead_05,5,1783230097.7477744,0.00880891177803278
loss/val_norm_lead_var/uo/lead_06,5,1783230097.760352,0.009851932525634766
loss/val_norm_lead_var/uo/lead_07,5,1783230097.7746735,0.010834991931915283
loss/val_norm_lead_var/uo/lead_08,5,1783230097.79119,0.011772111058235168
loss/val_norm_lead_var/vo/lead_01,5,1783230097.8289878,0.004304554779082537
loss/val_norm_lead_var/vo/lead_02,5,1783230097.8525167,0.005729654338210821
loss/val_norm_lead_var/vo/lead_03,5,1783230097.8742623,0.0070467605255544186
loss/val_norm_lead_var/vo/lead_04,5,1783230097.8970914,0.00830189511179924
loss/val_norm_lead_var/vo/lead_05,5,1783230097.9184296,0.009529588744044304
loss/val_norm_lead_var/vo/lead_06,5,1783230097.9383957,0.010717472992837429
loss/val_norm_lead_var/vo/lead_07,5,1783230097.9628541,0.011843027547001839
loss/val_norm_lead_var/vo/lead_08,5,1783230097.9857712,0.012901796959340572
loss/val_norm_lead_var/zos/lead_01,5,1783230095.7095988,0.0015301156090572476
loss/val_norm_lead_var/zos/lead_02,5,1783230095.7306707,0.002213249681517482
loss/val_norm_lead_var/zos/lead_03,5,1783230095.7525527,0.00271340343169868
loss/val_norm_lead_var/zos/lead_04,5,1783230095.7755573,0.003150008153170347
loss/val_norm_lead_var/zos/lead_05,5,1783230096.0024722,0.0035548328887671232
loss/val_norm_lead_var/zos/lead_06,5,1783230096.0258217,0.003927157260477543
loss/val_norm_lead_var/zos/lead_07,5,1783230096.0491672,0.004279617685824633
loss/val_norm_lead_var/zos/lead_08,5,1783230096.4793751,0.00462012505158782
loss/val_norm_var/siconc,5,1783230094.7385392,0.006283665541559458
loss/val_norm_var/sithick,5,1783230095.5159304,0.0009821446146816015
loss/val_norm_var/so,5,1783230097.2938044,0.0007318182033486664
loss/val_norm_var/thetao,5,1783230096.5055904,0.0028037845622748137
loss/val_norm_var/uo,5,1783230097.6605334,0.008154361508786678
loss/val_norm_var/vo,5,1783230097.8076742,0.008796843700110912
loss/val_norm_var/zos,5,1783230095.6904194,0.0032485637348145247
loss/val_var/siconc,5,1783230094.730931,0.006283665541559458
loss/val_var/sithick,5,1783230095.3071184,0.0009821446146816015
loss/val_var/so,5,1783230097.2870922,0.0007318182033486664
loss/val_var/thetao,5,1783230096.4963598,0.0028037845622748137
loss/val_var/uo,5,1783230097.655485,0.008154361508786678
loss/val_var/vo,5,1783230097.801941,0.008796843700110912
loss/val_var/zos,5,1783230095.6843112,0.0032485637348145247
loss/train,6,1783233146.1022763,0.002166464924812317
loss/train,7,1783236196.3479884,0.0021629417315125465
loss/train,8,1783239238.449991,0.00216394430026412
loss/train,9,1783242280.3276877,0.0021600094623863697
loss/ema_val,10,1783245919.3644266,0.0023219697177410126
loss/ema_val_denorm,10,1783245919.3644311,0.034848228096961975
loss/train,10,1783245331.0147436,0.0021568196825683117
loss/val,10,1783245919.364384,0.0023802921641618013
loss/val_denorm,10,1783245919.3644216,0.03558921441435814
loss/val_denorm_lead/lead_01,10,1783245919.3644435,0.012477078475058079
loss/val_denorm_lead/lead_02,10,1783245919.3644562,0.020553071051836014
loss/val_denorm_lead/lead_03,10,1783245919.376189,0.02755647897720337
loss/val_denorm_lead/lead_04,10,1783245919.3899906,0.03391920030117035
loss/val_denorm_lead/lead_05,10,1783245919.4016018,0.039790160953998566
loss/val_denorm_lead/lead_06,10,1783245919.4132564,0.0452243871986866
loss/val_denorm_lead/lead_07,10,1783245919.5372033,0.05025704205036163
loss/val_denorm_lead/lead_08,10,1783245919.5534046,0.05493629351258278
loss/val_denorm_lead_var/siconc/lead_01,10,1783245919.584444,0.002521347254514694
loss/val_denorm_lead_var/siconc/lead_02,10,1783245919.5978212,0.0041115074418485165
loss/val_denorm_lead_var/siconc/lead_03,10,1783245919.61145,0.0052991146221756935
loss/val_denorm_lead_var/siconc/lead_04,10,1783245919.623492,0.006250153295695782
loss/val_denorm_lead_var/siconc/lead_05,10,1783245919.6359618,0.007036764174699783
loss/val_denorm_lead_var/siconc/lead_06,10,1783245919.6485975,0.007693295367062092
loss/val_denorm_lead_var/siconc/lead_07,10,1783245919.6609662,0.008242490701377392
loss/val_denorm_lead_var/siconc/lead_08,10,1783245919.671924,0.008702799677848816
loss/val_denorm_lead_var/sithick/lead_01,10,1783245919.6958425,0.0030522902961820364
loss/val_denorm_lead_var/sithick/lead_02,10,1783245919.7089584,0.004791174083948135
loss/val_denorm_lead_var/sithick/lead_03,10,1783245919.7205906,0.006101816892623901
loss/val_denorm_lead_var/sithick/lead_04,10,1783245919.7330105,0.007212191354483366
loss/val_denorm_lead_var/sithick/lead_05,10,1783245919.7470083,0.00819676835089922
loss/val_denorm_lead_var/sithick/lead_06,10,1783245919.7619693,0.009092816151678562
loss/val_denorm_lead_var/sithick/lead_07,10,1783245919.776373,0.00992807187139988
loss/val_denorm_lead_var/sithick/lead_08,10,1783245919.7879562,0.010714876465499401
loss/val_denorm_lead_var/so/lead_01,10,1783245920.0187533,0.008101094514131546
loss/val_denorm_lead_var/so/lead_02,10,1783245920.0283167,0.013406450860202312
loss/val_denorm_lead_var/so/lead_03,10,1783245920.038832,0.017863597720861435
loss/val_denorm_lead_var/so/lead_04,10,1783245920.0493088,0.021848604083061218
loss/val_denorm_lead_var/so/lead_05,10,1783245920.0598123,0.025484127923846245
loss/val_denorm_lead_var/so/lead_06,10,1783245920.0717428,0.02882762812077999
loss/val_denorm_lead_var/so/lead_07,10,1783245920.0821967,0.03191938251256943
loss/val_denorm_lead_var/so/lead_08,10,1783245920.0932434,0.03479400649666786
loss/val_denorm_lead_var/thetao/lead_01,10,1783245919.9290884,0.030487190932035446
loss/val_denorm_lead_var/thetao/lead_02,10,1783245919.9339807,0.05175817012786865
loss/val_denorm_lead_var/thetao/lead_03,10,1783245919.9396942,0.07067146897315979
loss/val_denorm_lead_var/thetao/lead_04,10,1783245919.9453127,0.08802779763936996
loss/val_denorm_lead_var/thetao/lead_05,10,1783245919.955863,0.10412117093801498
loss/val_denorm_lead_var/thetao/lead_06,10,1783245919.9645245,0.11905606091022491
loss/val_denorm_lead_var/thetao/lead_07,10,1783245919.9739957,0.1328800618648529
loss/val_denorm_lead_var/thetao/lead_08,10,1783245919.982832,0.14571785926818848
loss/val_denorm_lead_var/uo/lead_01,10,1783245920.1157205,0.00857143010944128
loss/val_denorm_lead_var/uo/lead_02,10,1783245920.1263278,0.011028905399143696
loss/val_denorm_lead_var/uo/lead_03,10,1783245920.1364353,0.01321371179074049
loss/val_denorm_lead_var/uo/lead_04,10,1783245920.3514931,0.015285062603652477
loss/val_denorm_lead_var/uo/lead_05,10,1783245920.366464,0.017278145998716354
loss/val_denorm_lead_var/uo/lead_06,10,1783245920.3822436,0.019187122583389282
loss/val_denorm_lead_var/uo/lead_07,10,1783245920.3987997,0.021003203466534615
loss/val_denorm_lead_var/uo/lead_08,10,1783245920.415643,0.02272249199450016
loss/val_denorm_lead_var/vo/lead_01,10,1783245920.4489527,0.008679518476128578
loss/val_denorm_lead_var/vo/lead_02,10,1783245920.478134,0.011387057602405548
loss/val_denorm_lead_var/vo/lead_03,10,1783245920.4928794,0.013911033049225807
loss/val_denorm_lead_var/vo/lead_04,10,1783245920.5077267,0.01631557196378708
loss/val_denorm_lead_var/vo/lead_05,10,1783245920.5239754,0.018624557182192802
loss/val_denorm_lead_var/vo/lead_06,10,1783245920.5406055,0.02081998437643051
loss/val_denorm_lead_var/vo/lead_07,10,1783245920.5569363,0.022892238572239876
loss/val_denorm_lead_var/vo/lead_08,10,1783245920.57333,0.02485092543065548
loss/val_denorm_lead_var/zos/lead_01,10,1783245919.8105247,0.005955612752586603
loss/val_denorm_lead_var/zos/lead_02,10,1783245919.824153,0.008617253042757511
loss/val_denorm_lead_var/zos/lead_03,10,1783245919.8386004,0.010562345385551453
loss/val_denorm_lead_var/zos/lead_04,10,1783245919.8534582,0.012241749092936516
loss/val_denorm_lead_var/zos/lead_05,10,1783245919.8711731,0.01380558405071497
loss/val_denorm_lead_var/zos/lead_06,10,1783245919.8880365,0.01525446679443121
loss/val_denorm_lead_var/zos/lead_07,10,1783245919.903855,0.016625478863716125
loss/val_denorm_lead_var/zos/lead_08,10,1783245919.9133902,0.01792999356985092
loss/val_denorm_var/siconc,10,1783245919.5690277,0.006232183892279863
loss/val_denorm_var/sithick,10,1783245919.6831353,0.0073862504214048386
loss/val_denorm_var/so,10,1783245919.9930425,0.022780612111091614
loss/val_denorm_var/thetao,10,1783245919.9218976,0.09283997118473053
loss/val_denorm_var/uo,10,1783245920.1049678,0.01603625901043415
loss/val_denorm_var/vo,10,1783245920.4321089,0.017185110598802567
loss/val_denorm_var/zos,10,1783245919.798636,0.012624060735106468
loss/val_lead/lead_01,10,1783245919.3644357,0.000983577803708613
loss/val_lead/lead_02,10,1783245919.3644478,0.0014787595719099045
loss/val_lead/lead_03,10,1783245919.3646793,0.0019007899099960923
loss/val_lead/lead_04,10,1783245919.3810208,0.002281695371493697
loss/val_lead/lead_05,10,1783245919.3939025,0.002633727854117751
loss/val_lead/lead_06,10,1783245919.405261,0.0029596746899187565
loss/val_lead/lead_07,10,1783245919.4180474,0.0032616653479635715
loss/val_lead/lead_08,10,1783245919.5424073,0.0035424474626779556
loss/val_lead_var/siconc/lead_01,10,1783245919.5740647,0.002521344693377614
loss/val_lead_var/siconc/lead_02,10,1783245919.5891888,0.004111503250896931
loss/val_lead_var/siconc/lead_03,10,1783245919.6021616,0.005299109499901533
loss/val_lead_var/siconc/lead_04,10,1783245919.6156576,0.006250147242099047
loss/val_lead_var/siconc/lead_05,10,1783245919.6279032,0.007036757189780474
loss/val_lead_var/siconc/lead_06,10,1783245919.6402855,0.007693287450820208
loss/val_lead_var/siconc/lead_07,10,1783245919.6530719,0.008242483250796795
loss/val_lead_var/siconc/lead_08,10,1783245919.6644475,0.00870279036462307
loss/val_lead_var/sithick/lead_01,10,1783245919.6869228,0.0004004739166703075
loss/val_lead_var/sithick/lead_02,10,1783245919.700355,0.0006286231218837202
loss/val_lead_var/sithick/lead_03,10,1783245919.7127063,0.000800585257820785
loss/val_lead_var/sithick/lead_04,10,1783245919.7248094,0.0009462712332606316
loss/val_lead_var/sithick/lead_05,10,1783245919.737005,0.001075452077202499
loss/val_lead_var/sithick/lead_06,10,1783245919.751883,0.001193017465993762
loss/val_lead_var/sithick/lead_07,10,1783245919.7675793,0.0013026067754253745
loss/val_lead_var/sithick/lead_08,10,1783245919.7801135,0.0014058389933779836
loss/val_lead_var/so/lead_01,10,1783245920.0116029,0.0002522445283830166
loss/val_lead_var/so/lead_02,10,1783245920.0219276,0.00041987450094893575
loss/val_lead_var/so/lead_03,10,1783245920.032002,0.0005629748338833451
loss/val_lead_var/so/lead_04,10,1783245920.042201,0.0006920949672348797
loss/val_lead_var/so/lead_05,10,1783245920.0530028,0.0008105543092824519
loss/val_lead_var/so/lead_06,10,1783245920.0632868,0.0009198997868224978
loss/val_lead_var/so/lead_07,10,1783245920.0751412,0.0010212503839284182
loss/val_lead_var/so/lead_08,10,1783245920.0858102,0.0011156451655551791
loss/val_lead_var/thetao/lead_01,10,1783245919.9243648,0.0009092516265809536
loss/val_lead_var/thetao/lead_02,10,1783245919.93049,0.0015477925771847367
loss/val_lead_var/thetao/lead_03,10,1783245919.9355266,0.002118852687999606
loss/val_lead_var/thetao/lead_04,10,1783245919.9413152,0.002644720720127225
loss/val_lead_var/thetao/lead_05,10,1783245919.9481769,0.00313364015892148
loss/val_lead_var/thetao/lead_06,10,1783245919.9582818,0.0035884424578398466
loss/val_lead_var/thetao/lead_07,10,1783245919.967792,0.004010278731584549
loss/val_lead_var/thetao/lead_08,10,1783245919.976924,0.004402768332511187
loss/val_lead_var/uo/lead_01,10,1783245920.108542,0.004143926315009594
loss/val_lead_var/uo/lead_02,10,1783245920.1191804,0.005437119863927364
loss/val_lead_var/uo/lead_03,10,1783245920.1298199,0.006610969081521034
loss/val_lead_var/uo/lead_04,10,1783245920.139438,0.007719113025814295
loss/val_lead_var/uo/lead_05,10,1783245920.3564272,0.00878749880939722
loss/val_lead_var/uo/lead_06,10,1783245920.3719103,0.009812627919018269
loss/val_lead_var/uo/lead_07,10,1783245920.3875058,0.010786204598844051
loss/val_lead_var/uo/lead_08,10,1783245920.4047074,0.011708807200193405
loss/val_lead_var/vo/lead_01,10,1783245920.437719,0.004307982977479696
loss/val_lead_var/vo/lead_02,10,1783245920.454902,0.005716037470847368
loss/val_lead_var/vo/lead_03,10,1783245920.4833775,0.007045520935207605
loss/val_lead_var/vo/lead_04,10,1783245920.4978151,0.008314189501106739
loss/val_lead_var/vo/lead_05,10,1783245920.5128348,0.009535348042845726
loss/val_lead_var/vo/lead_06,10,1783245920.529711,0.010698423720896244
loss/val_lead_var/vo/lead_07,10,1783245920.5461345,0.011796187609434128
loss/val_lead_var/vo/lead_08,10,1783245920.5627432,0.012832560576498508
loss/val_lead_var/zos/lead_01,10,1783245919.8023384,0.0015360123943537474
loss/val_lead_var/zos/lead_02,10,1783245919.8151522,0.0022224762942641973
loss/val_lead_var/zos/lead_03,10,1783245919.8288722,0.002724135061725974
loss/val_lead_var/zos/lead_04,10,1783245919.8433006,0.0031572701409459114
loss/val_lead_var/zos/lead_05,10,1783245919.8593206,0.0035605989396572113
loss/val_lead_var/zos/lead_06,10,1783245919.8773782,0.003934280481189489
loss/val_lead_var/zos/lead_07,10,1783245919.8933578,0.004287878051400185
loss/val_lead_var/zos/lead_08,10,1783245919.9075336,0.004624325782060623
loss/val_norm,10,1783245919.3644147,0.0023802921641618013
loss/val_norm_lead/lead_01,10,1783245919.3644397,0.000983577803708613
loss/val_norm_lead/lead_02,10,1783245919.364452,0.0014787595719099045
loss/val_norm_lead/lead_03,10,1783245919.3709395,0.0019007899099960923
loss/val_norm_lead/lead_04,10,1783245919.3853626,0.002281695371493697
loss/val_norm_lead/lead_05,10,1783245919.3975062,0.002633727854117751
loss/val_norm_lead/lead_06,10,1783245919.409047,0.0029596746899187565
loss/val_norm_lead/lead_07,10,1783245919.5326407,0.0032616653479635715
loss/val_norm_lead/lead_08,10,1783245919.5477192,0.0035424474626779556
loss/val_norm_lead_var/siconc/lead_01,10,1783245919.5798714,0.002521344693377614
loss/val_norm_lead_var/siconc/lead_02,10,1783245919.5933466,0.004111503250896931
loss/val_norm_lead_var/siconc/lead_03,10,1783245919.6069033,0.005299109499901533
loss/val_norm_lead_var/siconc/lead_04,10,1783245919.6193123,0.006250147242099047
loss/val_norm_lead_var/siconc/lead_05,10,1783245919.6317332,0.007036757189780474
loss/val_norm_lead_var/siconc/lead_06,10,1783245919.644329,0.007693287450820208
loss/val_norm_lead_var/siconc/lead_07,10,1783245919.6562579,0.008242483250796795
loss/val_norm_lead_var/siconc/lead_08,10,1783245919.6682582,0.00870279036462307
loss/val_norm_lead_var/sithick/lead_01,10,1783245919.6913226,0.0004004739166703075
loss/val_norm_lead_var/sithick/lead_02,10,1783245919.7046382,0.0006286231218837202
loss/val_norm_lead_var/sithick/lead_03,10,1783245919.7166886,0.000800585257820785
loss/val_norm_lead_var/sithick/lead_04,10,1783245919.7287314,0.0009462712332606316
loss/val_norm_lead_var/sithick/lead_05,10,1783245919.7419503,0.001075452077202499
loss/val_norm_lead_var/sithick/lead_06,10,1783245919.7567058,0.001193017465993762
loss/val_norm_lead_var/sithick/lead_07,10,1783245919.7727306,0.0013026067754253745
loss/val_norm_lead_var/sithick/lead_08,10,1783245919.7840755,0.0014058389933779836
loss/val_norm_lead_var/so/lead_01,10,1783245920.0153623,0.0002522445283830166
loss/val_norm_lead_var/so/lead_02,10,1783245920.025101,0.00041987450094893575
loss/val_norm_lead_var/so/lead_03,10,1783245920.0353897,0.0005629748338833451
loss/val_norm_lead_var/so/lead_04,10,1783245920.0458863,0.0006920949672348797
loss/val_norm_lead_var/so/lead_05,10,1783245920.0561674,0.0008105543092824519
loss/val_norm_lead_var/so/lead_06,10,1783245920.0675435,0.0009198997868224978
loss/val_norm_lead_var/so/lead_07,10,1783245920.0787156,0.0010212503839284182
loss/val_norm_lead_var/so/lead_08,10,1783245920.089568,0.0011156451655551791
loss/val_norm_lead_var/thetao/lead_01,10,1783245919.9263008,0.0009092516265809536
loss/val_norm_lead_var/thetao/lead_02,10,1783245919.931906,0.0015477925771847367
loss/val_norm_lead_var/thetao/lead_03,10,1783245919.9370322,0.002118852687999606
loss/val_norm_lead_var/thetao/lead_04,10,1783245919.942828,0.002644720720127225
loss/val_norm_lead_var/thetao/lead_05,10,1783245919.9522882,0.00313364015892148
loss/val_norm_lead_var/thetao/lead_06,10,1783245919.9613311,0.0035884424578398466
loss/val_norm_lead_var/thetao/lead_07,10,1783245919.970894,0.004010278731584549
loss/val_norm_lead_var/thetao/lead_08,10,1783245919.9799864,0.004402768332511187
loss/val_norm_lead_var/uo/lead_01,10,1783245920.112013,0.004143926315009594
loss/val_norm_lead_var/uo/lead_02,10,1783245920.1228065,0.005437119863927364
loss/val_norm_lead_var/uo/lead_03,10,1783245920.1333215,0.006610969081521034
loss/val_norm_lead_var/uo/lead_04,10,1783245920.3458617,0.007719113025814295
loss/val_norm_lead_var/uo/lead_05,10,1783245920.361567,0.00878749880939722
loss/val_norm_lead_var/uo/lead_06,10,1783245920.3771229,0.009812627919018269
loss/val_norm_lead_var/uo/lead_07,10,1783245920.3935258,0.010786204598844051
loss/val_norm_lead_var/uo/lead_08,10,1783245920.4098895,0.011708807200193405
loss/val_norm_lead_var/vo/lead_01,10,1783245920.4435868,0.004307982977479696
loss/val_norm_lead_var/vo/lead_02,10,1783245920.4601338,0.005716037470847368
loss/val_norm_lead_var/vo/lead_03,10,1783245920.4880567,0.007045520935207605
loss/val_norm_lead_var/vo/lead_04,10,1783245920.5027077,0.008314189501106739
loss/val_norm_lead_var/vo/lead_05,10,1783245920.5184557,0.009535348042845726
loss/val_norm_lead_var/vo/lead_06,10,1783245920.535379,0.010698423720896244
loss/val_norm_lead_var/vo/lead_07,10,1783245920.551235,0.011796187609434128
loss/val_norm_lead_var/vo/lead_08,10,1783245920.5683842,0.012832560576498508
loss/val_norm_lead_var/zos/lead_01,10,1783245919.8061118,0.0015360123943537474
loss/val_norm_lead_var/zos/lead_02,10,1783245919.8193803,0.0022224762942641973
loss/val_norm_lead_var/zos/lead_03,10,1783245919.8335419,0.002724135061725974
loss/val_norm_lead_var/zos/lead_04,10,1783245919.8477545,0.0031572701409459114
loss/val_norm_lead_var/zos/lead_05,10,1783245919.865288,0.0035605989396572113
loss/val_norm_lead_var/zos/lead_06,10,1783245919.8828037,0.003934280481189489
loss/val_norm_lead_var/zos/lead_07,10,1783245919.898686,0.004287878051400185
loss/val_norm_lead_var/zos/lead_08,10,1783245919.9101326,0.004624325782060623
loss/val_norm_var/siconc,10,1783245919.564112,0.006232177838683128
loss/val_norm_var/sithick,10,1783245919.6793442,0.0009691086015664041
loss/val_norm_var/so,10,1783245919.9892323,0.0007243173313327134
loss/val_norm_var/thetao,10,1783245919.9188876,0.0027944683097302914
loss/val_norm_var/uo,10,1783245920.1009843,0.008125782944262028
loss/val_norm_var/vo,10,1783245920.426906,0.00878078117966652
loss/val_norm_var/zos,10,1783245919.7950313,0.003255872055888176
loss/val_var/siconc,10,1783245919.558789,0.006232177838683128
loss/val_var/sithick,10,1783245919.675527,0.0009691086015664041
loss/val_var/so,10,1783245919.9857616,0.0007243173313327134
loss/val_var/thetao,10,1783245919.9168196,0.0027944683097302914
loss/val_var/uo,10,1783245920.0969713,0.008125782944262028
loss/val_var/vo,10,1783245920.4210706,0.00878078117966652
loss/val_var/zos,10,1783245919.7912445,0.003255872055888176
loss/train,11,1783249223.0198224,0.0021338590886443853
loss/train,12,1783251332.651587,0.002129564294591546
loss/train,13,1783253444.2677083,0.0021325836423784494
loss/train,14,1783255546.3658876,0.002127415034919977
loss/ema_val,15,1783258040.5240195,0.002315997378900647
loss/ema_val_denorm,15,1783258040.5240252,0.034715328365564346
loss/train,15,1783257644.1084673,0.0021272171288728714
loss/val,15,1783258040.5239568,0.002353221643716097
loss/val_denorm,15,1783258040.5240128,0.03518421947956085
loss/val_denorm_lead/lead_01,15,1783258040.5240378,0.01237819530069828
loss/val_denorm_lead/lead_02,15,1783258040.5240505,0.020365945994853973
loss/val_denorm_lead/lead_03,15,1783258040.5364323,0.027263695374131203
loss/val_denorm_lead/lead_04,15,1783258040.5629084,0.03353700786828995
loss/val_denorm_lead/lead_05,15,1783258040.5935333,0.039323288947343826
loss/val_denorm_lead/lead_06,15,1783258040.6249788,0.04467819258570671
loss/val_denorm_lead/lead_07,15,1783258040.6582065,0.04964623600244522
loss/val_denorm_lead/lead_08,15,1783258040.6926434,0.05428119748830795
loss/val_denorm_lead_var/siconc/lead_01,15,1783258040.7319489,0.0025434144772589207
loss/val_denorm_lead_var/siconc/lead_02,15,1783258040.9543428,0.004158589988946915
loss/val_denorm_lead_var/siconc/lead_03,15,1783258040.9842873,0.00536439148709178
loss/val_denorm_lead_var/siconc/lead_04,15,1783258041.0084329,0.00632573664188385
loss/val_denorm_lead_var/siconc/lead_05,15,1783258041.0294452,0.007114124950021505
loss/val_denorm_lead_var/siconc/lead_06,15,1783258041.0596716,0.007768625859171152
loss/val_denorm_lead_var/siconc/lead_07,15,1783258041.089745,0.008313139900565147
loss/val_denorm_lead_var/siconc/lead_08,15,1783258041.1204035,0.008766255341470242
loss/val_denorm_lead_var/sithick/lead_01,15,1783258041.1839788,0.003008445492014289
loss/val_denorm_lead_var/sithick/lead_02,15,1783258041.213341,0.004676555749028921
loss/val_denorm_lead_var/sithick/lead_03,15,1783258041.2427523,0.005909309256821871
loss/val_denorm_lead_var/sithick/lead_04,15,1783258041.2910838,0.0069377911277115345
loss/val_denorm_lead_var/sithick/lead_05,15,1783258041.3103774,0.00784143153578043
loss/val_denorm_lead_var/sithick/lead_06,15,1783258041.3284068,0.008658439852297306
loss/val_denorm_lead_var/sithick/lead_07,15,1783258041.5638323,0.009414688684046268
loss/val_denorm_lead_var/sithick/lead_08,15,1783258041.6035397,0.010121002793312073
loss/val_denorm_lead_var/so/lead_01,15,1783258042.5200176,0.008068285882472992
loss/val_denorm_lead_var/so/lead_02,15,1783258042.551465,0.013325358740985394
loss/val_denorm_lead_var/so/lead_03,15,1783258042.5734382,0.017737874761223793
loss/val_denorm_lead_var/so/lead_04,15,1783258042.6010947,0.021689971908926964
loss/val_denorm_lead_var/so/lead_05,15,1783258042.6285477,0.02529936656355858
loss/val_denorm_lead_var/so/lead_06,15,1783258042.6605458,0.02862144075334072
loss/val_denorm_lead_var/so/lead_07,15,1783258042.6907399,0.031698789447546005
loss/val_denorm_lead_var/so/lead_08,15,1783258042.7280734,0.03456495329737663
loss/val_denorm_lead_var/thetao/lead_01,15,1783258042.0260901,0.030186757445335388
loss/val_denorm_lead_var/thetao/lead_02,15,1783258042.0575767,0.05123157426714897
loss/val_denorm_lead_var/thetao/lead_03,15,1783258042.0915,0.06985864043235779
loss/val_denorm_lead_var/thetao/lead_04,15,1783258042.1304598,0.08697140216827393
loss/val_denorm_lead_var/thetao/lead_05,15,1783258042.1666896,0.10282088071107864
loss/val_denorm_lead_var/thetao/lead_06,15,1783258042.2065396,0.11751727759838104
loss/val_denorm_lead_var/thetao/lead_07,15,1783258042.4385962,0.13115260004997253
loss/val_denorm_lead_var/thetao/lead_08,15,1783258042.4657605,0.14387477934360504
loss/val_denorm_lead_var/uo/lead_01,15,1783258042.7854872,0.008524280041456223
loss/val_denorm_lead_var/uo/lead_02,15,1783258042.8184066,0.010930467396974564
loss/val_denorm_lead_var/uo/lead_03,15,1783258042.8513243,0.013049743138253689
loss/val_denorm_lead_var/uo/lead_04,15,1783258042.8878605,0.015065412037074566
loss/val_denorm_lead_var/uo/lead_05,15,1783258042.9256134,0.017008403316140175
loss/val_denorm_lead_var/uo/lead_06,15,1783258042.9825344,0.018882188946008682
loss/val_denorm_lead_var/uo/lead_07,15,1783258043.010006,0.020665165036916733
loss/val_denorm_lead_var/uo/lead_08,15,1783258043.028815,0.02237153984606266
loss/val_denorm_lead_var/vo/lead_01,15,1783258043.0850825,0.008604045957326889
loss/val_denorm_lead_var/vo/lead_02,15,1783258043.1131592,0.011297307908535004
loss/val_denorm_lead_var/vo/lead_03,15,1783258043.1378365,0.013727872632443905
loss/val_denorm_lead_var/vo/lead_04,15,1783258043.1589587,0.016054147854447365
loss/val_denorm_lead_var/vo/lead_05,15,1783258043.1781683,0.01831626147031784
loss/val_denorm_lead_var/vo/lead_06,15,1783258043.196619,0.02050057053565979
loss/val_denorm_lead_var/vo/lead_07,15,1783258043.2191665,0.02256658487021923
loss/val_denorm_lead_var/vo/lead_08,15,1783258043.239984,0.02450419031083584
loss/val_denorm_lead_var/zos/lead_01,15,1783258041.6906452,0.005883949808776379
loss/val_denorm_lead_var/zos/lead_02,15,1783258041.733203,0.008477939292788506
loss/val_denorm_lead_var/zos/lead_03,15,1783258041.772767,0.010357928462326527
loss/val_denorm_lead_var/zos/lead_04,15,1783258041.8233156,0.01197870820760727
loss/val_denorm_lead_var/zos/lead_05,15,1783258041.872816,0.013487330637872219
loss/val_denorm_lead_var/zos/lead_06,15,1783258041.9063256,0.014874749816954136
loss/val_denorm_lead_var/zos/lead_07,15,1783258041.9314773,0.016179285943508148
loss/val_denorm_lead_var/zos/lead_08,15,1783258041.959842,0.017425572499632835
loss/val_denorm_var/siconc,15,1783258040.7144413,0.006294284947216511
loss/val_denorm_var/sithick,15,1783258041.1543543,0.007070958148688078
loss/val_denorm_var/so,15,1783258042.4866276,0.02262575551867485
loss/val_denorm_var/thetao,15,1783258041.987824,0.09170173853635788
loss/val_denorm_var/uo,15,1783258042.7587605,0.01581214927136898
loss/val_denorm_var/vo,15,1783258043.058281,0.016946373507380486
loss/val_denorm_var/zos,15,1783258041.6463974,0.01233318354934454
loss/val_lead/lead_01,15,1783258040.5240295,0.0009776584338396788
loss/val_lead/lead_02,15,1783258040.5240421,0.0014680603053420782
loss/val_lead/lead_03,15,1783258040.5244327,0.001882293727248907
loss/val_lead/lead_04,15,1783258040.5419574,0.0022563680540770292
loss/val_lead/lead_05,15,1783258040.5734854,0.002602197928354144
loss/val_lead/lead_06,15,1783258040.6037922,0.0029228213243186474
loss/val_lead/lead_07,15,1783258040.6369276,0.003219879698008299
loss/val_lead/lead_08,15,1783258040.6699197,0.0034964927472174168
loss/val_lead_var/siconc/lead_01,15,1783258040.7199078,0.0025434119161218405
loss/val_lead_var/siconc/lead_02,15,1783258040.7375104,0.004158585797995329
loss/val_lead_var/siconc/lead_03,15,1783258040.966298,0.005364386364817619
loss/val_lead_var/siconc/lead_04,15,1783258040.9920828,0.006325730122625828
loss/val_lead_var/siconc/lead_05,15,1783258041.0145063,0.007114117965102196
loss/val_lead_var/siconc/lead_06,15,1783258041.0405138,0.007768617942929268
loss/val_lead_var/siconc/lead_07,15,1783258041.0695336,0.008313131518661976
loss/val_lead_var/siconc/lead_08,15,1783258041.1005068,0.00876624695956707
loss/val_lead_var/sithick/lead_01,15,1783258041.1651318,0.00039472128264606
loss/val_lead_var/sithick/lead_02,15,1783258041.1936855,0.0006135846488177776
loss/val_lead_var/sithick/lead_03,15,1783258041.2245178,0.0007753273821435869
loss/val_lead_var/sithick/lead_04,15,1783258041.2743852,0.0009102687472477555
loss/val_lead_var/sithick/lead_05,15,1783258041.2983847,0.0010288304183632135
loss/val_lead_var/sithick/lead_06,15,1783258041.3179224,0.0011360254138708115
loss/val_lead_var/sithick/lead_07,15,1783258041.3350937,0.0012352485209703445
loss/val_lead_var/sithick/lead_08,15,1783258041.5750127,0.0013279201230034232
loss/val_lead_var/so/lead_01,15,1783258042.4960775,0.0002514549996703863
loss/val_lead_var/so/lead_02,15,1783258042.5326846,0.0004175693611614406
loss/val_lead_var/so/lead_03,15,1783258042.558231,0.0005592613015323877
loss/val_lead_var/so/lead_04,15,1783258042.5838504,0.0006873660022392869
loss/val_lead_var/so/lead_05,15,1783258042.6074338,0.0008050179458223283
loss/val_lead_var/so/lead_06,15,1783258042.640519,0.0009136869921348989
loss/val_lead_var/so/lead_07,15,1783258042.6709464,0.0010145767591893673
loss/val_lead_var/so/lead_08,15,1783258042.7034898,0.0011087084421887994
loss/val_lead_var/thetao/lead_01,15,1783258042.0003738,0.0009000987047329545
loss/val_lead_var/thetao/lead_02,15,1783258042.0365949,0.0015315054915845394
loss/val_lead_var/thetao/lead_03,15,1783258042.0692258,0.002093525603413582
loss/val_lead_var/thetao/lead_04,15,1783258042.104034,0.0026118410751223564
loss/val_lead_var/thetao/lead_05,15,1783258042.1433704,0.003093341365456581
loss/val_lead_var/thetao/lead_06,15,1783258042.180552,0.0035408546682447195
loss/val_lead_var/thetao/lead_07,15,1783258042.4211476,0.003956858068704605
loss/val_lead_var/thetao/lead_08,15,1783258042.447365,0.004345759283751249
loss/val_lead_var/uo/lead_01,15,1783258042.7671485,0.004122176673263311
loss/val_lead_var/uo/lead_02,15,1783258042.794528,0.005388349760323763
loss/val_lead_var/uo/lead_03,15,1783258042.8292372,0.006525933276861906
loss/val_lead_var/uo/lead_04,15,1783258042.8629768,0.007608218118548393
loss/val_lead_var/uo/lead_05,15,1783258042.9000144,0.008653962053358555
loss/val_lead_var/uo/lead_06,15,1783258042.9387913,0.009662097319960594
loss/val_lead_var/uo/lead_07,15,1783258042.991003,0.010619410313665867
loss/val_lead_var/uo/lead_08,15,1783258043.016694,0.011535114608705044
loss/val_lead_var/vo/lead_01,15,1783258043.0670304,0.004273287020623684
loss/val_lead_var/vo/lead_02,15,1783258043.0952482,0.005676154047250748
loss/val_lead_var/vo/lead_03,15,1783258043.1218207,0.006960979662835598
loss/val_lead_var/vo/lead_04,15,1783258043.1459758,0.008190415799617767
loss/val_lead_var/vo/lead_05,15,1783258043.1654544,0.00938685517758131
loss/val_lead_var/vo/lead_06,15,1783258043.1841366,0.010542229749262333
loss/val_lead_var/vo/lead_07,15,1783258043.2038367,0.01163511537015438
loss/val_lead_var/vo/lead_08,15,1783258043.2263718,0.012660169042646885
loss/val_lead_var/zos/lead_01,15,1783258041.660942,0.0015175298321992159
loss/val_lead_var/zos/lead_02,15,1783258041.7061183,0.002186545869335532
loss/val_lead_var/zos/lead_03,15,1783258041.745591,0.0026714138220995665
loss/val_lead_var/zos/lead_04,15,1783258041.7888536,0.003089429344981909
loss/val_lead_var/zos/lead_05,15,1783258041.840352,0.0034785179886966944
loss/val_lead_var/zos/lead_06,15,1783258041.8889227,0.0038363474886864424
loss/val_lead_var/zos/lead_07,15,1783258041.913437,0.004172800574451685
loss/val_lead_var/zos/lead_08,15,1783258041.940269,0.004494230262935162
loss/val_norm,15,1783258040.5239997,0.002353221643716097
loss/val_norm_lead/lead_01,15,1783258040.5240338,0.0009776584338396788
loss/val_norm_lead/lead_02,15,1783258040.5240464,0.0014680603053420782
loss/val_norm_lead/lead_03,15,1783258040.531144,0.001882293727248907
loss/val_norm_lead/lead_04,15,1783258040.5541527,0.0022563680540770292
loss/val_norm_lead/lead_05,15,1783258040.5835612,0.002602197928354144
loss/val_norm_lead/lead_06,15,1783258040.6149433,0.0029228213243186474
loss/val_norm_lead/lead_07,15,1783258040.6472986,0.003219879698008299
loss/val_norm_lead/lead_08,15,1783258040.6814616,0.0034964927472174168
loss/val_norm_lead_var/siconc/lead_01,15,1783258040.7261133,0.0025434119161218405
loss/val_norm_lead_var/siconc/lead_02,15,1783258040.7448912,0.004158585797995329
loss/val_norm_lead_var/siconc/lead_03,15,1783258040.9760594,0.005364386364817619
loss/val_norm_lead_var/siconc/lead_04,15,1783258041.0020034,0.006325730122625828
loss/val_norm_lead_var/siconc/lead_05,15,1783258041.02277,0.007114117965102196
loss/val_norm_lead_var/siconc/lead_06,15,1783258041.049546,0.007768617942929268
loss/val_norm_lead_var/siconc/lead_07,15,1783258041.0793588,0.008313131518661976
loss/val_norm_lead_var/siconc/lead_08,15,1783258041.1096396,0.00876624695956707
loss/val_norm_lead_var/sithick/lead_01,15,1783258041.1740046,0.00039472128264606
loss/val_norm_lead_var/sithick/lead_02,15,1783258041.2034633,0.0006135846488177776
loss/val_norm_lead_var/sithick/lead_03,15,1783258041.2340398,0.0007753273821435869
loss/val_norm_lead_var/sithick/lead_04,15,1783258041.2845309,0.0009102687472477555
loss/val_norm_lead_var/sithick/lead_05,15,1783258041.3047209,0.0010288304183632135
loss/val_norm_lead_var/sithick/lead_06,15,1783258041.323523,0.0011360254138708115
loss/val_norm_lead_var/sithick/lead_07,15,1783258041.5503535,0.0012352485209703445
loss/val_norm_lead_var/sithick/lead_08,15,1783258041.589582,0.0013279201230034232
loss/val_norm_lead_var/so/lead_01,15,1783258042.5080702,0.0002514549996703863
loss/val_norm_lead_var/so/lead_02,15,1783258042.5419922,0.0004175693611614406
loss/val_norm_lead_var/so/lead_03,15,1783258042.5644405,0.0005592613015323877
loss/val_norm_lead_var/so/lead_04,15,1783258042.5923042,0.0006873660022392869
loss/val_norm_lead_var/so/lead_05,15,1783258042.6175303,0.0008050179458223283
loss/val_norm_lead_var/so/lead_06,15,1783258042.6498344,0.0009136869921348989
loss/val_norm_lead_var/so/lead_07,15,1783258042.6800919,0.0010145767591893673
loss/val_norm_lead_var/so/lead_08,15,1783258042.716206,0.0011087084421887994
loss/val_norm_lead_var/thetao/lead_01,15,1783258042.0132873,0.0009000987047329545
loss/val_norm_lead_var/thetao/lead_02,15,1783258042.0473845,0.0015315054915845394
loss/val_norm_lead_var/thetao/lead_03,15,1783258042.0808706,0.002093525603413582
loss/val_norm_lead_var/thetao/lead_04,15,1783258042.1183736,0.0026118410751223564
loss/val_norm_lead_var/thetao/lead_05,15,1783258042.1556902,0.003093341365456581
loss/val_norm_lead_var/thetao/lead_06,15,1783258042.1930947,0.0035408546682447195
loss/val_norm_lead_var/thetao/lead_07,15,1783258042.4302812,0.003956858068704605
loss/val_norm_lead_var/thetao/lead_08,15,1783258042.4574237,0.004345759283751249
loss/val_norm_lead_var/uo/lead_01,15,1783258042.7766693,0.004122176673263311
loss/val_norm_lead_var/uo/lead_02,15,1783258042.805374,0.005388349760323763
loss/val_norm_lead_var/uo/lead_03,15,1783258042.8414953,0.006525933276861906
loss/val_norm_lead_var/uo/lead_04,15,1783258042.8758383,0.007608218118548393
loss/val_norm_lead_var/uo/lead_05,15,1783258042.912948,0.008653962053358555
loss/val_norm_lead_var/uo/lead_06,15,1783258042.9518778,0.009662097319960594
loss/val_norm_lead_var/uo/lead_07,15,1783258042.9997568,0.010619410313665867
loss/val_norm_lead_var/uo/lead_08,15,1783258043.0221415,0.011535114608705044
loss/val_norm_lead_var/vo/lead_01,15,1783258043.0759478,0.004273287020623684
loss/val_norm_lead_var/vo/lead_02,15,1783258043.104731,0.005676154047250748
loss/val_norm_lead_var/vo/lead_03,15,1783258043.1289685,0.006960979662835598
loss/val_norm_lead_var/vo/lead_04,15,1783258043.1525886,0.008190415799617767
loss/val_norm_lead_var/vo/lead_05,15,1783258043.1725175,0.00938685517758131
loss/val_norm_lead_var/vo/lead_06,15,1783258043.1901894,0.010542229749262333
loss/val_norm_lead_var/vo/lead_07,15,1783258043.2109747,0.01163511537015438
loss/val_norm_lead_var/vo/lead_08,15,1783258043.2328768,0.012660169042646885
loss/val_norm_lead_var/zos/lead_01,15,1783258041.6760137,0.0015175298321992159
loss/val_norm_lead_var/zos/lead_02,15,1783258041.7199912,0.002186545869335532
loss/val_norm_lead_var/zos/lead_03,15,1783258041.7590046,0.0026714138220995665
loss/val_norm_lead_var/zos/lead_04,15,1783258041.8055124,0.003089429344981909
loss/val_norm_lead_var/zos/lead_05,15,1783258041.8559737,0.0034785179886966944
loss/val_norm_lead_var/zos/lead_06,15,1783258041.8978205,0.0038363474886864424
loss/val_norm_lead_var/zos/lead_07,15,1783258041.9234807,0.004172800574451685
loss/val_norm_lead_var/zos/lead_08,15,1783258041.9492645,0.004494230262935162
loss/val_norm_var/siconc,15,1783258040.7097836,0.0062942784279584885
loss/val_norm_var/sithick,15,1783258041.1419263,0.0009277408244088292
loss/val_norm_var/so,15,1783258042.4797177,0.0007197052473202348
loss/val_norm_var/thetao,15,1783258041.9800742,0.0027592231053858995
loss/val_norm_var/uo,15,1783258042.7516954,0.008014407940208912
loss/val_norm_var/vo,15,1783258043.0487413,0.008665651082992554
loss/val_norm_var/zos,15,1783258041.6319737,0.0031808519270271063
loss/val_var/siconc,15,1783258040.703402,0.0062942784279584885
loss/val_var/sithick,15,1783258041.129935,0.0009277408244088292
loss/val_var/so,15,1783258042.4727123,0.0007197052473202348
loss/val_var/thetao,15,1783258041.9709299,0.0027592231053858995
loss/val_var/uo,15,1783258042.739676,0.008014407940208912
loss/val_var/vo,15,1783258043.0385344,0.008665651082992554
loss/val_var/zos,15,1783258041.6171606,0.0031808519270271063
loss/train,16,1783260141.6392512,0.002124279271811247
loss/train,17,1783262245.186192,0.002121505094692111
loss/train,18,1783264344.9162378,0.002118824515491724
loss/train,19,1783266464.849415,0.0021191630512475967
loss/ema_val,20,1783268972.424449,0.0023124958388507366
loss/ema_val_denorm,20,1783268972.424454,0.03464144468307495
loss/train,20,1783268565.453015,0.0021172615233808756
loss/val,20,1783268972.4243972,0.002364801475778222
loss/val_denorm,20,1783268972.424444,0.035347022116184235
loss/val_denorm_lead/lead_01,20,1783268972.424468,0.01240451168268919
loss/val_denorm_lead/lead_02,20,1783268972.4244804,0.020429769530892372
loss/val_denorm_lead/lead_03,20,1783268972.4356742,0.02735579013824463
loss/val_denorm_lead/lead_04,20,1783268972.448034,0.03366810083389282
loss/val_denorm_lead/lead_05,20,1783268972.464007,0.03949965909123421
loss/val_denorm_lead/lead_06,20,1783268972.4800847,0.04490097612142563
loss/val_denorm_lead/lead_07,20,1783268972.5150938,0.04991894215345383
loss/val_denorm_lead/lead_08,20,1783268972.533337,0.05459841340780258
loss/val_denorm_lead_var/siconc/lead_01,20,1783268972.7699914,0.0025208808947354555
loss/val_denorm_lead_var/siconc/lead_02,20,1783268972.7829862,0.004137611947953701
loss/val_denorm_lead_var/siconc/lead_03,20,1783268972.7961333,0.005349790211766958
loss/val_denorm_lead_var/siconc/lead_04,20,1783268972.8093526,0.006319972220808268
loss/val_denorm_lead_var/siconc/lead_05,20,1783268972.8274868,0.007121926639229059
loss/val_denorm_lead_var/siconc/lead_06,20,1783268972.8422887,0.00779381487518549
loss/val_denorm_lead_var/siconc/lead_07,20,1783268972.8579502,0.008357998915016651
loss/val_denorm_lead_var/siconc/lead_08,20,1783268972.8727844,0.008833450265228748
loss/val_denorm_lead_var/sithick/lead_01,20,1783268972.910539,0.003050713799893856
loss/val_denorm_lead_var/sithick/lead_02,20,1783268972.9289296,0.0048023187555372715
loss/val_denorm_lead_var/sithick/lead_03,20,1783268972.9441743,0.0061264242976903915
loss/val_denorm_lead_var/sithick/lead_04,20,1783268972.9584699,0.007253361865878105
loss/val_denorm_lead_var/sithick/lead_05,20,1783268972.9735417,0.008264733478426933
loss/val_denorm_lead_var/sithick/lead_06,20,1783268972.9915342,0.009193581528961658
loss/val_denorm_lead_var/sithick/lead_07,20,1783268973.009196,0.010064969770610332
loss/val_denorm_lead_var/sithick/lead_08,20,1783268973.0335248,0.010888120159506798
loss/val_denorm_lead_var/so/lead_01,20,1783268973.391086,0.008064348250627518
loss/val_denorm_lead_var/so/lead_02,20,1783268973.409548,0.013313231989741325
loss/val_denorm_lead_var/so/lead_03,20,1783268973.4273953,0.01771770790219307
loss/val_denorm_lead_var/so/lead_04,20,1783268973.4464822,0.021661685779690742
loss/val_denorm_lead_var/so/lead_05,20,1783268973.864671,0.025265226140618324
loss/val_denorm_lead_var/so/lead_06,20,1783268974.0802906,0.02858397550880909
loss/val_denorm_lead_var/so/lead_07,20,1783268974.0936964,0.031657807528972626
loss/val_denorm_lead_var/so/lead_08,20,1783268974.108113,0.034519486129283905
loss/val_denorm_lead_var/thetao/lead_01,20,1783268973.2215416,0.03028065152466297
loss/val_denorm_lead_var/thetao/lead_02,20,1783268973.241088,0.05147003009915352
loss/val_denorm_lead_var/thetao/lead_03,20,1783268973.2593548,0.07018259167671204
loss/val_denorm_lead_var/thetao/lead_04,20,1783268973.2776318,0.08741907775402069
loss/val_denorm_lead_var/thetao/lead_05,20,1783268973.2948053,0.10341297090053558
loss/val_denorm_lead_var/thetao/lead_06,20,1783268973.3098452,0.11825647950172424
loss/val_denorm_lead_var/thetao/lead_07,20,1783268973.325595,0.1320507973432541
loss/val_denorm_lead_var/thetao/lead_08,20,1783268973.341557,0.14491009712219238
loss/val_denorm_lead_var/uo/lead_01,20,1783268974.1359947,0.008571653626859188
loss/val_denorm_lead_var/uo/lead_02,20,1783268974.1506875,0.010971056297421455
loss/val_denorm_lead_var/uo/lead_03,20,1783268974.1639898,0.013109052553772926
loss/val_denorm_lead_var/uo/lead_04,20,1783268974.177844,0.015142426826059818
loss/val_denorm_lead_var/uo/lead_05,20,1783268974.1921887,0.017102058976888657
loss/val_denorm_lead_var/uo/lead_06,20,1783268974.206013,0.018984543159604073
loss/val_denorm_lead_var/uo/lead_07,20,1783268974.2202578,0.02078019268810749
loss/val_denorm_lead_var/uo/lead_08,20,1783268974.234396,0.02249109372496605
loss/val_denorm_lead_var/vo/lead_01,20,1783268974.2614172,0.008560463786125183
loss/val_denorm_lead_var/vo/lead_02,20,1783268974.2735012,0.011243223212659359
loss/val_denorm_lead_var/vo/lead_03,20,1783268974.2848358,0.013686257414519787
loss/val_denorm_lead_var/vo/lead_04,20,1783268974.292729,0.016028951853513718
loss/val_denorm_lead_var/vo/lead_05,20,1783268974.3005557,0.01829972304403782
loss/val_denorm_lead_var/vo/lead_06,20,1783268974.3089893,0.020478177815675735
loss/val_denorm_lead_var/vo/lead_07,20,1783268974.5270793,0.022531619295477867
loss/val_denorm_lead_var/vo/lead_08,20,1783268974.5469642,0.02447231113910675
loss/val_denorm_lead_var/zos/lead_01,20,1783268973.0653644,0.0059305643662810326
loss/val_denorm_lead_var/zos/lead_02,20,1783268973.0847523,0.008534030988812447
loss/val_denorm_lead_var/zos/lead_03,20,1783268973.1039932,0.010441017337143421
loss/val_denorm_lead_var/zos/lead_04,20,1783268973.1217582,0.012102575041353703
loss/val_denorm_lead_var/zos/lead_05,20,1783268973.1370447,0.013648255728185177
loss/val_denorm_lead_var/zos/lead_06,20,1783268973.1525893,0.015070107765495777
loss/val_denorm_lead_var/zos/lead_07,20,1783268973.1675608,0.016417011618614197
loss/val_denorm_lead_var/zos/lead_08,20,1783268973.1825712,0.0176983755081892
loss/val_denorm_var/siconc,20,1783268972.5526283,0.006304430775344372
loss/val_denorm_var/sithick,20,1783268972.8912055,0.0074555277824401855
loss/val_denorm_var/so,20,1783268973.3581862,0.022597933188080788
loss/val_denorm_var/thetao,20,1783268973.201276,0.09224783629179001
loss/val_denorm_var/uo,20,1783268974.123043,0.015894008800387383
loss/val_denorm_var/vo,20,1783268974.249079,0.016912590712308884
loss/val_denorm_var/zos,20,1783268973.0491693,0.012480242177844048
loss/val_lead/lead_01,20,1783268972.4244587,0.000977959018200636
loss/val_lead/lead_02,20,1783268972.424472,0.0014700236497446895
loss/val_lead/lead_03,20,1783268972.424844,0.0018875027308240533
loss/val_lead/lead_04,20,1783268972.4391043,0.0022654454223811626
loss/val_lead/lead_05,20,1783268972.4536748,0.0026153146754950285
loss/val_lead/lead_06,20,1783268972.4686646,0.0029397241305559874
loss/val_lead/lead_07,20,1783268972.486155,0.0032408679835498333
loss/val_lead/lead_08,20,1783268972.5205314,0.003521574195474386
loss/val_lead_var/siconc/lead_01,20,1783268972.7594974,0.002520878566429019
loss/val_lead_var/siconc/lead_02,20,1783268972.7739658,0.004137607757002115
loss/val_lead_var/siconc/lead_03,20,1783268972.787385,0.005349785089492798
loss/val_lead_var/siconc/lead_04,20,1783268972.800239,0.006319966167211533
loss/val_lead_var/siconc/lead_05,20,1783268972.8152854,0.007121919188648462
loss/val_lead_var/siconc/lead_06,20,1783268972.8329444,0.007793807424604893
loss/val_lead_var/siconc/lead_07,20,1783268972.8481295,0.00835799053311348
loss/val_lead_var/siconc/lead_08,20,1783268972.8629873,0.008833441883325577
loss/val_lead_var/sithick/lead_01,20,1783268972.8979847,0.0004002670757472515
loss/val_lead_var/sithick/lead_02,20,1783268972.9163516,0.0006300853565335274
loss/val_lead_var/sithick/lead_03,20,1783268972.9340484,0.0008038138039410114
loss/val_lead_var/sithick/lead_04,20,1783268972.9489064,0.0009516730206087232
loss/val_lead_var/sithick/lead_05,20,1783268972.9631798,0.0010843693744391203
loss/val_lead_var/sithick/lead_06,20,1783268972.9792702,0.0012062382884323597
loss/val_lead_var/sithick/lead_07,20,1783268972.9977891,0.0013205682625994086
loss/val_lead_var/sithick/lead_08,20,1783268973.0150118,0.0014285693177953362
loss/val_lead_var/so/lead_01,20,1783268973.3791368,0.00025112932780757546
loss/val_lead_var/so/lead_02,20,1783268973.397844,0.00041689793579280376
loss/val_lead_var/so/lead_03,20,1783268973.4154255,0.0005582910962402821
loss/val_lead_var/so/lead_04,20,1783268973.43398,0.0006861300207674503
loss/val_lead_var/so/lead_05,20,1783268973.6537592,0.0008035965147428215
loss/val_lead_var/so/lead_06,20,1783268973.8693538,0.0009121558396145701
loss/val_lead_var/so/lead_07,20,1783268974.084941,0.0010129257570952177
loss/val_lead_var/so/lead_08,20,1783268974.0984166,0.0011068988824263215
loss/val_lead_var/thetao/lead_01,20,1783268973.2084444,0.000902351166587323
loss/val_lead_var/thetao/lead_02,20,1783268973.2278812,0.0015378670068457723
loss/val_lead_var/thetao/lead_03,20,1783268973.248242,0.0021025200840085745
loss/val_lead_var/thetao/lead_04,20,1783268973.2657125,0.0026245503686368465
loss/val_lead_var/thetao/lead_05,20,1783268973.2829564,0.003110285382717848
loss/val_lead_var/thetao/lead_06,20,1783268973.300038,0.003562063677236438
loss/val_lead_var/thetao/lead_07,20,1783268973.3153763,0.003982697147876024
loss/val_lead_var/thetao/lead_08,20,1783268973.330344,0.004375539720058441
loss/val_lead_var/uo/lead_01,20,1783268974.127639,0.004138553980737925
loss/val_lead_var/uo/lead_02,20,1783268974.1406324,0.005405431147664785
loss/val_lead_var/uo/lead_03,20,1783268974.1558993,0.006558442022651434
loss/val_lead_var/uo/lead_04,20,1783268974.1684334,0.007650063373148441
loss/val_lead_var/uo/lead_05,20,1783268974.1823018,0.008701981045305729
loss/val_lead_var/uo/lead_06,20,1783268974.1969292,0.009712669998407364
loss/val_lead_var/uo/lead_07,20,1783268974.2110193,0.010674123652279377
loss/val_lead_var/uo/lead_08,20,1783268974.2248116,0.011590695008635521
loss/val_lead_var/vo/lead_01,20,1783268974.253156,0.004248775541782379
loss/val_lead_var/vo/lead_02,20,1783268974.265524,0.005642467178404331
loss/val_lead_var/vo/lead_03,20,1783268974.2773843,0.006930677220225334
loss/val_lead_var/vo/lead_04,20,1783268974.2875714,0.008167586289346218
loss/val_lead_var/vo/lead_05,20,1783268974.2954867,0.009369200095534325
loss/val_lead_var/vo/lead_06,20,1783268974.3035417,0.010523137636482716
loss/val_lead_var/vo/lead_07,20,1783268974.3130455,0.011611499823629856
loss/val_lead_var/vo/lead_08,20,1783268974.5337563,0.012638997286558151
loss/val_lead_var/zos/lead_01,20,1783268973.0544138,0.0015295521588996053
loss/val_lead_var/zos/lead_02,20,1783268973.071145,0.002201012335717678
loss/val_lead_var/zos/lead_03,20,1783268973.0906813,0.002692843321710825
loss/val_lead_var/zos/lead_04,20,1783268973.1104329,0.0031213758047670126
loss/val_lead_var/zos/lead_05,20,1783268973.127021,0.003520022379234433
loss/val_lead_var/zos/lead_06,20,1783268973.1425345,0.0038867322728037834
loss/val_lead_var/zos/lead_07,20,1783268973.1569393,0.004234112333506346
loss/val_lead_var/zos/lead_08,20,1783268973.1721356,0.004564588889479637
loss/val_norm,20,1783268972.4244363,0.002364801475778222
loss/val_norm_lead/lead_01,20,1783268972.424463,0.000977959018200636
loss/val_norm_lead/lead_02,20,1783268972.4244764,0.0014700236497446895
loss/val_norm_lead/lead_03,20,1783268972.4306936,0.0018875027308240533
loss/val_norm_lead/lead_04,20,1783268972.4434686,0.0022654454223811626
loss/val_norm_lead/lead_05,20,1783268972.4591029,0.0026153146754950285
loss/val_norm_lead/lead_06,20,1783268972.4743464,0.0029397241305559874
loss/val_norm_lead/lead_07,20,1783268972.5096743,0.0032408679835498333
loss/val_norm_lead/lead_08,20,1783268972.5270216,0.003521574195474386
loss/val_norm_lead_var/siconc/lead_01,20,1783268972.7648199,0.002520878566429019
loss/val_norm_lead_var/siconc/lead_02,20,1783268972.7782843,0.004137607757002115
loss/val_norm_lead_var/siconc/lead_03,20,1783268972.7920063,0.005349785089492798
loss/val_norm_lead_var/siconc/lead_04,20,1783268972.8045442,0.006319966167211533
loss/val_norm_lead_var/siconc/lead_05,20,1783268972.8213394,0.007121919188648462
loss/val_norm_lead_var/siconc/lead_06,20,1783268972.8372931,0.007793807424604893
loss/val_norm_lead_var/siconc/lead_07,20,1783268972.853085,0.00835799053311348
loss/val_norm_lead_var/siconc/lead_08,20,1783268972.8679416,0.008833441883325577
loss/val_norm_lead_var/sithick/lead_01,20,1783268972.90459,0.0004002670757472515
loss/val_norm_lead_var/sithick/lead_02,20,1783268972.9223866,0.0006300853565335274
loss/val_norm_lead_var/sithick/lead_03,20,1783268972.9395883,0.0008038138039410114
loss/val_norm_lead_var/sithick/lead_04,20,1783268972.9534733,0.0009516730206087232
loss/val_norm_lead_var/sithick/lead_05,20,1783268972.9683814,0.0010843693744391203
loss/val_norm_lead_var/sithick/lead_06,20,1783268972.9851627,0.0012062382884323597
loss/val_norm_lead_var/sithick/lead_07,20,1783268973.003335,0.0013205682625994086
loss/val_norm_lead_var/sithick/lead_08,20,1783268973.0204995,0.0014285693177953362
loss/val_norm_lead_var/so/lead_01,20,1783268973.3854856,0.00025112932780757546
loss/val_norm_lead_var/so/lead_02,20,1783268973.4040906,0.00041689793579280376
loss/val_norm_lead_var/so/lead_03,20,1783268973.421414,0.0005582910962402821
loss/val_norm_lead_var/so/lead_04,20,1783268973.4409213,0.0006861300207674503
loss/val_norm_lead_var/so/lead_05,20,1783268973.6584044,0.0008035965147428215
loss/val_norm_lead_var/so/lead_06,20,1783268974.0755422,0.0009121558396145701
loss/val_norm_lead_var/so/lead_07,20,1783268974.089363,0.0010129257570952177
loss/val_norm_lead_var/so/lead_08,20,1783268974.103567,0.0011068988824263215
loss/val_norm_lead_var/thetao/lead_01,20,1783268973.214794,0.000902351166587323
loss/val_norm_lead_var/thetao/lead_02,20,1783268973.234315,0.0015378670068457723
loss/val_norm_lead_var/thetao/lead_03,20,1783268973.254103,0.0021025200840085745
loss/val_norm_lead_var/thetao/lead_04,20,1783268973.271899,0.0026245503686368465
loss/val_norm_lead_var/thetao/lead_05,20,1783268973.2886794,0.003110285382717848
loss/val_norm_lead_var/thetao/lead_06,20,1783268973.3048368,0.003562063677236438
loss/val_norm_lead_var/thetao/lead_07,20,1783268973.3204875,0.003982697147876024
loss/val_norm_lead_var/thetao/lead_08,20,1783268973.3360791,0.004375539720058441
loss/val_norm_lead_var/uo/lead_01,20,1783268974.1318467,0.004138553980737925
loss/val_norm_lead_var/uo/lead_02,20,1783268974.1454465,0.005405431147664785
loss/val_norm_lead_var/uo/lead_03,20,1783268974.1601706,0.006558442022651434
loss/val_norm_lead_var/uo/lead_04,20,1783268974.1732452,0.007650063373148441
loss/val_norm_lead_var/uo/lead_05,20,1783268974.1873152,0.008701981045305729
loss/val_norm_lead_var/uo/lead_06,20,1783268974.201527,0.009712669998407364
loss/val_norm_lead_var/uo/lead_07,20,1783268974.2153997,0.010674123652279377
loss/val_norm_lead_var/uo/lead_08,20,1783268974.22944,0.011590695008635521
loss/val_norm_lead_var/vo/lead_01,20,1783268974.2573943,0.004248775541782379
loss/val_norm_lead_var/vo/lead_02,20,1783268974.269527,0.005642467178404331
loss/val_norm_lead_var/vo/lead_03,20,1783268974.2816195,0.006930677220225334
loss/val_norm_lead_var/vo/lead_04,20,1783268974.290119,0.008167586289346218
loss/val_norm_lead_var/vo/lead_05,20,1783268974.2980428,0.009369200095534325
loss/val_norm_lead_var/vo/lead_06,20,1783268974.3057737,0.010523137636482716
loss/val_norm_lead_var/vo/lead_07,20,1783268974.5198205,0.011611499823629856
loss/val_norm_lead_var/vo/lead_08,20,1783268974.540103,0.012638997286558151
loss/val_norm_lead_var/zos/lead_01,20,1783268973.0598605,0.0015295521588996053
loss/val_norm_lead_var/zos/lead_02,20,1783268973.077544,0.002201012335717678
loss/val_norm_lead_var/zos/lead_03,20,1783268973.0975227,0.002692843321710825
loss/val_norm_lead_var/zos/lead_04,20,1783268973.1163821,0.0031213758047670126
loss/val_norm_lead_var/zos/lead_05,20,1783268973.1320066,0.003520022379234433
loss/val_norm_lead_var/zos/lead_06,20,1783268973.147982,0.0038867322728037834
loss/val_norm_lead_var/zos/lead_07,20,1783268973.1620715,0.004234112333506346
loss/val_norm_lead_var/zos/lead_08,20,1783268973.176342,0.004564588889479637
loss/val_norm_var/siconc,20,1783268972.545994,0.006304424721747637
loss/val_norm_var/sithick,20,1783268972.884531,0.0009781980188563466
loss/val_norm_var/so,20,1783268973.353107,0.0007185031427070498
loss/val_norm_var/thetao,20,1783268973.1948254,0.0027747342828661203
loss/val_norm_var/uo,20,1783268974.118005,0.008053994737565517
loss/val_norm_var/vo,20,1783268974.2447276,0.008641542866826057
loss/val_norm_var/zos,20,1783268973.0438242,0.003218779806047678
loss/val_var/siconc,20,1783268972.5397072,0.006304424721747637
loss/val_var/sithick,20,1783268972.8781905,0.0009781980188563466
loss/val_var/so,20,1783268973.3472311,0.0007185031427070498
loss/val_var/thetao,20,1783268973.18855,0.0027747342828661203
loss/val_var/uo,20,1783268974.1130285,0.008053994737565517
loss/val_var/vo,20,1783268974.239678,0.008641542866826057
loss/val_var/zos,20,1783268973.0385509,0.003218779806047678
loss/train,21,1783271078.1546438,0.002120106015354395
loss/train,22,1783273189.9296672,0.002110547386109829
loss/train,23,1783275302.4852283,0.0021131853573024273
loss/train,24,1783277412.2835004,0.0021108342334628105
loss/ema_val,25,1783279922.7110953,0.002309846691787243
loss/ema_val_denorm,25,1783279922.7111,0.03459397330880165
loss/train,25,1783279523.355965,0.0021103329490870237
loss/val,25,1783279922.7110453,0.0023608936462551355
loss/val_denorm,25,1783279922.7110903,0.03524082526564598
loss/val_denorm_lead/lead_01,25,1783279922.7111132,0.012397066690027714
loss/val_denorm_lead/lead_02,25,1783279922.7111268,0.020394302904605865
loss/val_denorm_lead/lead_03,25,1783279922.7217896,0.0272869560867548
loss/val_denorm_lead/lead_04,25,1783279922.735907,0.03355540335178375
loss/val_denorm_lead/lead_05,25,1783279922.7496278,0.03935759514570236
loss/val_denorm_lead/lead_06,25,1783279922.7671795,0.04474462568759918
loss/val_denorm_lead/lead_07,25,1783279922.7834084,0.04975403845310211
loss/val_denorm_lead/lead_08,25,1783279922.8015695,0.05443660914897919
loss/val_denorm_lead_var/siconc/lead_01,25,1783279922.8362744,0.0025556597393006086
loss/val_denorm_lead_var/siconc/lead_02,25,1783279922.8595264,0.004178115166723728
loss/val_denorm_lead_var/siconc/lead_03,25,1783279922.8853364,0.005387626588344574
loss/val_denorm_lead_var/siconc/lead_04,25,1783279922.902412,0.006351326126605272
loss/val_denorm_lead_var/siconc/lead_05,25,1783279922.9136853,0.007143330294638872
loss/val_denorm_lead_var/siconc/lead_06,25,1783279922.9235318,0.007801210042089224
loss/val_denorm_lead_var/siconc/lead_07,25,1783279922.940038,0.008350425399839878
loss/val_denorm_lead_var/siconc/lead_08,25,1783279922.9580283,0.008809305727481842
loss/val_denorm_lead_var/sithick/lead_01,25,1783279922.9914181,0.0030457349494099617
loss/val_denorm_lead_var/sithick/lead_02,25,1783279923.0147412,0.004749133717268705
loss/val_denorm_lead_var/sithick/lead_03,25,1783279923.0367577,0.006014164071530104
loss/val_denorm_lead_var/sithick/lead_04,25,1783279923.0607176,0.007076561450958252
loss/val_denorm_lead_var/sithick/lead_05,25,1783279923.0775285,0.00801450852304697
loss/val_denorm_lead_var/sithick/lead_06,25,1783279923.091026,0.008863498456776142
loss/val_denorm_lead_var/sithick/lead_07,25,1783279923.1104383,0.009651447646319866
loss/val_denorm_lead_var/sithick/lead_08,25,1783279923.1352296,0.010390407405793667
loss/val_denorm_lead_var/so/lead_01,25,1783279923.8618267,0.008064556866884232
loss/val_denorm_lead_var/so/lead_02,25,1783279923.8810558,0.013302207924425602
loss/val_denorm_lead_var/so/lead_03,25,1783279924.102676,0.01769554615020752
loss/val_denorm_lead_var/so/lead_04,25,1783279924.1212761,0.02163669466972351
loss/val_denorm_lead_var/so/lead_05,25,1783279924.1499188,0.025241339579224586
loss/val_denorm_lead_var/so/lead_06,25,1783279924.1958013,0.02856277860701084
loss/val_denorm_lead_var/so/lead_07,25,1783279924.222291,0.031640227884054184
loss/val_denorm_lead_var/so/lead_08,25,1783279924.2525268,0.03450784459710121
loss/val_denorm_lead_var/thetao/lead_01,25,1783279923.7305567,0.03022933006286621
loss/val_denorm_lead_var/thetao/lead_02,25,1783279923.740501,0.05134031921625137
loss/val_denorm_lead_var/thetao/lead_03,25,1783279923.74944,0.06995813548564911
loss/val_denorm_lead_var/thetao/lead_04,25,1783279923.7604988,0.08704454451799393
loss/val_denorm_lead_var/thetao/lead_05,25,1783279923.7745564,0.10294383764266968
loss/val_denorm_lead_var/thetao/lead_06,25,1783279923.786148,0.11775796115398407
loss/val_denorm_lead_var/thetao/lead_07,25,1783279923.8029613,0.13154801726341248
loss/val_denorm_lead_var/thetao/lead_08,25,1783279923.8257544,0.1444462388753891
loss/val_denorm_lead_var/uo/lead_01,25,1783279924.3018894,0.008541852235794067
loss/val_denorm_lead_var/uo/lead_02,25,1783279924.3209355,0.010935301892459393
loss/val_denorm_lead_var/uo/lead_03,25,1783279924.3483968,0.013070868328213692
loss/val_denorm_lead_var/uo/lead_04,25,1783279924.3649745,0.015093905851244926
loss/val_denorm_lead_var/uo/lead_05,25,1783279924.3791149,0.017035163938999176
loss/val_denorm_lead_var/uo/lead_06,25,1783279924.3920357,0.01890898123383522
loss/val_denorm_lead_var/uo/lead_07,25,1783279924.4053113,0.020708704367280006
loss/val_denorm_lead_var/uo/lead_08,25,1783279924.4263773,0.022435402497649193
loss/val_denorm_lead_var/vo/lead_01,25,1783279924.4420753,0.008652551099658012
loss/val_denorm_lead_var/vo/lead_02,25,1783279924.4536152,0.011303476989269257
loss/val_denorm_lead_var/vo/lead_03,25,1783279924.4708488,0.013728468678891659
loss/val_denorm_lead_var/vo/lead_04,25,1783279924.484395,0.016075432300567627
loss/val_denorm_lead_var/vo/lead_05,25,1783279924.4960256,0.01837119646370411
loss/val_denorm_lead_var/vo/lead_06,25,1783279924.5069294,0.020557142794132233
loss/val_denorm_lead_var/vo/lead_07,25,1783279924.5391536,0.022609293460845947
loss/val_denorm_lead_var/vo/lead_08,25,1783279924.5603745,0.024542858824133873
loss/val_denorm_lead_var/zos/lead_01,25,1783279923.1786833,0.005935464520007372
loss/val_denorm_lead_var/zos/lead_02,25,1783279923.2025306,0.008559116162359715
loss/val_denorm_lead_var/zos/lead_03,25,1783279923.4230015,0.01047211792320013
loss/val_denorm_lead_var/zos/lead_04,25,1783279923.4490833,0.012118499726057053
loss/val_denorm_lead_var/zos/lead_05,25,1783279923.4626703,0.013651341199874878
loss/val_denorm_lead_var/zos/lead_06,25,1783279923.4778645,0.015065009705722332
loss/val_denorm_lead_var/zos/lead_07,25,1783279923.4925585,0.016398757696151733
loss/val_denorm_lead_var/zos/lead_08,25,1783279923.5083213,0.017672762274742126
loss/val_denorm_var/siconc,25,1783279922.8178713,0.006322124972939491
loss/val_denorm_var/sithick,25,1783279922.972372,0.0072256820276379585
loss/val_denorm_var/so,25,1783279923.843681,0.022581400349736214
loss/val_denorm_var/thetao,25,1783279923.7216,0.0919085443019867
loss/val_denorm_var/uo,25,1783279924.2788408,0.015841271728277206
loss/val_denorm_var/vo,25,1783279924.434038,0.01698005199432373
loss/val_denorm_var/zos,25,1783279923.1572506,0.012484133243560791
loss/val_lead/lead_01,25,1783279922.7111044,0.0009810396004468203
loss/val_lead/lead_02,25,1783279922.711118,0.0014717024751007557
loss/val_lead/lead_03,25,1783279922.711553,0.0018869148334488273
loss/val_lead/lead_04,25,1783279922.726998,0.0022621983662247658
loss/val_lead/lead_05,25,1783279922.7403,0.0026100166141986847
loss/val_lead/lead_06,25,1783279922.7550223,0.0029324672650545835
loss/val_lead/lead_07,25,1783279922.7723799,0.003231731941923499
loss/val_lead/lead_08,25,1783279922.7892535,0.0035110791213810444
loss/val_lead_var/siconc/lead_01,25,1783279922.82343,0.0025556571781635284
loss/val_lead_var/siconc/lead_02,25,1783279922.8441458,0.004178110975772142
loss/val_lead_var/siconc/lead_03,25,1783279922.8680034,0.005387621000409126
loss/val_lead_var/siconc/lead_04,25,1783279922.8933113,0.006351320073008537
loss/val_lead_var/siconc/lead_05,25,1783279922.9062934,0.0071433233097195625
loss/val_lead_var/siconc/lead_06,25,1783279922.9168434,0.00780120212584734
loss/val_lead_var/siconc/lead_07,25,1783279922.9295104,0.008350417017936707
loss/val_lead_var/siconc/lead_08,25,1783279922.9446735,0.008809296414256096
loss/val_lead_var/sithick/lead_01,25,1783279922.9781575,0.0003996138402726501
loss/val_lead_var/sithick/lead_02,25,1783279922.99973,0.0006231072475202382
loss/val_lead_var/sithick/lead_03,25,1783279923.0216215,0.0007890848210081458
loss/val_lead_var/sithick/lead_04,25,1783279923.0455112,0.0009284759871661663
loss/val_lead_var/sithick/lead_05,25,1783279923.0648425,0.001051538740284741
loss/val_lead_var/sithick/lead_06,25,1783279923.081862,0.0011629300424829125
loss/val_lead_var/sithick/lead_07,25,1783279923.096747,0.0012663123197853565
loss/val_lead_var/sithick/lead_08,25,1783279923.1190808,0.0013632671907544136
loss/val_lead_var/so/lead_01,25,1783279923.8494134,0.0002511620696168393
loss/val_lead_var/so/lead_02,25,1783279923.868482,0.00041668248013593256
loss/val_lead_var/so/lead_03,25,1783279923.8876088,0.0005577964475378394
loss/val_lead_var/so/lead_04,25,1783279924.1089413,0.0006855606334283948
loss/val_lead_var/so/lead_05,25,1783279924.1304278,0.0008030717726796865
loss/val_lead_var/so/lead_06,25,1783279924.176541,0.0009117426816374063
loss/val_lead_var/so/lead_07,25,1783279924.2048006,0.0010126580018550158
loss/val_lead_var/so/lead_08,25,1783279924.232857,0.0011068524327129126
loss/val_lead_var/thetao/lead_01,25,1783279923.724691,0.0009011179790832102
loss/val_lead_var/thetao/lead_02,25,1783279923.7350025,0.0015344758285209537
loss/val_lead_var/thetao/lead_03,25,1783279923.743266,0.0020962918642908335
loss/val_lead_var/thetao/lead_04,25,1783279923.7532885,0.0026137931272387505
loss/val_lead_var/thetao/lead_05,25,1783279923.7667646,0.003096661763265729
loss/val_lead_var/thetao/lead_06,25,1783279923.77807,0.0035474991891533136
loss/val_lead_var/thetao/lead_07,25,1783279923.7919014,0.003967838827520609
loss/val_lead_var/thetao/lead_08,25,1783279923.8097186,0.004361659288406372
loss/val_lead_var/uo/lead_01,25,1783279924.2885284,0.004128632135689259
loss/val_lead_var/uo/lead_02,25,1783279924.3085864,0.005389327183365822
loss/val_lead_var/uo/lead_03,25,1783279924.3279898,0.00653495779260993
loss/val_lead_var/uo/lead_04,25,1783279924.35456,0.007622389122843742
loss/val_lead_var/uo/lead_05,25,1783279924.3698895,0.008670199662446976
loss/val_lead_var/uo/lead_06,25,1783279924.3833005,0.009679188951849937
loss/val_lead_var/uo/lead_07,25,1783279924.3964813,0.01064362283796072
loss/val_lead_var/uo/lead_08,25,1783279924.4140716,0.011569108814001083
loss/val_lead_var/vo/lead_01,25,1783279924.4366884,0.0042954012751579285
loss/val_lead_var/vo/lead_02,25,1783279924.4451473,0.005677522625774145
loss/val_lead_var/vo/lead_03,25,1783279924.4601371,0.006957199890166521
loss/val_lead_var/vo/lead_04,25,1783279924.4740202,0.008193806745111942
loss/val_lead_var/vo/lead_05,25,1783279924.4882042,0.009403501637279987
loss/val_lead_var/vo/lead_06,25,1783279924.4995177,0.010558746755123138
loss/val_lead_var/vo/lead_07,25,1783279924.5132446,0.011645689606666565
loss/val_lead_var/vo/lead_08,25,1783279924.5450618,0.012669467367231846
loss/val_lead_var/zos/lead_01,25,1783279923.1639996,0.0015308159636333585
loss/val_lead_var/zos/lead_02,25,1783279923.1866698,0.002207482233643532
loss/val_lead_var/zos/lead_03,25,1783279923.4110324,0.0027008643373847008
loss/val_lead_var/zos/lead_04,25,1783279923.4271395,0.003125482937321067
loss/val_lead_var/zos/lead_05,25,1783279923.4531782,0.0035208179615437984
loss/val_lead_var/zos/lead_06,25,1783279923.4678197,0.0038854172453284264
loss/val_lead_var/zos/lead_07,25,1783279923.483055,0.0042294044978916645
loss/val_lead_var/zos/lead_08,25,1783279923.4970222,0.0045579830184578896
loss/val_norm,25,1783279922.7110834,0.0023608936462551355
loss/val_norm_lead/lead_01,25,1783279922.7111092,0.0009810396004468203
loss/val_norm_lead/lead_02,25,1783279922.7111225,0.0014717024751007557
loss/val_norm_lead/lead_03,25,1783279922.7165174,0.0018869148334488273
loss/val_norm_lead/lead_04,25,1783279922.7314918,0.0022621983662247658
loss/val_norm_lead/lead_05,25,1783279922.745249,0.0026100166141986847
loss/val_norm_lead/lead_06,25,1783279922.7611675,0.0029324672650545835
loss/val_norm_lead/lead_07,25,1783279922.7782333,0.003231731941923499
loss/val_norm_lead/lead_08,25,1783279922.7954478,0.0035110791213810444
loss/val_norm_lead_var/siconc/lead_01,25,1783279922.8289917,0.0025556571781635284
loss/val_norm_lead_var/siconc/lead_02,25,1783279922.8524687,0.004178110975772142
loss/val_norm_lead_var/siconc/lead_03,25,1783279922.8760934,0.005387621000409126
loss/val_norm_lead_var/siconc/lead_04,25,1783279922.89825,0.006351320073008537
loss/val_norm_lead_var/siconc/lead_05,25,1783279922.910098,0.0071433233097195625
loss/val_norm_lead_var/siconc/lead_06,25,1783279922.9201212,0.00780120212584734
loss/val_norm_lead_var/siconc/lead_07,25,1783279922.935439,0.008350417017936707
loss/val_norm_lead_var/siconc/lead_08,25,1783279922.9532557,0.008809296414256096
loss/val_norm_lead_var/sithick/lead_01,25,1783279922.9847605,0.0003996138402726501
loss/val_norm_lead_var/sithick/lead_02,25,1783279923.0077076,0.0006231072475202382
loss/val_norm_lead_var/sithick/lead_03,25,1783279923.0297933,0.0007890848210081458
loss/val_norm_lead_var/sithick/lead_04,25,1783279923.0548592,0.0009284759871661663
loss/val_norm_lead_var/sithick/lead_05,25,1783279923.070168,0.001051538740284741
loss/val_norm_lead_var/sithick/lead_06,25,1783279923.0864782,0.0011629300424829125
loss/val_norm_lead_var/sithick/lead_07,25,1783279923.1052346,0.0012663123197853565
loss/val_norm_lead_var/sithick/lead_08,25,1783279923.1270773,0.0013632671907544136
loss/val_norm_lead_var/so/lead_01,25,1783279923.8557851,0.0002511620696168393
loss/val_norm_lead_var/so/lead_02,25,1783279923.8747978,0.00041668248013593256
loss/val_norm_lead_var/so/lead_03,25,1783279923.8940184,0.0005577964475378394
loss/val_norm_lead_var/so/lead_04,25,1783279924.1143854,0.0006855606334283948
loss/val_norm_lead_var/so/lead_05,25,1783279924.1401205,0.0008030717726796865
loss/val_norm_lead_var/so/lead_06,25,1783279924.1866784,0.0009117426816374063
loss/val_norm_lead_var/so/lead_07,25,1783279924.2134945,0.0010126580018550158
loss/val_norm_lead_var/so/lead_08,25,1783279924.2429836,0.0011068524327129126
loss/val_norm_lead_var/thetao/lead_01,25,1783279923.72764,0.0009011179790832102
loss/val_norm_lead_var/thetao/lead_02,25,1783279923.7378583,0.0015344758285209537
loss/val_norm_lead_var/thetao/lead_03,25,1783279923.7461421,0.0020962918642908335
loss/val_norm_lead_var/thetao/lead_04,25,1783279923.7567937,0.0026137931272387505
loss/val_norm_lead_var/thetao/lead_05,25,1783279923.7711058,0.003096661763265729
loss/val_norm_lead_var/thetao/lead_06,25,1783279923.781511,0.0035474991891533136
loss/val_norm_lead_var/thetao/lead_07,25,1783279923.798436,0.003967838827520609
loss/val_norm_lead_var/thetao/lead_08,25,1783279923.8182688,0.004361659288406372
loss/val_norm_lead_var/uo/lead_01,25,1783279924.2960835,0.004128632135689259
loss/val_norm_lead_var/uo/lead_02,25,1783279924.3141465,0.005389327183365822
loss/val_norm_lead_var/uo/lead_03,25,1783279924.338449,0.00653495779260993
loss/val_norm_lead_var/uo/lead_04,25,1783279924.3598642,0.007622389122843742
loss/val_norm_lead_var/uo/lead_05,25,1783279924.374262,0.008670199662446976
loss/val_norm_lead_var/uo/lead_06,25,1783279924.3872702,0.009679188951849937
loss/val_norm_lead_var/uo/lead_07,25,1783279924.400894,0.01064362283796072
loss/val_norm_lead_var/uo/lead_08,25,1783279924.4211977,0.011569108814001083
loss/val_norm_lead_var/vo/lead_01,25,1783279924.439312,0.0042954012751579285
loss/val_norm_lead_var/vo/lead_02,25,1783279924.4487922,0.005677522625774145
loss/val_norm_lead_var/vo/lead_03,25,1783279924.4675918,0.006957199890166521
loss/val_norm_lead_var/vo/lead_04,25,1783279924.480829,0.008193806745111942
loss/val_norm_lead_var/vo/lead_05,25,1783279924.491705,0.009403501637279987
loss/val_norm_lead_var/vo/lead_06,25,1783279924.5033762,0.010558746755123138
loss/val_norm_lead_var/vo/lead_07,25,1783279924.5173888,0.011645689606666565
loss/val_norm_lead_var/vo/lead_08,25,1783279924.5517266,0.012669467367231846
loss/val_norm_lead_var/zos/lead_01,25,1783279923.1708302,0.0015308159636333585
loss/val_norm_lead_var/zos/lead_02,25,1783279923.1961114,0.002207482233643532
loss/val_norm_lead_var/zos/lead_03,25,1783279923.4173598,0.0027008643373847008
loss/val_norm_lead_var/zos/lead_04,25,1783279923.4311135,0.003125482937321067
loss/val_norm_lead_var/zos/lead_05,25,1783279923.4572911,0.0035208179615437984
loss/val_norm_lead_var/zos/lead_06,25,1783279923.472704,0.0038854172453284264
loss/val_norm_lead_var/zos/lead_07,25,1783279923.4878898,0.0042294044978916645
loss/val_norm_lead_var/zos/lead_08,25,1783279923.502674,0.0045579830184578896
loss/val_norm_var/siconc,25,1783279922.8126485,0.006322118453681469
loss/val_norm_var/sithick,25,1783279922.96715,0.0009480412700213492
loss/val_norm_var/so,25,1783279923.8373294,0.0007181908003985882
loss/val_norm_var/thetao,25,1783279923.7183247,0.0027649172116070986
loss/val_norm_var/uo,25,1783279924.2693121,0.008029677905142307
loss/val_norm_var/vo,25,1783279924.4317868,0.008675167337059975
loss/val_norm_var/zos,25,1783279923.1496546,0.00321978353895247
loss/val_var/siconc,25,1783279922.807172,0.006322118453681469
loss/val_var/sithick,25,1783279922.9627361,0.0009480412700213492
loss/val_var/so,25,1783279923.8310864,0.0007181908003985882
loss/val_var/thetao,25,1783279923.714883,0.0027649172116070986
loss/val_var/uo,25,1783279924.26085,0.008029677905142307
loss/val_var/vo,25,1783279924.4291031,0.008675167337059975
loss/val_var/zos,25,1783279923.1431124,0.00321978353895247
loss/train,26,1783282044.1623032,0.0021103452891111374
loss/train,27,1783284168.7925744,0.0021096765995025635
loss/train,28,1783286278.3497326,0.00210772012360394
loss/train,29,1783288387.1416829,0.0021045503672212362
loss/ema_val,30,1783290897.3229995,0.0023086725268512964
loss/ema_val_denorm,30,1783290897.3230042,0.03455289453268051
loss/train,30,1783290499.831239,0.0021077634301036596
loss/val,30,1783290897.3229547,0.0023535361979156733
loss/val_denorm,30,1783290897.3229945,0.035135675221681595
loss/val_denorm_lead/lead_01,30,1783290897.3230171,0.012358010746538639
loss/val_denorm_lead/lead_02,30,1783290897.32303,0.020324645563960075
loss/val_denorm_lead/lead_03,30,1783290897.3328435,0.027217531576752663
loss/val_denorm_lead/lead_04,30,1783290897.5581634,0.03348219022154808
loss/val_denorm_lead/lead_05,30,1783290897.5763543,0.03925897553563118
loss/val_denorm_lead/lead_06,30,1783290897.5952864,0.04461248591542244
loss/val_denorm_lead/lead_07,30,1783290897.6146004,0.04958927258849144
loss/val_denorm_lead/lead_08,30,1783290897.6323986,0.05424230173230171
loss/val_denorm_lead_var/siconc/lead_01,30,1783290897.6704476,0.0025226776488125324
loss/val_denorm_lead_var/siconc/lead_02,30,1783290897.6882906,0.004137622658163309
loss/val_denorm_lead_var/siconc/lead_03,30,1783290897.7053723,0.00534453010186553
loss/val_denorm_lead_var/siconc/lead_04,30,1783290897.7235992,0.006305625196546316
loss/val_denorm_lead_var/siconc/lead_05,30,1783290897.7434468,0.007094620261341333
loss/val_denorm_lead_var/siconc/lead_06,30,1783290897.763155,0.007750433403998613
loss/val_denorm_lead_var/siconc/lead_07,30,1783290897.7864206,0.008297386579215527
loss/val_denorm_lead_var/siconc/lead_08,30,1783290897.8750827,0.008755716495215893
loss/val_denorm_lead_var/sithick/lead_01,30,1783290898.3260863,0.003095426131039858
loss/val_denorm_lead_var/sithick/lead_02,30,1783290898.3448753,0.004844051785767078
loss/val_denorm_lead_var/sithick/lead_03,30,1783290898.3677692,0.006160608027130365
loss/val_denorm_lead_var/sithick/lead_04,30,1783290898.383857,0.007277882657945156
loss/val_denorm_lead_var/sithick/lead_05,30,1783290898.4060047,0.008273793384432793
loss/val_denorm_lead_var/sithick/lead_06,30,1783290898.4279072,0.009182360954582691
loss/val_denorm_lead_var/sithick/lead_07,30,1783290898.4508429,0.010032585822045803
loss/val_denorm_lead_var/sithick/lead_08,30,1783290898.4720929,0.010834614746272564
loss/val_denorm_lead_var/so/lead_01,30,1783290899.5288265,0.008055699057877064
loss/val_denorm_lead_var/so/lead_02,30,1783290899.5499086,0.01328539103269577
loss/val_denorm_lead_var/so/lead_03,30,1783290899.565675,0.017669275403022766
loss/val_denorm_lead_var/so/lead_04,30,1783290899.5839322,0.021592125296592712
loss/val_denorm_lead_var/so/lead_05,30,1783290899.6041458,0.025176377967000008
loss/val_denorm_lead_var/so/lead_06,30,1783290899.6260571,0.02848041243851185
loss/val_denorm_lead_var/so/lead_07,30,1783290899.6454833,0.03154546767473221
loss/val_denorm_lead_var/so/lead_08,30,1783290899.6627245,0.0344049409031868
loss/val_denorm_lead_var/thetao/lead_01,30,1783290899.359558,0.03009120188653469
loss/val_denorm_lead_var/thetao/lead_02,30,1783290899.3780918,0.05107150226831436
loss/val_denorm_lead_var/thetao/lead_03,30,1783290899.3980386,0.06969518214464188
loss/val_denorm_lead_var/thetao/lead_04,30,1783290899.4174726,0.08678419888019562
loss/val_denorm_lead_var/thetao/lead_05,30,1783290899.4362886,0.10259918123483658
loss/val_denorm_lead_var/thetao/lead_06,30,1783290899.4552338,0.11728735268115997
loss/val_denorm_lead_var/thetao/lead_07,30,1783290899.475845,0.1309458166360855
loss/val_denorm_lead_var/thetao/lead_08,30,1783290899.494585,0.14371849596500397
loss/val_denorm_lead_var/uo/lead_01,30,1783290899.905695,0.008533886633813381
loss/val_denorm_lead_var/uo/lead_02,30,1783290899.9393184,0.010934022255241871
loss/val_denorm_lead_var/uo/lead_03,30,1783290899.9587052,0.013071957975625992
loss/val_denorm_lead_var/uo/lead_04,30,1783290899.982687,0.015071040019392967
loss/val_denorm_lead_var/uo/lead_05,30,1783290900.0060122,0.01699463464319706
loss/val_denorm_lead_var/uo/lead_06,30,1783290900.2330403,0.01885390654206276
loss/val_denorm_lead_var/uo/lead_07,30,1783290900.2523787,0.02062997780740261
loss/val_denorm_lead_var/uo/lead_08,30,1783290900.273792,0.02233225665986538
loss/val_denorm_lead_var/vo/lead_01,30,1783290900.321077,0.008604890666902065
loss/val_denorm_lead_var/vo/lead_02,30,1783290900.3431835,0.011266781948506832
loss/val_denorm_lead_var/vo/lead_03,30,1783290900.3571413,0.013669590465724468
loss/val_denorm_lead_var/vo/lead_04,30,1783290900.3763032,0.016013190150260925
loss/val_denorm_lead_var/vo/lead_05,30,1783290900.3949142,0.018299834802746773
loss/val_denorm_lead_var/vo/lead_06,30,1783290900.4144197,0.02048323303461075
loss/val_denorm_lead_var/vo/lead_07,30,1783290900.4315405,0.02253636159002781
loss/val_denorm_lead_var/vo/lead_08,30,1783290900.4477794,0.024463577196002007
loss/val_denorm_lead_var/zos/lead_01,30,1783290898.5246797,0.005887951701879501
loss/val_denorm_lead_var/zos/lead_02,30,1783290898.5488133,0.008494621142745018
loss/val_denorm_lead_var/zos/lead_03,30,1783290898.57047,0.010400655679404736
loss/val_denorm_lead_var/zos/lead_04,30,1783290898.5947976,0.012052820064127445
loss/val_denorm_lead_var/zos/lead_05,30,1783290898.611888,0.013581110164523125
loss/val_denorm_lead_var/zos/lead_06,30,1783290898.6332448,0.014983532018959522
loss/val_denorm_lead_var/zos/lead_07,30,1783290898.661202,0.01630447432398796
loss/val_denorm_lead_var/zos/lead_08,30,1783290898.8796475,0.017564570531249046
loss/val_denorm_var/siconc,30,1783290897.652272,0.0062760766595602036
loss/val_denorm_var/sithick,30,1783290898.0995812,0.007462665438652039
loss/val_denorm_var/so,30,1783290899.510548,0.02252621203660965
loss/val_denorm_var/thetao,30,1783290899.124912,0.09152411669492722
loss/val_denorm_var/uo,30,1783290899.8808877,0.015802709385752678
loss/val_denorm_var/vo,30,1783290900.2924676,0.016917182132601738
loss/val_denorm_var/zos,30,1783290898.4954114,0.012408716604113579
loss/val_lead/lead_01,30,1783290897.3230085,0.0009763975394889712
loss/val_lead/lead_02,30,1783290897.3230214,0.0014659350272268057
loss/val_lead/lead_03,30,1783290897.3235693,0.0018809298053383827
loss/val_lead/lead_04,30,1783290897.5424478,0.0022559184581041336
loss/val_lead/lead_05,30,1783290897.5641327,0.0026026773266494274
loss/val_lead/lead_06,30,1783290897.5823545,0.002924043219536543
loss/val_lead/lead_07,30,1783290897.6018848,0.0032221409492194653
loss/val_lead/lead_08,30,1783290897.6207762,0.0035002478398382664
loss/val_lead_var/siconc/lead_01,30,1783290897.6585398,0.002522675320506096
loss/val_lead_var/siconc/lead_02,30,1783290897.676488,0.004137618467211723
loss/val_lead_var/siconc/lead_03,30,1783290897.693988,0.00534452497959137
loss/val_lead_var/siconc/lead_04,30,1783290897.711349,0.006305619142949581
loss/val_lead_var/siconc/lead_05,30,1783290897.7292697,0.007094613276422024
loss/val_lead_var/siconc/lead_06,30,1783290897.74975,0.0077504259534180164
loss/val_lead_var/siconc/lead_07,30,1783290897.7703466,0.00829737912863493
loss/val_lead_var/siconc/lead_08,30,1783290897.7922614,0.008755708113312721
loss/val_lead_var/sithick/lead_01,30,1783290898.1078112,0.00040613350574858487
loss/val_lead_var/sithick/lead_02,30,1783290898.3323872,0.0006355608929879963
loss/val_lead_var/sithick/lead_03,30,1783290898.3517444,0.0008082988788373768
loss/val_lead_var/sithick/lead_04,30,1783290898.3717031,0.0009548902162350714
loss/val_lead_var/sithick/lead_05,30,1783290898.3913882,0.0010855580912902951
loss/val_lead_var/sithick/lead_06,30,1783290898.412149,0.001204766216687858
loss/val_lead_var/sithick/lead_07,30,1783290898.434878,0.001316319452598691
loss/val_lead_var/sithick/lead_08,30,1783290898.4571,0.0014215491246432066
loss/val_lead_var/so/lead_01,30,1783290899.5164979,0.0002507479512132704
loss/val_lead_var/so/lead_02,30,1783290899.5373878,0.0004159327654633671
loss/val_lead_var/so/lead_03,30,1783290899.5546982,0.0005567076150327921
loss/val_lead_var/so/lead_04,30,1783290899.5712698,0.0006838995614089072
loss/val_lead_var/so/lead_05,30,1783290899.5913846,0.0008007640135474503
loss/val_lead_var/so/lead_06,30,1783290899.6102839,0.0009088513324968517
loss/val_lead_var/so/lead_07,30,1783290899.6327653,0.001009313389658928
loss/val_lead_var/so/lead_08,30,1783290899.6512728,0.0011031671892851591
loss/val_lead_var/thetao/lead_01,30,1783290899.1360927,0.0008967941394075751
loss/val_lead_var/thetao/lead_02,30,1783290899.3658664,0.001526113715954125
loss/val_lead_var/thetao/lead_03,30,1783290899.3838146,0.002088110661134124
loss/val_lead_var/thetao/lead_04,30,1783290899.4044068,0.0026057809591293335
loss/val_lead_var/thetao/lead_05,30,1783290899.4238205,0.0030862465500831604
loss/val_lead_var/thetao/lead_06,30,1783290899.4424968,0.003533465089276433
loss/val_lead_var/thetao/lead_07,30,1783290899.461747,0.003950062207877636
loss/val_lead_var/thetao/lead_08,30,1783290899.481417,0.004340262617915869
loss/val_lead_var/uo/lead_01,30,1783290899.8906846,0.0041223084554076195
loss/val_lead_var/uo/lead_02,30,1783290899.925243,0.005383478011935949
loss/val_lead_var/uo/lead_03,30,1783290899.9461324,0.006528402678668499
loss/val_lead_var/uo/lead_04,30,1783290899.966239,0.007601442281156778
loss/val_lead_var/uo/lead_05,30,1783290899.992158,0.008637907914817333
loss/val_lead_var/uo/lead_06,30,1783290900.2173767,0.009639163501560688
loss/val_lead_var/uo/lead_07,30,1783290900.239531,0.010592615231871605
loss/val_lead_var/uo/lead_08,30,1783290900.26001,0.011505327187478542
loss/val_lead_var/vo/lead_01,30,1783290900.3015609,0.004266003146767616
loss/val_lead_var/vo/lead_02,30,1783290900.33033,0.005649216007441282
loss/val_lead_var/vo/lead_03,30,1783290900.3473709,0.0069191851653158665
loss/val_lead_var/vo/lead_04,30,1783290900.3623745,0.008154692128300667
loss/val_lead_var/vo/lead_05,30,1783290900.3821342,0.009360993281006813
loss/val_lead_var/vo/lead_06,30,1783290900.4026835,0.01051536574959755
loss/val_lead_var/vo/lead_07,30,1783290900.4199185,0.01160232350230217
loss/val_lead_var/vo/lead_08,30,1783290900.4360552,0.01262308843433857
loss/val_lead_var/zos/lead_01,30,1783290898.5064862,0.0015185619704425335
loss/val_lead_var/zos/lead_02,30,1783290898.535471,0.0021908481139689684
loss/val_lead_var/zos/lead_03,30,1783290898.554425,0.002682433696463704
loss/val_lead_var/zos/lead_04,30,1783290898.577196,0.0031085433438420296
loss/val_lead_var/zos/lead_05,30,1783290898.5995395,0.0035027049016207457
loss/val_lead_var/zos/lead_06,30,1783290898.6185133,0.00386440334841609
loss/val_lead_var/zos/lead_07,30,1783290898.641951,0.004205087665468454
loss/val_lead_var/zos/lead_08,30,1783290898.871007,0.004530079662799835
loss/val_norm,30,1783290897.322987,0.0023535361979156733
loss/val_norm_lead/lead_01,30,1783290897.3230128,0.0009763975394889712
loss/val_norm_lead/lead_02,30,1783290897.3230257,0.0014659350272268057
loss/val_norm_lead/lead_03,30,1783290897.3284147,0.0018809298053383827
loss/val_norm_lead/lead_04,30,1783290897.551189,0.0022559184581041336
loss/val_norm_lead/lead_05,30,1783290897.5706756,0.0026026773266494274
loss/val_norm_lead/lead_06,30,1783290897.5883033,0.002924043219536543
loss/val_norm_lead/lead_07,30,1783290897.6081629,0.0032221409492194653
loss/val_norm_lead/lead_08,30,1783290897.6265407,0.0035002478398382664
loss/val_norm_lead_var/siconc/lead_01,30,1783290897.6641402,0.002522675320506096
loss/val_norm_lead_var/siconc/lead_02,30,1783290897.6825807,0.004137618467211723
loss/val_norm_lead_var/siconc/lead_03,30,1783290897.700398,0.00534452497959137
loss/val_norm_lead_var/siconc/lead_04,30,1783290897.7177227,0.006305619142949581
loss/val_norm_lead_var/siconc/lead_05,30,1783290897.7359807,0.007094613276422024
loss/val_norm_lead_var/siconc/lead_06,30,1783290897.7567155,0.0077504259534180164
loss/val_norm_lead_var/siconc/lead_07,30,1783290897.7776845,0.00829737912863493
loss/val_norm_lead_var/siconc/lead_08,30,1783290897.7981658,0.008755708113312721
loss/val_norm_lead_var/sithick/lead_01,30,1783290898.318542,0.00040613350574858487
loss/val_norm_lead_var/sithick/lead_02,30,1783290898.3383381,0.0006355608929879963
loss/val_norm_lead_var/sithick/lead_03,30,1783290898.3589768,0.0008082988788373768
loss/val_norm_lead_var/sithick/lead_04,30,1783290898.3780398,0.0009548902162350714
loss/val_norm_lead_var/sithick/lead_05,30,1783290898.3982503,0.0010855580912902951
loss/val_norm_lead_var/sithick/lead_06,30,1783290898.4211688,0.001204766216687858
loss/val_norm_lead_var/sithick/lead_07,30,1783290898.4423296,0.001316319452598691
loss/val_norm_lead_var/sithick/lead_08,30,1783290898.4657726,0.0014215491246432066
loss/val_norm_lead_var/so/lead_01,30,1783290899.5220144,0.0002507479512132704
loss/val_norm_lead_var/so/lead_02,30,1783290899.544881,0.0004159327654633671
loss/val_norm_lead_var/so/lead_03,30,1783290899.560125,0.0005567076150327921
loss/val_norm_lead_var/so/lead_04,30,1783290899.578107,0.0006838995614089072
loss/val_norm_lead_var/so/lead_05,30,1783290899.5984814,0.0008007640135474503
loss/val_norm_lead_var/so/lead_06,30,1783290899.618206,0.0009088513324968517
loss/val_norm_lead_var/so/lead_07,30,1783290899.6395533,0.001009313389658928
loss/val_norm_lead_var/so/lead_08,30,1783290899.6572065,0.0011031671892851591
loss/val_norm_lead_var/thetao/lead_01,30,1783290899.14668,0.0008967941394075751
loss/val_norm_lead_var/thetao/lead_02,30,1783290899.3708,0.001526113715954125
loss/val_norm_lead_var/thetao/lead_03,30,1783290899.3910236,0.002088110661134124
loss/val_norm_lead_var/thetao/lead_04,30,1783290899.4110816,0.0026057809591293335
loss/val_norm_lead_var/thetao/lead_05,30,1783290899.429687,0.0030862465500831604
loss/val_norm_lead_var/thetao/lead_06,30,1783290899.4488957,0.003533465089276433
loss/val_norm_lead_var/thetao/lead_07,30,1783290899.4685361,0.003950062207877636
loss/val_norm_lead_var/thetao/lead_08,30,1783290899.488294,0.004340262617915869
loss/val_norm_lead_var/uo/lead_01,30,1783290899.8979554,0.0041223084554076195
loss/val_norm_lead_var/uo/lead_02,30,1783290899.932676,0.005383478011935949
loss/val_norm_lead_var/uo/lead_03,30,1783290899.9530733,0.006528402678668499
loss/val_norm_lead_var/uo/lead_04,30,1783290899.9735515,0.007601442281156778
loss/val_norm_lead_var/uo/lead_05,30,1783290899.9979532,0.008637907914817333
loss/val_norm_lead_var/uo/lead_06,30,1783290900.224362,0.009639163501560688
loss/val_norm_lead_var/uo/lead_07,30,1783290900.246679,0.010592615231871605
loss/val_norm_lead_var/uo/lead_08,30,1783290900.2668903,0.011505327187478542
loss/val_norm_lead_var/vo/lead_01,30,1783290900.3115335,0.004266003146767616
loss/val_norm_lead_var/vo/lead_02,30,1783290900.3379207,0.005649216007441282
loss/val_norm_lead_var/vo/lead_03,30,1783290900.3514993,0.0069191851653158665
loss/val_norm_lead_var/vo/lead_04,30,1783290900.369439,0.008154692128300667
loss/val_norm_lead_var/vo/lead_05,30,1783290900.3885856,0.009360993281006813
loss/val_norm_lead_var/vo/lead_06,30,1783290900.4090333,0.01051536574959755
loss/val_norm_lead_var/vo/lead_07,30,1783290900.4242692,0.01160232350230217
loss/val_norm_lead_var/vo/lead_08,30,1783290900.4426596,0.01262308843433857
loss/val_norm_lead_var/zos/lead_01,30,1783290898.5157907,0.0015185619704425335
loss/val_norm_lead_var/zos/lead_02,30,1783290898.5429974,0.0021908481139689684
loss/val_norm_lead_var/zos/lead_03,30,1783290898.561294,0.002682433696463704
loss/val_norm_lead_var/zos/lead_04,30,1783290898.587386,0.0031085433438420296
loss/val_norm_lead_var/zos/lead_05,30,1783290898.6043108,0.0035027049016207457
loss/val_norm_lead_var/zos/lead_06,30,1783290898.6245532,0.00386440334841609
loss/val_norm_lead_var/zos/lead_07,30,1783290898.6508064,0.004205087665468454
loss/val_norm_lead_var/zos/lead_08,30,1783290898.875185,0.004530079662799835
loss/val_norm_var/siconc,30,1783290897.6458652,0.0062760706059634686
loss/val_norm_var/sithick,30,1783290898.0907419,0.0009791345801204443
loss/val_norm_var/so,30,1783290899.5047436,0.0007161729736253619
loss/val_norm_var/thetao,30,1783290899.0963266,0.0027533546090126038
loss/val_norm_var/uo,30,1783290899.6733851,0.008001330308616161
loss/val_norm_var/vo,30,1783290900.2862406,0.008636358194053173
loss/val_norm_var/zos,30,1783290898.4860141,0.0032003328669816256
loss/val_var/siconc,30,1783290897.638714,0.0062760706059634686
loss/val_var/sithick,30,1783290898.085247,0.0009791345801204443
loss/val_var/so,30,1783290899.4997234,0.0007161729736253619
loss/val_var/thetao,30,1783290898.8843036,0.0027533546090126038
loss/val_var/uo,30,1783290899.6680906,0.008001330308616161
loss/val_var/vo,30,1783290900.2807345,0.008636358194053173
loss/val_var/zos,30,1783290898.479717,0.0032003328669816256
loss/train,31,1783293013.8549063,0.0021098677534610033
loss/train,32,1783295119.7488558,0.0021084400359541178
loss/train,33,1783297225.5058331,0.0021121951285749674
loss/train,34,1783299340.6986532,0.002108791144564748
loss/ema_val,35,1783301851.457926,0.0023136937525123358
loss/ema_val_denorm,35,1783301851.4579318,0.03463732451200485
loss/train,35,1783301453.682366,0.002109566703438759
loss/val,35,1783301851.45787,0.0023623148445039988
loss/val_denorm,35,1783301851.4579213,0.03526407480239868
loss/val_denorm_lead/lead_01,35,1783301851.4579463,0.012472791597247124
loss/val_denorm_lead/lead_02,35,1783301851.4579592,0.020474011078476906
loss/val_denorm_lead/lead_03,35,1783301851.4737027,0.02735992893576622
loss/val_denorm_lead/lead_04,35,1783301851.4934444,0.03362060338258743
loss/val_denorm_lead/lead_05,35,1783301851.5165138,0.0393952950835228
loss/val_denorm_lead/lead_06,35,1783301851.541866,0.044740837067365646
loss/val_denorm_lead/lead_07,35,1783301851.5583837,0.04970664158463478
loss/val_denorm_lead/lead_08,35,1783301851.5759332,0.05434248223900795
loss/val_denorm_lead_var/siconc/lead_01,35,1783301851.6121001,0.002539362059906125
loss/val_denorm_lead_var/siconc/lead_02,35,1783301851.62538,0.004158552270382643
loss/val_denorm_lead_var/siconc/lead_03,35,1783301851.6402943,0.005365533754229546
loss/val_denorm_lead_var/siconc/lead_04,35,1783301851.65535,0.006327339913696051
loss/val_denorm_lead_var/siconc/lead_05,35,1783301851.6763813,0.0071167536079883575
loss/val_denorm_lead_var/siconc/lead_06,35,1783301851.6971276,0.007771698758006096
loss/val_denorm_lead_var/siconc/lead_07,35,1783301851.715488,0.008318130858242512
loss/val_denorm_lead_var/siconc/lead_08,35,1783301851.7432325,0.00877432618290186
loss/val_denorm_lead_var/sithick/lead_01,35,1783301851.8054624,0.0030701993964612484
loss/val_denorm_lead_var/sithick/lead_02,35,1783301851.8225205,0.004806550219655037
loss/val_denorm_lead_var/sithick/lead_03,35,1783301851.8454475,0.006103574298322201
loss/val_denorm_lead_var/sithick/lead_04,35,1783301851.888779,0.007202847395092249
loss/val_denorm_lead_var/sithick/lead_05,35,1783301851.9056942,0.008181766606867313
loss/val_denorm_lead_var/sithick/lead_06,35,1783301851.9231129,0.009076769463717937
loss/val_denorm_lead_var/sithick/lead_07,35,1783301851.9481065,0.009911179542541504
loss/val_denorm_lead_var/sithick/lead_08,35,1783301851.9660056,0.010697427205741405
loss/val_denorm_lead_var/so/lead_01,35,1783301852.55215,0.008088451810181141
loss/val_denorm_lead_var/so/lead_02,35,1783301852.5785666,0.013337098062038422
loss/val_denorm_lead_var/so/lead_03,35,1783301852.5962508,0.0177309513092041
loss/val_denorm_lead_var/so/lead_04,35,1783301852.6127162,0.021663909777998924
loss/val_denorm_lead_var/so/lead_05,35,1783301852.6377203,0.025255413725972176
loss/val_denorm_lead_var/so/lead_06,35,1783301852.663156,0.028560735285282135
loss/val_denorm_lead_var/so/lead_07,35,1783301852.6950314,0.031621307134628296
loss/val_denorm_lead_var/so/lead_08,35,1783301852.7208884,0.03447234258055687
loss/val_denorm_lead_var/thetao/lead_01,35,1783301852.1851306,0.0304874274879694
loss/val_denorm_lead_var/thetao/lead_02,35,1783301852.2060883,0.05157352611422539
loss/val_denorm_lead_var/thetao/lead_03,35,1783301852.222308,0.07014928758144379
loss/val_denorm_lead_var/thetao/lead_04,35,1783301852.2428374,0.08720757067203522
loss/val_denorm_lead_var/thetao/lead_05,35,1783301852.2684338,0.10300730168819427
loss/val_denorm_lead_var/thetao/lead_06,35,1783301852.288648,0.11766763776540756
loss/val_denorm_lead_var/thetao/lead_07,35,1783301852.305185,0.13129615783691406
loss/val_denorm_lead_var/thetao/lead_08,35,1783301852.3208628,0.1440184861421585
loss/val_denorm_lead_var/uo/lead_01,35,1783301852.761367,0.008617009967565536
loss/val_denorm_lead_var/uo/lead_02,35,1783301852.781533,0.011049256660044193
loss/val_denorm_lead_var/uo/lead_03,35,1783301853.0049675,0.0131901940330863
loss/val_denorm_lead_var/uo/lead_04,35,1783301853.0262904,0.015208362601697445
loss/val_denorm_lead_var/uo/lead_05,35,1783301853.0391574,0.017152411863207817
loss/val_denorm_lead_var/uo/lead_06,35,1783301853.0610595,0.018998432904481888
loss/val_denorm_lead_var/uo/lead_07,35,1783301853.073401,0.020743027329444885
loss/val_denorm_lead_var/uo/lead_08,35,1783301853.0914898,0.022420521825551987
loss/val_denorm_lead_var/vo/lead_01,35,1783301853.1324377,0.008703411556780338
loss/val_denorm_lead_var/vo/lead_02,35,1783301853.155701,0.011357600800693035
loss/val_denorm_lead_var/vo/lead_03,35,1783301853.1829066,0.013763475231826305
loss/val_denorm_lead_var/vo/lead_04,35,1783301853.2141168,0.016050631180405617
loss/val_denorm_lead_var/vo/lead_05,35,1783301853.2465184,0.018275508657097816
loss/val_denorm_lead_var/vo/lead_06,35,1783301853.2668903,0.02043122984468937
loss/val_denorm_lead_var/vo/lead_07,35,1783301853.2824142,0.02247907966375351
loss/val_denorm_lead_var/vo/lead_08,35,1783301853.3063507,0.02440735697746277
loss/val_denorm_lead_var/zos/lead_01,35,1783301852.0101469,0.0058954618871212006
loss/val_denorm_lead_var/zos/lead_02,35,1783301852.036687,0.008516076020896435
loss/val_denorm_lead_var/zos/lead_03,35,1783301852.0633998,0.010437438264489174
loss/val_denorm_lead_var/zos/lead_04,35,1783301852.0829997,0.012116014026105404
loss/val_denorm_lead_var/zos/lead_05,35,1783301852.0975597,0.013666692189872265
loss/val_denorm_lead_var/zos/lead_06,35,1783301852.1138828,0.01508505828678608
loss/val_denorm_lead_var/zos/lead_07,35,1783301852.1327536,0.01642427407205105
loss/val_denorm_lead_var/zos/lead_08,35,1783301852.1528242,0.017700323835015297
loss/val_denorm_var/siconc,35,1783301851.5948699,0.006296462379395962
loss/val_denorm_var/sithick,35,1783301851.7756639,0.007381289266049862
loss/val_denorm_var/so,35,1783301852.332987,0.022591276094317436
loss/val_denorm_var/thetao,35,1783301852.171238,0.09192592650651932
loss/val_denorm_var/uo,35,1783301852.7431161,0.01592240296304226
loss/val_denorm_var/vo,35,1783301853.109726,0.016933536157011986
loss/val_denorm_var/zos,35,1783301851.9889922,0.012480167672038078
loss/val_lead/lead_01,35,1783301851.4579372,0.0009847655892372131
loss/val_lead/lead_02,35,1783301851.4579508,0.0014762821374461055
loss/val_lead/lead_03,35,1783301851.458504,0.0018913368694484234
loss/val_lead/lead_04,35,1783301851.4802725,0.002265843329951167
loss/val_lead/lead_05,35,1783301851.5016246,0.002612004755064845
loss/val_lead/lead_06,35,1783301851.5243242,0.002932375529780984
loss/val_lead/lead_07,35,1783301851.5477445,0.003229432739317417
loss/val_lead/lead_08,35,1783301851.5631645,0.003506477689370513
loss/val_lead_var/siconc/lead_01,35,1783301851.599402,0.002539359498769045
loss/val_lead_var/siconc/lead_02,35,1783301851.6165345,0.004158548079431057
loss/val_lead_var/siconc/lead_03,35,1783301851.6310427,0.005365528166294098
loss/val_lead_var/siconc/lead_04,35,1783301851.645122,0.006327333860099316
loss/val_lead_var/siconc/lead_05,35,1783301851.6621192,0.007116746623069048
loss/val_lead_var/siconc/lead_06,35,1783301851.6821072,0.007771691307425499
loss/val_lead_var/siconc/lead_07,35,1783301851.7033014,0.00831812247633934
loss/val_lead_var/siconc/lead_08,35,1783301851.7247736,0.008774317800998688
loss/val_lead_var/sithick/lead_01,35,1783301851.785863,0.0004028236726298928
loss/val_lead_var/sithick/lead_02,35,1783301851.811196,0.0006306405994109809
loss/val_lead_var/sithick/lead_03,35,1783301851.8281424,0.0008008158183656633
loss/val_lead_var/sithick/lead_04,35,1783301851.8535647,0.0009450452635064721
loss/val_lead_var/sithick/lead_05,35,1783301851.8947315,0.001073483843356371
loss/val_lead_var/sithick/lead_06,35,1783301851.9110188,0.0011909122113138437
loss/val_lead_var/sithick/lead_07,35,1783301851.9323878,0.0013003903441131115
loss/val_lead_var/sithick/lead_08,35,1783301851.9531133,0.001403549569658935
loss/val_lead_var/so/lead_01,35,1783301852.338095,0.00025210020248778164
loss/val_lead_var/so/lead_02,35,1783301852.5609355,0.00041801563929766417
loss/val_lead_var/so/lead_03,35,1783301852.5854073,0.0005591264343820512
loss/val_lead_var/so/lead_04,35,1783301852.6016376,0.0006865954492241144
loss/val_lead_var/so/lead_05,35,1783301852.618492,0.0008036302169784904
loss/val_lead_var/so/lead_06,35,1783301852.6443613,0.0009117136942222714
loss/val_lead_var/so/lead_07,35,1783301852.6711957,0.0010120135266333818
loss/val_lead_var/so/lead_08,35,1783301852.705257,0.001105600968003273
loss/val_lead_var/thetao/lead_01,35,1783301852.1759434,0.0009087633225135505
loss/val_lead_var/thetao/lead_02,35,1783301852.1915777,0.0015411904314532876
loss/val_lead_var/thetao/lead_03,35,1783301852.2125902,0.002101839752867818
loss/val_lead_var/thetao/lead_04,35,1783301852.227488,0.0026187195908278227
loss/val_lead_var/thetao/lead_05,35,1783301852.2515304,0.003098734887316823
loss/val_lead_var/thetao/lead_06,35,1783301852.2753887,0.0035449883434921503
loss/val_lead_var/thetao/lead_07,35,1783301852.2948115,0.003960486501455307
loss/val_lead_var/thetao/lead_08,35,1783301852.311677,0.0043489765375852585
loss/val_lead_var/uo/lead_01,35,1783301852.7526577,0.004165506921708584
loss/val_lead_var/uo/lead_02,35,1783301852.7669632,0.0054410845041275024
loss/val_lead_var/uo/lead_03,35,1783301852.7868676,0.006589286029338837
loss/val_lead_var/uo/lead_04,35,1783301853.0141828,0.007673389278352261
loss/val_lead_var/uo/lead_05,35,1783301853.0307493,0.00872187688946724
loss/val_lead_var/uo/lead_06,35,1783301853.0462713,0.009718827903270721
loss/val_lead_var/uo/lead_07,35,1783301853.0652633,0.010657858103513718
loss/val_lead_var/uo/lead_08,35,1783301853.0800014,0.01155933178961277
loss/val_lead_var/vo/lead_01,35,1783301853.1157362,0.004316379781812429
loss/val_lead_var/vo/lead_02,35,1783301853.142325,0.005698472261428833
loss/val_lead_var/vo/lead_03,35,1783301853.1645076,0.006968952249735594
loss/val_lead_var/vo/lead_04,35,1783301853.1928604,0.008178002201020718
loss/val_lead_var/vo/lead_05,35,1783301853.225468,0.00935536902397871
loss/val_lead_var/vo/lead_06,35,1783301853.2560794,0.01049577072262764
loss/val_lead_var/vo/lead_07,35,1783301853.2721848,0.011579494923353195
loss/val_lead_var/vo/lead_08,35,1783301853.2875123,0.01259999256581068
loss/val_lead_var/zos/lead_01,35,1783301851.9969475,0.00152049888856709
loss/val_lead_var/zos/lead_02,35,1783301852.0185726,0.0021963815670460463
loss/val_lead_var/zos/lead_03,35,1783301852.0470402,0.002691920381039381
loss/val_lead_var/zos/lead_04,35,1783301852.0721471,0.003124841721728444
loss/val_lead_var/zos/lead_05,35,1783301852.0871894,0.0035247772466391325
loss/val_lead_var/zos/lead_06,35,1783301852.102844,0.003890588181093335
loss/val_lead_var/zos/lead_07,35,1783301852.1182306,0.0042359852232038975
loss/val_lead_var/zos/lead_08,35,1783301852.1414878,0.004565091338008642
loss/val_norm,35,1783301851.457914,0.0023623148445039988
loss/val_norm_lead/lead_01,35,1783301851.4579418,0.0009847655892372131
loss/val_norm_lead/lead_02,35,1783301851.457955,0.0014762821374461055
loss/val_norm_lead/lead_03,35,1783301851.4661162,0.0018913368694484234
loss/val_norm_lead/lead_04,35,1783301851.4863296,0.002265843329951167
loss/val_norm_lead/lead_05,35,1783301851.5091221,0.002612004755064845
loss/val_norm_lead/lead_06,35,1783301851.5329084,0.002932375529780984
loss/val_norm_lead/lead_07,35,1783301851.5531704,0.003229432739317417
loss/val_norm_lead/lead_08,35,1783301851.5701797,0.003506477689370513
loss/val_norm_lead_var/siconc/lead_01,35,1783301851.6058943,0.002539359498769045
loss/val_norm_lead_var/siconc/lead_02,35,1783301851.620425,0.004158548079431057
loss/val_norm_lead_var/siconc/lead_03,35,1783301851.636071,0.005365528166294098
loss/val_norm_lead_var/siconc/lead_04,35,1783301851.648981,0.006327333860099316
loss/val_norm_lead_var/siconc/lead_05,35,1783301851.6697066,0.007116746623069048
loss/val_norm_lead_var/siconc/lead_06,35,1783301851.6892705,0.007771691307425499
loss/val_norm_lead_var/siconc/lead_07,35,1783301851.7084947,0.00831812247633934
loss/val_norm_lead_var/siconc/lead_08,35,1783301851.7341323,0.008774317800998688
loss/val_norm_lead_var/sithick/lead_01,35,1783301851.7961335,0.0004028236726298928
loss/val_norm_lead_var/sithick/lead_02,35,1783301851.816454,0.0006306405994109809
loss/val_norm_lead_var/sithick/lead_03,35,1783301851.8370283,0.0008008158183656633
loss/val_norm_lead_var/sithick/lead_04,35,1783301851.8832633,0.0009450452635064721
loss/val_norm_lead_var/sithick/lead_05,35,1783301851.9002492,0.001073483843356371
loss/val_norm_lead_var/sithick/lead_06,35,1783301851.9161396,0.0011909122113138437
loss/val_norm_lead_var/sithick/lead_07,35,1783301851.9417994,0.0013003903441131115
loss/val_norm_lead_var/sithick/lead_08,35,1783301851.9580042,0.001403549569658935
loss/val_norm_lead_var/so/lead_01,35,1783301852.5451672,0.00025210020248778164
loss/val_norm_lead_var/so/lead_02,35,1783301852.5725658,0.00041801563929766417
loss/val_norm_lead_var/so/lead_03,35,1783301852.5905871,0.0005591264343820512
loss/val_norm_lead_var/so/lead_04,35,1783301852.6069112,0.0006865954492241144
loss/val_norm_lead_var/so/lead_05,35,1783301852.6286392,0.0008036302169784904
loss/val_norm_lead_var/so/lead_06,35,1783301852.6516764,0.0009117136942222714
loss/val_norm_lead_var/so/lead_07,35,1783301852.684638,0.0010120135266333818
loss/val_norm_lead_var/so/lead_08,35,1783301852.7137063,0.001105600968003273
loss/val_norm_lead_var/thetao/lead_01,35,1783301852.1807544,0.0009087633225135505
loss/val_norm_lead_var/thetao/lead_02,35,1783301852.198963,0.0015411904314532876
loss/val_norm_lead_var/thetao/lead_03,35,1783301852.2172668,0.002101839752867818
loss/val_norm_lead_var/thetao/lead_04,35,1783301852.2343473,0.0026187195908278227
loss/val_norm_lead_var/thetao/lead_05,35,1783301852.2601218,0.003098734887316823
loss/val_norm_lead_var/thetao/lead_06,35,1783301852.2824607,0.0035449883434921503
loss/val_norm_lead_var/thetao/lead_07,35,1783301852.299573,0.003960486501455307
loss/val_norm_lead_var/thetao/lead_08,35,1783301852.3164492,0.0043489765375852585
loss/val_norm_lead_var/uo/lead_01,35,1783301852.756856,0.004165506921708584
loss/val_norm_lead_var/uo/lead_02,35,1783301852.7723134,0.0054410845041275024
loss/val_norm_lead_var/uo/lead_03,35,1783301852.9950745,0.006589286029338837
loss/val_norm_lead_var/uo/lead_04,35,1783301853.0202296,0.007673389278352261
loss/val_norm_lead_var/uo/lead_05,35,1783301853.0351017,0.00872187688946724
loss/val_norm_lead_var/uo/lead_06,35,1783301853.0523999,0.009718827903270721
loss/val_norm_lead_var/uo/lead_07,35,1783301853.0693295,0.010657858103513718
loss/val_norm_lead_var/uo/lead_08,35,1783301853.0852404,0.01155933178961277
loss/val_norm_lead_var/vo/lead_01,35,1783301853.12354,0.004316379781812429
loss/val_norm_lead_var/vo/lead_02,35,1783301853.1490767,0.005698472261428833
loss/val_norm_lead_var/vo/lead_03,35,1783301853.172812,0.006968952249735594
loss/val_norm_lead_var/vo/lead_04,35,1783301853.203989,0.008178002201020718
loss/val_norm_lead_var/vo/lead_05,35,1783301853.2352278,0.00935536902397871
loss/val_norm_lead_var/vo/lead_06,35,1783301853.261556,0.01049577072262764
loss/val_norm_lead_var/vo/lead_07,35,1783301853.2773142,0.011579494923353195
loss/val_norm_lead_var/vo/lead_08,35,1783301853.2964847,0.01259999256581068
loss/val_norm_lead_var/zos/lead_01,35,1783301852.003052,0.00152049888856709
loss/val_norm_lead_var/zos/lead_02,35,1783301852.0277066,0.0021963815670460463
loss/val_norm_lead_var/zos/lead_03,35,1783301852.0561416,0.002691920381039381
loss/val_norm_lead_var/zos/lead_04,35,1783301852.0788414,0.003124841721728444
loss/val_norm_lead_var/zos/lead_05,35,1783301852.0924215,0.0035247772466391325
loss/val_norm_lead_var/zos/lead_06,35,1783301852.1073031,0.003890588181093335
loss/val_norm_lead_var/zos/lead_07,35,1783301852.1254427,0.0042359852232038975
loss/val_norm_lead_var/zos/lead_08,35,1783301852.1466877,0.004565091338008642
loss/val_norm_var/siconc,35,1783301851.5902655,0.0062964558601379395
loss/val_norm_var/sithick,35,1783301851.7650154,0.0009684576652944088
loss/val_norm_var/so,35,1783301852.3286338,0.0007185995345935225
loss/val_norm_var/thetao,35,1783301852.1669307,0.002765462500974536
loss/val_norm_var/uo,35,1783301852.7359276,0.008065895177423954
loss/val_norm_var/vo,35,1783301853.1035836,0.008649053983390331
loss/val_norm_var/zos,35,1783301851.9831152,0.0032187607139348984
loss/val_var/siconc,35,1783301851.5841653,0.0062964558601379395
loss/val_var/sithick,35,1783301851.7536082,0.0009684576652944088
loss/val_var/so,35,1783301852.3245795,0.0007185995345935225
loss/val_var/thetao,35,1783301852.1609113,0.002765462500974536
loss/val_var/uo,35,1783301852.7285345,0.008065895177423954
loss/val_var/vo,35,1783301853.0980015,0.008649053983390331
loss/val_var/zos,35,1783301851.9729772,0.0032187607139348984
loss/train,36,1783303966.416104,0.002112362766638398
loss/train,37,1783306084.863408,0.0021144801285117865
loss/train,38,1783308195.0923574,0.0021125602070242167
loss/train,39,1783310306.21073,0.0021134926937520504
loss/ema_val,40,1783312810.423885,0.002313930308446288
loss/ema_val_denorm,40,1783312810.4238894,0.03462663292884827
loss/train,40,1783312413.2595322,0.0021100721787661314
loss/val,40,1783312810.42383,0.0023566263262182474
loss/val_denorm,40,1783312810.42388,0.03525815159082413
loss/val_denorm_lead/lead_01,40,1783312810.4239023,0.012438766658306122
loss/val_denorm_lead/lead_02,40,1783312810.4239147,0.020437361672520638
loss/val_denorm_lead/lead_03,40,1783312810.6512003,0.027351753786206245
loss/val_denorm_lead/lead_04,40,1783312810.6738992,0.03363215550780296
loss/val_denorm_lead/lead_05,40,1783312810.6945553,0.039408475160598755
loss/val_denorm_lead/lead_06,40,1783312810.7172835,0.044751860201358795
loss/val_denorm_lead/lead_07,40,1783312810.766947,0.04971127212047577
loss/val_denorm_lead/lead_08,40,1783312810.7943213,0.054333556443452835
loss/val_denorm_lead_var/siconc/lead_01,40,1783312810.830539,0.0025360218714922667
loss/val_denorm_lead_var/siconc/lead_02,40,1783312810.8469353,0.004150074440985918
loss/val_denorm_lead_var/siconc/lead_03,40,1783312810.8595152,0.005351928994059563
loss/val_denorm_lead_var/siconc/lead_04,40,1783312810.8785684,0.006308608688414097
loss/val_denorm_lead_var/siconc/lead_05,40,1783312810.8987715,0.007092826068401337
loss/val_denorm_lead_var/siconc/lead_06,40,1783312810.9233837,0.007743132766336203
loss/val_denorm_lead_var/siconc/lead_07,40,1783312810.9604325,0.008284913375973701
loss/val_denorm_lead_var/siconc/lead_08,40,1783312810.9954581,0.008735830895602703
loss/val_denorm_lead_var/sithick/lead_01,40,1783312811.0258005,0.003011644585058093
loss/val_denorm_lead_var/sithick/lead_02,40,1783312811.0449088,0.004675103351473808
loss/val_denorm_lead_var/sithick/lead_03,40,1783312811.0560515,0.005907021462917328
loss/val_denorm_lead_var/sithick/lead_04,40,1783312811.069677,0.006942122243344784
loss/val_denorm_lead_var/sithick/lead_05,40,1783312811.2837243,0.007857587188482285
loss/val_denorm_lead_var/sithick/lead_06,40,1783312811.3011007,0.008689872920513153
loss/val_denorm_lead_var/sithick/lead_07,40,1783312811.3132873,0.009463442489504814
loss/val_denorm_lead_var/sithick/lead_08,40,1783312811.3249197,0.010188868269324303
loss/val_denorm_lead_var/so/lead_01,40,1783312812.8339689,0.00807422585785389
loss/val_denorm_lead_var/so/lead_02,40,1783312812.8484154,0.013305076397955418
loss/val_denorm_lead_var/so/lead_03,40,1783312812.8619869,0.01768685318529606
loss/val_denorm_lead_var/so/lead_04,40,1783312812.8753164,0.02160155586898327
loss/val_denorm_lead_var/so/lead_05,40,1783312812.8893852,0.02516920492053032
loss/val_denorm_lead_var/so/lead_06,40,1783312812.904685,0.028448618948459625
loss/val_denorm_lead_var/so/lead_07,40,1783312812.9349475,0.03148270770907402
loss/val_denorm_lead_var/so/lead_08,40,1783312812.9697304,0.03430580720305443
loss/val_denorm_lead_var/thetao/lead_01,40,1783312812.4058893,0.030405111610889435
loss/val_denorm_lead_var/thetao/lead_02,40,1783312812.42056,0.05154391750693321
loss/val_denorm_lead_var/thetao/lead_03,40,1783312812.4454372,0.07030211389064789
loss/val_denorm_lead_var/thetao/lead_04,40,1783312812.4731448,0.08752039074897766
loss/val_denorm_lead_var/thetao/lead_05,40,1783312812.5100596,0.1034087985754013
loss/val_denorm_lead_var/thetao/lead_06,40,1783312812.5505474,0.11813947558403015
loss/val_denorm_lead_var/thetao/lead_07,40,1783312812.5689008,0.13182160258293152
loss/val_denorm_lead_var/thetao/lead_08,40,1783312812.5838997,0.14457599818706512
loss/val_denorm_lead_var/uo/lead_01,40,1783312813.0049932,0.008594661019742489
loss/val_denorm_lead_var/uo/lead_02,40,1783312813.0179791,0.01102970540523529
loss/val_denorm_lead_var/uo/lead_03,40,1783312813.0302298,0.013157746754586697
loss/val_denorm_lead_var/uo/lead_04,40,1783312813.0439882,0.015156651847064495
loss/val_denorm_lead_var/uo/lead_05,40,1783312813.0637496,0.017093459144234657
loss/val_denorm_lead_var/uo/lead_06,40,1783312813.0757356,0.01895698346197605
loss/val_denorm_lead_var/uo/lead_07,40,1783312813.090453,0.020723877474665642
loss/val_denorm_lead_var/uo/lead_08,40,1783312813.1071944,0.02241636998951435
loss/val_denorm_lead_var/vo/lead_01,40,1783312813.1508424,0.008694743737578392
loss/val_denorm_lead_var/vo/lead_02,40,1783312813.1712842,0.011367138475179672
loss/val_denorm_lead_var/vo/lead_03,40,1783312813.1974685,0.013781378045678139
loss/val_denorm_lead_var/vo/lead_04,40,1783312813.2255676,0.016084475442767143
loss/val_denorm_lead_var/vo/lead_05,40,1783312813.2542725,0.018342286348342896
loss/val_denorm_lead_var/vo/lead_06,40,1783312813.270276,0.02052629552781582
loss/val_denorm_lead_var/vo/lead_07,40,1783312813.2919624,0.022587338462471962
loss/val_denorm_lead_var/vo/lead_08,40,1783312813.3110704,0.02450430393218994
loss/val_denorm_lead_var/zos/lead_01,40,1783312811.396424,0.005877979565411806
loss/val_denorm_lead_var/zos/lead_02,40,1783312811.4274228,0.008490548469126225
loss/val_denorm_lead_var/zos/lead_03,40,1783312811.4544082,0.010385701432824135
loss/val_denorm_lead_var/zos/lead_04,40,1783312811.6864476,0.012026560492813587
loss/val_denorm_lead_var/zos/lead_05,40,1783312811.7150395,0.013534992933273315
loss/val_denorm_lead_var/zos/lead_06,40,1783312812.136107,0.014916880056262016
loss/val_denorm_lead_var/zos/lead_07,40,1783312812.3580673,0.016222860664129257
loss/val_denorm_lead_var/zos/lead_08,40,1783312812.3705518,0.017466137185692787
loss/val_denorm_var/siconc,40,1783312810.811114,0.006275417283177376
loss/val_denorm_var/sithick,40,1783312811.0097888,0.007091957610100508
loss/val_denorm_var/so,40,1783312812.8188608,0.0225092563778162
loss/val_denorm_var/thetao,40,1783312812.3901892,0.0922146737575531
loss/val_denorm_var/uo,40,1783312812.9889405,0.01589118130505085
loss/val_denorm_var/vo,40,1783312813.1242876,0.016985995694994926
loss/val_denorm_var/zos,40,1783312811.3652558,0.012365208007395267
loss/val_lead/lead_01,40,1783312810.423894,0.0009821945568546653
loss/val_lead/lead_02,40,1783312810.4239066,0.0014730789698660374
loss/val_lead/lead_03,40,1783312810.4243557,0.0018874718807637691
loss/val_lead/lead_04,40,1783312810.6611931,0.002260779030621052
loss/val_lead/lead_05,40,1783312810.678806,0.0026056976057589054
loss/val_lead/lead_06,40,1783312810.6994169,0.002925327979028225
loss/val_lead/lead_07,40,1783312810.7251313,0.0032215232495218515
loss/val_lead/lead_08,40,1783312810.7790842,0.0034969376865774393
loss/val_lead_var/siconc/lead_01,40,1783312810.8212295,0.0025360193103551865
loss/val_lead_var/siconc/lead_02,40,1783312810.8375857,0.00415007071569562
loss/val_lead_var/siconc/lead_03,40,1783312810.8510265,0.005351923871785402
loss/val_lead_var/siconc/lead_04,40,1783312810.8638732,0.006308602634817362
loss/val_lead_var/siconc/lead_05,40,1783312810.8891568,0.007092819083482027
loss/val_lead_var/siconc/lead_06,40,1783312810.9041088,0.007743125315755606
loss/val_lead_var/siconc/lead_07,40,1783312810.9354904,0.00828490499407053
loss/val_lead_var/siconc/lead_08,40,1783312810.971432,0.008735822513699532
loss/val_lead_var/sithick/lead_01,40,1783312811.0154955,0.00039514104719273746
loss/val_lead_var/sithick/lead_02,40,1783312811.0303578,0.0006133941351436079
loss/val_lead_var/sithick/lead_03,40,1783312811.048748,0.0007750272052362561
loss/val_lead_var/sithick/lead_04,40,1783312811.0601366,0.0009108369704335928
loss/val_lead_var/sithick/lead_05,40,1783312811.0730786,0.0010309499921277165
loss/val_lead_var/sithick/lead_06,40,1783312811.28829,0.0011401495430618525
loss/val_lead_var/sithick/lead_07,40,1783312811.3050528,0.001241645310074091
loss/val_lead_var/sithick/lead_08,40,1783312811.317349,0.0013368242653086782
loss/val_lead_var/so/lead_01,40,1783312812.8239934,0.0002517557004466653
loss/val_lead_var/so/lead_02,40,1783312812.8387625,0.00041725183837115765
loss/val_lead_var/so/lead_03,40,1783312812.8528852,0.0005580884753726423
loss/val_lead_var/so/lead_04,40,1783312812.8666406,0.0006850981153547764
loss/val_lead_var/so/lead_05,40,1783312812.8801026,0.0008015161147341132
loss/val_lead_var/so/lead_06,40,1783312812.8944712,0.0009089301456697285
loss/val_lead_var/so/lead_07,40,1783312812.9099417,0.0010085550602525473
loss/val_lead_var/so/lead_08,40,1783312812.9474373,0.0011014306219294667
loss/val_lead_var/thetao/lead_01,40,1783312812.3943217,0.0009066950879059732
loss/val_lead_var/thetao/lead_02,40,1783312812.4104779,0.001540843746624887
loss/val_lead_var/thetao/lead_03,40,1783312812.426128,0.0021064127795398235
loss/val_lead_var/thetao/lead_04,40,1783312812.453383,0.0026272358372807503
loss/val_lead_var/thetao/lead_05,40,1783312812.4853199,0.003109130309894681
loss/val_lead_var/thetao/lead_06,40,1783312812.5251338,0.003556949784979224
loss/val_lead_var/thetao/lead_07,40,1783312812.5571928,0.003973783925175667
loss/val_lead_var/thetao/lead_08,40,1783312812.5737617,0.00436313496902585
loss/val_lead_var/uo/lead_01,40,1783312812.9944212,0.0041523342952132225
loss/val_lead_var/uo/lead_02,40,1783312813.009079,0.005429629236459732
loss/val_lead_var/uo/lead_03,40,1783312813.0220897,0.006571350619196892
loss/val_lead_var/uo/lead_04,40,1783312813.034567,0.007643328979611397
loss/val_lead_var/uo/lead_05,40,1783312813.049056,0.008684113621711731
loss/val_lead_var/uo/lead_06,40,1783312813.0677502,0.009686116129159927
loss/val_lead_var/uo/lead_07,40,1783312813.079719,0.010634690523147583
loss/val_lead_var/uo/lead_08,40,1783312813.096401,0.011543435975909233
loss/val_lead_var/vo/lead_01,40,1783312813.1306183,0.004313528537750244
loss/val_lead_var/vo/lead_02,40,1783312813.1576743,0.005703274626284838
loss/val_lead_var/vo/lead_03,40,1783312813.180115,0.0069765024818480015
loss/val_lead_var/vo/lead_04,40,1783312813.2068117,0.008193328976631165
loss/val_lead_var/vo/lead_05,40,1783312813.235782,0.009386638179421425
loss/val_lead_var/vo/lead_06,40,1783312813.259801,0.01054014265537262
loss/val_lead_var/vo/lead_07,40,1783312813.2757852,0.011629335582256317
loss/val_lead_var/vo/lead_08,40,1783312813.2973528,0.012644235044717789
loss/val_lead_var/zos/lead_01,40,1783312811.373352,0.0015159901231527328
loss/val_lead_var/zos/lead_02,40,1783312811.4074557,0.002189797814935446
loss/val_lead_var/zos/lead_03,40,1783312811.437547,0.0026785768568515778
loss/val_lead_var/zos/lead_04,40,1783312811.6663063,0.003101770766079426
loss/val_lead_var/zos/lead_05,40,1783312811.696977,0.0034908107481896877
loss/val_lead_var/zos/lead_06,40,1783312811.9243069,0.003847213461995125
loss/val_lead_var/zos/lead_07,40,1783312812.1415327,0.004184039309620857
loss/val_lead_var/zos/lead_08,40,1783312812.362501,0.004504692275077105
loss/val_norm,40,1783312810.4238727,0.0023566263262182474
loss/val_norm_lead/lead_01,40,1783312810.4238982,0.0009821945568546653
loss/val_norm_lead/lead_02,40,1783312810.4239106,0.0014730789698660374
loss/val_norm_lead/lead_03,40,1783312810.4330719,0.0018874718807637691
loss/val_norm_lead/lead_04,40,1783312810.6680448,0.002260779030621052
loss/val_norm_lead/lead_05,40,1783312810.689037,0.0026056976057589054
loss/val_norm_lead/lead_06,40,1783312810.7065563,0.002925327979028225
loss/val_norm_lead/lead_07,40,1783312810.7359421,0.0032215232495218515
loss/val_norm_lead/lead_08,40,1783312810.788036,0.0034969376865774393
loss/val_norm_lead_var/siconc/lead_01,40,1783312810.82686,0.0025360193103551865
loss/val_norm_lead_var/siconc/lead_02,40,1783312810.8423254,0.00415007071569562
loss/val_norm_lead_var/siconc/lead_03,40,1783312810.8549984,0.005351923871785402
loss/val_norm_lead_var/siconc/lead_04,40,1783312810.8702452,0.006308602634817362
loss/val_norm_lead_var/siconc/lead_05,40,1783312810.8937435,0.007092819083482027
loss/val_norm_lead_var/siconc/lead_06,40,1783312810.910729,0.007743125315755606
loss/val_norm_lead_var/siconc/lead_07,40,1783312810.9485967,0.00828490499407053
loss/val_norm_lead_var/siconc/lead_08,40,1783312810.9836037,0.008735822513699532
loss/val_norm_lead_var/sithick/lead_01,40,1783312811.021122,0.00039514104719273746
loss/val_norm_lead_var/sithick/lead_02,40,1783312811.0368798,0.0006133941351436079
loss/val_norm_lead_var/sithick/lead_03,40,1783312811.0526206,0.0007750272052362561
loss/val_norm_lead_var/sithick/lead_04,40,1783312811.0662372,0.0009108369704335928
loss/val_norm_lead_var/sithick/lead_05,40,1783312811.076775,0.0010309499921277165
loss/val_norm_lead_var/sithick/lead_06,40,1783312811.2954211,0.0011401495430618525
loss/val_norm_lead_var/sithick/lead_07,40,1783312811.3091505,0.001241645310074091
loss/val_norm_lead_var/sithick/lead_08,40,1783312811.3209054,0.0013368242653086782
loss/val_norm_lead_var/so/lead_01,40,1783312812.8289998,0.0002517557004466653
loss/val_norm_lead_var/so/lead_02,40,1783312812.8440025,0.00041725183837115765
loss/val_norm_lead_var/so/lead_03,40,1783312812.8571682,0.0005580884753726423
loss/val_norm_lead_var/so/lead_04,40,1783312812.8710105,0.0006850981153547764
loss/val_norm_lead_var/so/lead_05,40,1783312812.8849144,0.0008015161147341132
loss/val_norm_lead_var/so/lead_06,40,1783312812.899579,0.0009089301456697285
loss/val_norm_lead_var/so/lead_07,40,1783312812.9219306,0.0010085550602525473
loss/val_norm_lead_var/so/lead_08,40,1783312812.958978,0.0011014306219294667
loss/val_norm_lead_var/thetao/lead_01,40,1783312812.3984423,0.0009066950879059732
loss/val_norm_lead_var/thetao/lead_02,40,1783312812.4154813,0.001540843746624887
loss/val_norm_lead_var/thetao/lead_03,40,1783312812.4358637,0.0021064127795398235
loss/val_norm_lead_var/thetao/lead_04,40,1783312812.45881,0.0026272358372807503
loss/val_norm_lead_var/thetao/lead_05,40,1783312812.49601,0.003109130309894681
loss/val_norm_lead_var/thetao/lead_06,40,1783312812.5389154,0.003556949784979224
loss/val_norm_lead_var/thetao/lead_07,40,1783312812.56294,0.003973783925175667
loss/val_norm_lead_var/thetao/lead_08,40,1783312812.5786262,0.00436313496902585
loss/val_norm_lead_var/uo/lead_01,40,1783312813.0000656,0.0041523342952132225
loss/val_norm_lead_var/uo/lead_02,40,1783312813.0138197,0.005429629236459732
loss/val_norm_lead_var/uo/lead_03,40,1783312813.026092,0.006571350619196892
loss/val_norm_lead_var/uo/lead_04,40,1783312813.0389917,0.007643328979611397
loss/val_norm_lead_var/uo/lead_05,40,1783312813.0587504,0.008684113621711731
loss/val_norm_lead_var/uo/lead_06,40,1783312813.0715892,0.009686116129159927
loss/val_norm_lead_var/uo/lead_07,40,1783312813.0833836,0.010634690523147583
loss/val_norm_lead_var/uo/lead_08,40,1783312813.1020133,0.011543435975909233
loss/val_norm_lead_var/vo/lead_01,40,1783312813.1407247,0.004313528537750244
loss/val_norm_lead_var/vo/lead_02,40,1783312813.162742,0.005703274626284838
loss/val_norm_lead_var/vo/lead_03,40,1783312813.1883097,0.0069765024818480015
loss/val_norm_lead_var/vo/lead_04,40,1783312813.2169404,0.008193328976631165
loss/val_norm_lead_var/vo/lead_05,40,1783312813.2463925,0.009386638179421425
loss/val_norm_lead_var/vo/lead_06,40,1783312813.2650838,0.01054014265537262
loss/val_norm_lead_var/vo/lead_07,40,1783312813.284161,0.011629335582256317
loss/val_norm_lead_var/vo/lead_08,40,1783312813.3029828,0.012644235044717789
loss/val_norm_lead_var/zos/lead_01,40,1783312811.3854036,0.0015159901231527328
loss/val_norm_lead_var/zos/lead_02,40,1783312811.417337,0.002189797814935446
loss/val_norm_lead_var/zos/lead_03,40,1783312811.4460316,0.0026785768568515778
loss/val_norm_lead_var/zos/lead_04,40,1783312811.677072,0.003101770766079426
loss/val_norm_lead_var/zos/lead_05,40,1783312811.7057533,0.0034908107481896877
loss/val_norm_lead_var/zos/lead_06,40,1783312811.9290824,0.003847213461995125
loss/val_norm_lead_var/zos/lead_07,40,1783312812.1495714,0.004184039309620857
loss/val_norm_lead_var/zos/lead_08,40,1783312812.3664026,0.004504692275077105
loss/val_norm_var/siconc,40,1783312810.8050148,0.0062754107639193535
loss/val_norm_var/sithick,40,1783312811.0049736,0.0009304960840381682
loss/val_norm_var/so,40,1783312812.8133187,0.0007165782735683024
loss/val_norm_var/thetao,40,1783312812.3857698,0.0027730234432965517
loss/val_norm_var/uo,40,1783312812.9841611,0.00804312527179718
loss/val_norm_var/vo,40,1783312813.1184385,0.008673373609781265
loss/val_norm_var/zos,40,1783312811.3595247,0.0031891113612800837
loss/val_var/siconc,40,1783312810.800175,0.0062754107639193535
loss/val_var/sithick,40,1783312811.000601,0.0009304960840381682
loss/val_var/so,40,1783312812.7981224,0.0007165782735683024
loss/val_var/thetao,40,1783312812.379667,0.0027730234432965517
loss/val_var/uo,40,1783312812.9795294,0.00804312527179718
loss/val_var/vo,40,1783312813.1130526,0.008673373609781265
loss/val_var/zos,40,1783312811.3532674,0.0031891113612800837
loss/train,41,1783314918.1529546,0.0021072605159133673
loss/train,42,1783317023.754196,0.002106487052515149
loss/train,43,1783319127.253556,0.0021047741174697876
loss/train,44,1783321232.1845174,0.0021037806291133165
loss/ema_val,45,1783323733.8150866,0.002307111630216241
loss/ema_val_denorm,45,1783323733.8150911,0.03451720252633095
loss/train,45,1783323338.6200194,0.00210267910733819
loss/val,45,1783323733.8150475,0.002358599565923214
loss/val_denorm,45,1783323733.8150814,0.035115960985422134
loss/val_denorm_lead/lead_01,45,1783323733.8151045,0.012374392710626125
loss/val_denorm_lead/lead_02,45,1783323733.8151174,0.020316649228334427
loss/val_denorm_lead/lead_03,45,1783323733.8199677,0.02718932554125786
loss/val_denorm_lead/lead_04,45,1783323733.82339,0.033450741320848465
loss/val_denorm_lead/lead_05,45,1783323733.8285613,0.03923230245709419
loss/val_denorm_lead/lead_06,45,1783323733.8346977,0.044587843120098114
loss/val_denorm_lead/lead_07,45,1783323733.8436604,0.049566734582185745
loss/val_denorm_lead/lead_08,45,1783323733.8505595,0.05420968681573868
loss/val_denorm_lead_var/siconc/lead_01,45,1783323733.8628933,0.0025400358717888594
loss/val_denorm_lead_var/siconc/lead_02,45,1783323733.866819,0.004167571198195219
loss/val_denorm_lead_var/siconc/lead_03,45,1783323733.8713863,0.005390068516135216
loss/val_denorm_lead_var/siconc/lead_04,45,1783323733.8966067,0.006372322328388691
loss/val_denorm_lead_var/siconc/lead_05,45,1783323733.9006538,0.007183723617345095
loss/val_denorm_lead_var/siconc/lead_06,45,1783323733.904329,0.007862916216254234
loss/val_denorm_lead_var/siconc/lead_07,45,1783323733.907907,0.008435687981545925
loss/val_denorm_lead_var/siconc/lead_08,45,1783323733.9109023,0.008920065127313137
loss/val_denorm_lead_var/sithick/lead_01,45,1783323733.9168487,0.003008148865774274
loss/val_denorm_lead_var/sithick/lead_02,45,1783323733.9196439,0.004673955962061882
loss/val_denorm_lead_var/sithick/lead_03,45,1783323733.9226153,0.005910173058509827
loss/val_denorm_lead_var/sithick/lead_04,45,1783323733.9258957,0.006948048248887062
loss/val_denorm_lead_var/sithick/lead_05,45,1783323733.930193,0.007863912731409073
loss/val_denorm_lead_var/sithick/lead_06,45,1783323733.9335113,0.008695058524608612
loss/val_denorm_lead_var/sithick/lead_07,45,1783323733.937167,0.00946814101189375
loss/val_denorm_lead_var/sithick/lead_08,45,1783323733.9406896,0.010193688794970512
loss/val_denorm_lead_var/so/lead_01,45,1783323734.024483,0.008061567321419716
loss/val_denorm_lead_var/so/lead_02,45,1783323734.0275438,0.013248755596578121
loss/val_denorm_lead_var/so/lead_03,45,1783323734.0307517,0.017605245113372803
loss/val_denorm_lead_var/so/lead_04,45,1783323734.0342214,0.021506957709789276
loss/val_denorm_lead_var/so/lead_05,45,1783323734.0371563,0.02507166378200054
loss/val_denorm_lead_var/so/lead_06,45,1783323734.058533,0.028353873640298843
loss/val_denorm_lead_var/so/lead_07,45,1783323734.0615325,0.0313950814306736
loss/val_denorm_lead_var/so/lead_08,45,1783323734.0644011,0.03422814607620239
loss/val_denorm_lead_var/thetao/lead_01,45,1783323733.9975307,0.03017011657357216
loss/val_denorm_lead_var/thetao/lead_02,45,1783323734.0002408,0.051162660121917725
loss/val_denorm_lead_var/thetao/lead_03,45,1783323734.0031793,0.06976776570081711
loss/val_denorm_lead_var/thetao/lead_04,45,1783323734.0060313,0.08690013736486435
loss/val_denorm_lead_var/thetao/lead_05,45,1783323734.0090034,0.10279005765914917
loss/val_denorm_lead_var/thetao/lead_06,45,1783323734.0119653,0.11754060536623001
loss/val_denorm_lead_var/thetao/lead_07,45,1783323734.0150156,0.13126324117183685
loss/val_denorm_lead_var/thetao/lead_08,45,1783323734.01822,0.14405278861522675
loss/val_denorm_lead_var/uo/lead_01,45,1783323734.073028,0.00853632390499115
loss/val_denorm_lead_var/uo/lead_02,45,1783323734.076631,0.010939076542854309
loss/val_denorm_lead_var/uo/lead_03,45,1783323734.0803921,0.013085246086120605
loss/val_denorm_lead_var/uo/lead_04,45,1783323734.0836205,0.01511011179536581
loss/val_denorm_lead_var/uo/lead_05,45,1783323734.0868814,0.01706833206117153
loss/val_denorm_lead_var/uo/lead_06,45,1783323734.089944,0.018960701301693916
loss/val_denorm_lead_var/uo/lead_07,45,1783323734.0933378,0.02076367847621441
loss/val_denorm_lead_var/uo/lead_08,45,1783323734.096645,0.02248724363744259
loss/val_denorm_lead_var/vo/lead_01,45,1783323734.1028256,0.008655051700770855
loss/val_denorm_lead_var/vo/lead_02,45,1783323734.1058733,0.011297565884888172
loss/val_denorm_lead_var/vo/lead_03,45,1783323734.108812,0.013744085095822811
loss/val_denorm_lead_var/vo/lead_04,45,1783323734.1118968,0.016087502241134644
loss/val_denorm_lead_var/vo/lead_05,45,1783323734.114941,0.01836828701198101
loss/val_denorm_lead_var/vo/lead_06,45,1783323734.1179602,0.020562440156936646
loss/val_denorm_lead_var/vo/lead_07,45,1783323734.1210637,0.022630423307418823
loss/val_denorm_lead_var/vo/lead_08,45,1783323734.147503,0.02457999996840954
loss/val_denorm_lead_var/zos/lead_01,45,1783323733.9474547,0.005890326574444771
loss/val_denorm_lead_var/zos/lead_02,45,1783323733.9511268,0.008503327146172523
loss/val_denorm_lead_var/zos/lead_03,45,1783323733.9563844,0.010426346212625504
loss/val_denorm_lead_var/zos/lead_04,45,1783323733.9606118,0.012103121727705002
loss/val_denorm_lead_var/zos/lead_05,45,1783323733.9797087,0.013652931898832321
loss/val_denorm_lead_var/zos/lead_06,45,1783323733.9845517,0.015080483630299568
loss/val_denorm_lead_var/zos/lead_07,45,1783323733.98786,0.016434475779533386
loss/val_denorm_lead_var/zos/lead_08,45,1783323733.9915168,0.017725463956594467
loss/val_denorm_var/siconc,45,1783323733.8573682,0.006359048653393984
loss/val_denorm_var/sithick,45,1783323733.9140933,0.0070951408706605434
loss/val_denorm_var/so,45,1783323734.0212774,0.02243391051888466
loss/val_denorm_var/thetao,45,1783323733.9945107,0.09170592576265335
loss/val_denorm_var/uo,45,1783323734.0698571,0.015868838876485825
loss/val_denorm_var/vo,45,1783323734.0997992,0.016990669071674347
loss/val_denorm_var/zos,45,1783323733.9440587,0.012477059848606586
loss/val_lead/lead_01,45,1783323733.815096,0.0009785870788618922
loss/val_lead/lead_02,45,1783323733.8151088,0.0014673701953142881
loss/val_lead/lead_03,45,1783323733.815419,0.0018832507776096463
loss/val_lead/lead_04,45,1783323733.8211658,0.002259450266137719
loss/val_lead/lead_05,45,1783323733.8246586,0.002607660600915551
loss/val_lead/lead_06,45,1783323733.8304975,0.002930806716904044
loss/val_lead/lead_07,45,1783323733.8383312,0.003230928210541606
loss/val_lead/lead_08,45,1783323733.8456256,0.003510743146762252
loss/val_lead_var/siconc/lead_01,45,1783323733.8589966,0.002540033310651779
loss/val_lead_var/siconc/lead_02,45,1783323733.8646169,0.004167567007243633
loss/val_lead_var/siconc/lead_03,45,1783323733.8680549,0.005390063393861055
loss/val_lead_var/siconc/lead_04,45,1783323733.8935227,0.006372315809130669
loss/val_lead_var/siconc/lead_05,45,1783323733.897988,0.007183716632425785
loss/val_lead_var/siconc/lead_06,45,1783323733.90179,0.007862908765673637
loss/val_lead_var/siconc/lead_07,45,1783323733.9055674,0.008435679599642754
loss/val_lead_var/siconc/lead_08,45,1783323733.9090023,0.008920055814087391
loss/val_lead_var/sithick/lead_01,45,1783323733.9151075,0.00039468237082473934
loss/val_lead_var/sithick/lead_02,45,1783323733.9178743,0.0006132436101324856
loss/val_lead_var/sithick/lead_03,45,1783323733.920684,0.0007754407124593854
loss/val_lead_var/sithick/lead_04,45,1783323733.9235883,0.0009116145083680749
loss/val_lead_var/sithick/lead_05,45,1783323733.927111,0.0010317799169570208
loss/val_lead_var/sithick/lead_06,45,1783323733.9313502,0.001140829874202609
loss/val_lead_var/sithick/lead_07,45,1783323733.9346085,0.0012422617292031646
loss/val_lead_var/sithick/lead_08,45,1783323733.9383547,0.0013374567497521639
loss/val_lead_var/so/lead_01,45,1783323734.0221636,0.0002514546213205904
loss/val_lead_var/so/lead_02,45,1783323734.0256195,0.0004156056675128639
loss/val_lead_var/so/lead_03,45,1783323734.0284345,0.0005557428812608123
loss/val_lead_var/so/lead_04,45,1783323734.0319774,0.0006824459997005761
loss/val_lead_var/so/lead_05,45,1783323734.0353107,0.0007988747674971819
loss/val_lead_var/so/lead_06,45,1783323734.0383914,0.0009064762271009386
loss/val_lead_var/so/lead_07,45,1783323734.0595052,0.0010064193047583103
loss/val_lead_var/so/lead_08,45,1783323734.0625722,0.001099689514376223
loss/val_lead_var/thetao/lead_01,45,1783323733.9955142,0.0008996422402560711
loss/val_lead_var/thetao/lead_02,45,1783323733.9984617,0.0015297364443540573
loss/val_lead_var/thetao/lead_03,45,1783323734.0011919,0.0020912811160087585
loss/val_lead_var/thetao/lead_04,45,1783323734.0038989,0.0026101560797542334
loss/val_lead_var/thetao/lead_05,45,1783323734.006863,0.003092733444646001
loss/val_lead_var/thetao/lead_06,45,1783323734.0099356,0.003541722893714905
loss/val_lead_var/thetao/lead_07,45,1783323734.013051,0.0039602359756827354
loss/val_lead_var/thetao/lead_08,45,1783323734.015927,0.004351065028458834
loss/val_lead_var/uo/lead_01,45,1783323734.070922,0.004124722443521023
loss/val_lead_var/uo/lead_02,45,1783323734.0742893,0.005384156480431557
loss/val_lead_var/uo/lead_03,45,1783323734.0779119,0.006533542647957802
loss/val_lead_var/uo/lead_04,45,1783323734.0814261,0.007619963958859444
loss/val_lead_var/uo/lead_05,45,1783323734.0846741,0.008673432283103466
loss/val_lead_var/uo/lead_06,45,1783323734.0879362,0.009691176004707813
loss/val_lead_var/uo/lead_07,45,1783323734.0910435,0.010658513754606247
loss/val_lead_var/uo/lead_08,45,1783323734.0942707,0.011582119390368462
loss/val_lead_var/vo/lead_01,45,1783323734.1008847,0.004293981473892927
loss/val_lead_var/vo/lead_02,45,1783323734.1039705,0.005675870459526777
loss/val_lead_var/vo/lead_03,45,1783323734.1068974,0.00696798088029027
loss/val_lead_var/vo/lead_04,45,1783323734.1097238,0.008205157704651356
loss/val_lead_var/vo/lead_05,45,1783323734.1129105,0.009409736841917038
loss/val_lead_var/vo/lead_06,45,1783323734.116066,0.010569113306701183
loss/val_lead_var/vo/lead_07,45,1783323734.1188827,0.011662944220006466
loss/val_lead_var/vo/lead_08,45,1783323734.1441247,0.012694303877651691
loss/val_lead_var/zos/lead_01,45,1783323733.9451485,0.001519174431450665
loss/val_lead_var/zos/lead_02,45,1783323733.9486148,0.0021930935326963663
loss/val_lead_var/zos/lead_03,45,1783323733.9533854,0.002689059590920806
loss/val_lead_var/zos/lead_04,45,1783323733.9577408,0.003121516667306423
loss/val_lead_var/zos/lead_05,45,1783323733.9765031,0.0035212284419685602
loss/val_lead_var/zos/lead_06,45,1783323733.9809163,0.0038894081953912973
loss/val_lead_var/zos/lead_07,45,1783323733.9855552,0.0042386166751384735
loss/val_lead_var/zos/lead_08,45,1783323733.9889145,0.004571575205773115
loss/val_norm,45,1783323733.815074,0.002358599565923214
loss/val_norm_lead/lead_01,45,1783323733.8151002,0.0009785870788618922
loss/val_norm_lead/lead_02,45,1783323733.815113,0.0014673701953142881
loss/val_norm_lead/lead_03,45,1783323733.8182065,0.0018832507776096463
loss/val_norm_lead/lead_04,45,1783323733.8220766,0.002259450266137719
loss/val_norm_lead/lead_05,45,1783323733.8257027,0.002607660600915551
loss/val_norm_lead/lead_06,45,1783323733.8323529,0.002930806716904044
loss/val_norm_lead/lead_07,45,1783323733.8410363,0.003230928210541606
loss/val_norm_lead/lead_08,45,1783323733.8483336,0.003510743146762252
loss/val_norm_lead_var/siconc/lead_01,45,1783323733.8608494,0.002540033310651779
loss/val_norm_lead_var/siconc/lead_02,45,1783323733.8657944,0.004167567007243633
loss/val_norm_lead_var/siconc/lead_03,45,1783323733.869641,0.005390063393861055
loss/val_norm_lead_var/siconc/lead_04,45,1783323733.8951836,0.006372315809130669
loss/val_norm_lead_var/siconc/lead_05,45,1783323733.8992555,0.007183716632425785
loss/val_norm_lead_var/siconc/lead_06,45,1783323733.9031014,0.007862908765673637
loss/val_norm_lead_var/siconc/lead_07,45,1783323733.9068685,0.008435679599642754
loss/val_norm_lead_var/siconc/lead_08,45,1783323733.9098842,0.008920055814087391
loss/val_norm_lead_var/sithick/lead_01,45,1783323733.9159472,0.00039468237082473934
loss/val_norm_lead_var/sithick/lead_02,45,1783323733.9188588,0.0006132436101324856
loss/val_norm_lead_var/sithick/lead_03,45,1783323733.9214993,0.0007754407124593854
loss/val_norm_lead_var/sithick/lead_04,45,1783323733.9246218,0.0009116145083680749
loss/val_norm_lead_var/sithick/lead_05,45,1783323733.9282992,0.0010317799169570208
loss/val_norm_lead_var/sithick/lead_06,45,1783323733.932456,0.001140829874202609
loss/val_norm_lead_var/sithick/lead_07,45,1783323733.9359176,0.0012422617292031646
loss/val_norm_lead_var/sithick/lead_08,45,1783323733.9395537,0.0013374567497521639
loss/val_norm_lead_var/so/lead_01,45,1783323734.023337,0.0002514546213205904
loss/val_norm_lead_var/so/lead_02,45,1783323734.0265412,0.0004156056675128639
loss/val_norm_lead_var/so/lead_03,45,1783323734.0293984,0.0005557428812608123
loss/val_norm_lead_var/so/lead_04,45,1783323734.033104,0.0006824459997005761
loss/val_norm_lead_var/so/lead_05,45,1783323734.0363042,0.0007988747674971819
loss/val_norm_lead_var/so/lead_06,45,1783323734.0571916,0.0009064762271009386
loss/val_norm_lead_var/so/lead_07,45,1783323734.0605488,0.0010064193047583103
loss/val_norm_lead_var/so/lead_08,45,1783323734.0635102,0.001099689514376223
loss/val_norm_lead_var/thetao/lead_01,45,1783323733.9967022,0.0008996422402560711
loss/val_norm_lead_var/thetao/lead_02,45,1783323733.9992805,0.0015297364443540573
loss/val_norm_lead_var/thetao/lead_03,45,1783323734.002124,0.0020912811160087585
loss/val_norm_lead_var/thetao/lead_04,45,1783323734.0049353,0.0026101560797542334
loss/val_norm_lead_var/thetao/lead_05,45,1783323734.0079288,0.003092733444646001
loss/val_norm_lead_var/thetao/lead_06,45,1783323734.010972,0.003541722893714905
loss/val_norm_lead_var/thetao/lead_07,45,1783323734.0140336,0.0039602359756827354
loss/val_norm_lead_var/thetao/lead_08,45,1783323734.0171158,0.004351065028458834
loss/val_norm_lead_var/uo/lead_01,45,1783323734.072049,0.004124722443521023
loss/val_norm_lead_var/uo/lead_02,45,1783323734.0754442,0.005384156480431557
loss/val_norm_lead_var/uo/lead_03,45,1783323734.07903,0.006533542647957802
loss/val_norm_lead_var/uo/lead_04,45,1783323734.0825925,0.007619963958859444
loss/val_norm_lead_var/uo/lead_05,45,1783323734.0856466,0.008673432283103466
loss/val_norm_lead_var/uo/lead_06,45,1783323734.08887,0.009691176004707813
loss/val_norm_lead_var/uo/lead_07,45,1783323734.0923555,0.010658513754606247
loss/val_norm_lead_var/uo/lead_08,45,1783323734.0955899,0.011582119390368462
loss/val_norm_lead_var/vo/lead_01,45,1783323734.101774,0.004293981473892927
loss/val_norm_lead_var/vo/lead_02,45,1783323734.1048102,0.005675870459526777
loss/val_norm_lead_var/vo/lead_03,45,1783323734.1078296,0.00696798088029027
loss/val_norm_lead_var/vo/lead_04,45,1783323734.1108928,0.008205157704651356
loss/val_norm_lead_var/vo/lead_05,45,1783323734.1138527,0.009409736841917038
loss/val_norm_lead_var/vo/lead_06,45,1783323734.1171103,0.010569113306701183
loss/val_norm_lead_var/vo/lead_07,45,1783323734.119875,0.011662944220006466
loss/val_norm_lead_var/vo/lead_08,45,1783323734.1461215,0.012694303877651691
loss/val_norm_lead_var/zos/lead_01,45,1783323733.9463031,0.001519174431450665
loss/val_norm_lead_var/zos/lead_02,45,1783323733.9497502,0.0021930935326963663
loss/val_norm_lead_var/zos/lead_03,45,1783323733.9549599,0.002689059590920806
loss/val_norm_lead_var/zos/lead_04,45,1783323733.9590645,0.003121516667306423
loss/val_norm_lead_var/zos/lead_05,45,1783323733.9782927,0.0035212284419685602
loss/val_norm_lead_var/zos/lead_06,45,1783323733.9833128,0.0038894081953912973
loss/val_norm_lead_var/zos/lead_07,45,1783323733.98662,0.0042386166751384735
loss/val_norm_lead_var/zos/lead_08,45,1783323733.9904704,0.004571575205773115
loss/val_norm_var/siconc,45,1783323733.8553638,0.006359042599797249
loss/val_norm_var/sithick,45,1783323733.9132657,0.0009309137240052223
loss/val_norm_var/so,45,1783323734.0201876,0.0007145886193029583
loss/val_norm_var/thetao,45,1783323733.9935281,0.0027595716528594494
loss/val_norm_var/uo,45,1783323734.0687501,0.008033453486859798
loss/val_norm_var/vo,45,1783323734.0985806,0.008684885688126087
loss/val_norm_var/zos,45,1783323733.942849,0.003217959078028798
loss/val_var/siconc,45,1783323733.853067,0.006359042599797249
loss/val_var/sithick,45,1783323733.912244,0.0009309137240052223
loss/val_var/so,45,1783323734.0192535,0.0007145886193029583
loss/val_var/thetao,45,1783323733.9925315,0.0027595716528594494
loss/val_var/uo,45,1783323734.067551,0.008033453486859798
loss/val_var/vo,45,1783323734.0975666,0.008684885688126087
loss/val_var/zos,45,1783323733.9418037,0.003217959078028798
loss/train,46,1783325842.2729704,0.00209957011975348
loss/train,47,1783327945.7131748,0.00209779548458755
loss/train,48,1783330051.1637673,0.002100549638271332
loss/train,49,1783332160.5168517,0.0020983449649065733
loss/ema_val,50,1783334663.9240308,0.0023041381500661373
loss/ema_val_denorm,50,1783334663.9240353,0.03446775674819946
loss/train,50,1783334267.47253,0.0020977631211280823
loss/val,50,1783334663.9239864,0.002358943922445178
loss/val_denorm,50,1783334663.9240255,0.0351734459400177
loss/val_denorm_lead/lead_01,50,1783334663.924048,0.012419527396559715
loss/val_denorm_lead/lead_02,50,1783334663.9240603,0.020388899371027946
loss/val_denorm_lead/lead_03,50,1783334663.9295604,0.027267877012491226
loss/val_denorm_lead/lead_04,50,1783334663.935169,0.0335235670208931
loss/val_denorm_lead/lead_05,50,1783334663.941336,0.0392938069999218
loss/val_denorm_lead/lead_06,50,1783334663.9472983,0.04463934153318405
loss/val_denorm_lead/lead_07,50,1783334663.9533246,0.04960932955145836
loss/val_denorm_lead/lead_08,50,1783334663.9590454,0.0542452298104763
loss/val_denorm_lead_var/siconc/lead_01,50,1783334663.969178,0.002573444275185466
loss/val_denorm_lead_var/siconc/lead_02,50,1783334663.9751751,0.0042146253399550915
loss/val_denorm_lead_var/siconc/lead_03,50,1783334663.981358,0.00543941231444478
loss/val_denorm_lead_var/siconc/lead_04,50,1783334663.9873197,0.0064156330190598965
loss/val_denorm_lead_var/siconc/lead_05,50,1783334663.993284,0.007217015605419874
loss/val_denorm_lead_var/siconc/lead_06,50,1783334663.9996357,0.00788252055644989
loss/val_denorm_lead_var/siconc/lead_07,50,1783334664.0111983,0.008437922224402428
loss/val_denorm_lead_var/siconc/lead_08,50,1783334664.0170856,0.008902966976165771
loss/val_denorm_lead_var/sithick/lead_01,50,1783334664.0292506,0.003081882605329156
loss/val_denorm_lead_var/sithick/lead_02,50,1783334664.0341356,0.004823019728064537
loss/val_denorm_lead_var/sithick/lead_03,50,1783334664.0401332,0.006134939379990101
loss/val_denorm_lead_var/sithick/lead_04,50,1783334664.0456417,0.007251590024679899
loss/val_denorm_lead_var/sithick/lead_05,50,1783334664.052307,0.008247451856732368
loss/val_denorm_lead_var/sithick/lead_06,50,1783334664.0574374,0.009160204790532589
loss/val_denorm_lead_var/sithick/lead_07,50,1783334664.061269,0.010012996383011341
loss/val_denorm_lead_var/sithick/lead_08,50,1783334664.0675037,0.010817397385835648
loss/val_denorm_lead_var/so/lead_01,50,1783334664.1888218,0.008072201162576675
loss/val_denorm_lead_var/so/lead_02,50,1783334664.192583,0.013279433362185955
loss/val_denorm_lead_var/so/lead_03,50,1783334664.1959429,0.017642371356487274
loss/val_denorm_lead_var/so/lead_04,50,1783334664.1996245,0.021548260003328323
loss/val_denorm_lead_var/so/lead_05,50,1783334664.2030895,0.02511676400899887
loss/val_denorm_lead_var/so/lead_06,50,1783334664.2073154,0.028403375297784805
loss/val_denorm_lead_var/so/lead_07,50,1783334664.210821,0.03144904971122742
loss/val_denorm_lead_var/so/lead_08,50,1783334664.2146602,0.03428662195801735
loss/val_denorm_lead_var/thetao/lead_01,50,1783334664.1483328,0.030298590660095215
loss/val_denorm_lead_var/thetao/lead_02,50,1783334664.1542559,0.0513494573533535
loss/val_denorm_lead_var/thetao/lead_03,50,1783334664.1617563,0.0699639618396759
loss/val_denorm_lead_var/thetao/lead_04,50,1783334664.1666296,0.08705867826938629
loss/val_denorm_lead_var/thetao/lead_05,50,1783334664.1705444,0.10288361459970474
loss/val_denorm_lead_var/thetao/lead_06,50,1783334664.1743004,0.11757490783929825
loss/val_denorm_lead_var/thetao/lead_07,50,1783334664.1779943,0.131245955824852
loss/val_denorm_lead_var/thetao/lead_08,50,1783334664.1816242,0.1439930647611618
loss/val_denorm_lead_var/uo/lead_01,50,1783334664.2225857,0.008614003658294678
loss/val_denorm_lead_var/uo/lead_02,50,1783334664.2485566,0.010978377424180508
loss/val_denorm_lead_var/uo/lead_03,50,1783334664.252969,0.01307902205735445
loss/val_denorm_lead_var/uo/lead_04,50,1783334664.2563264,0.015064393170177937
loss/val_denorm_lead_var/uo/lead_05,50,1783334664.2595284,0.016993911936879158
loss/val_denorm_lead_var/uo/lead_06,50,1783334664.263763,0.018848560750484467
loss/val_denorm_lead_var/uo/lead_07,50,1783334664.2679465,0.02061348222196102
loss/val_denorm_lead_var/uo/lead_08,50,1783334664.271883,0.022307168692350388
loss/val_denorm_lead_var/vo/lead_01,50,1783334664.2799716,0.008661797270178795
loss/val_denorm_lead_var/vo/lead_02,50,1783334664.2847652,0.011298948898911476
loss/val_denorm_lead_var/vo/lead_03,50,1783334664.288391,0.013709676451981068
loss/val_denorm_lead_var/vo/lead_04,50,1783334664.2920966,0.016018874943256378
loss/val_denorm_lead_var/vo/lead_05,50,1783334664.295792,0.01827266439795494
loss/val_denorm_lead_var/vo/lead_06,50,1783334664.2993507,0.020442305132746696
loss/val_denorm_lead_var/vo/lead_07,50,1783334664.3029544,0.022483499720692635
loss/val_denorm_lead_var/vo/lead_08,50,1783334664.3069434,0.02439771220088005
loss/val_denorm_lead_var/zos/lead_01,50,1783334664.0761147,0.00586125161498785
loss/val_denorm_lead_var/zos/lead_02,50,1783334664.0824869,0.008454482071101665
loss/val_denorm_lead_var/zos/lead_03,50,1783334664.0881765,0.010345228016376495
loss/val_denorm_lead_var/zos/lead_04,50,1783334664.0930915,0.011985750868916512
loss/val_denorm_lead_var/zos/lead_05,50,1783334664.0983431,0.013501751236617565
loss/val_denorm_lead_var/zos/lead_06,50,1783334664.1035442,0.014895842410624027
loss/val_denorm_lead_var/zos/lead_07,50,1783334664.10812,0.016212938353419304
loss/val_denorm_lead_var/zos/lead_08,50,1783334664.1132014,0.017465513199567795
loss/val_denorm_var/siconc,50,1783334663.9642491,0.0063854423351585865
loss/val_denorm_var/sithick,50,1783334664.023342,0.007441185414791107
loss/val_denorm_var/so,50,1783334664.1849248,0.022474760189652443
loss/val_denorm_var/thetao,50,1783334664.1405287,0.09179603308439255
loss/val_denorm_var/uo,50,1783334664.2186906,0.01581236533820629
loss/val_denorm_var/vo,50,1783334664.2758193,0.01691068522632122
loss/val_denorm_var/zos,50,1783334664.071414,0.012340344488620758
loss/val_lead/lead_01,50,1783334663.9240396,0.0009831892093643546
loss/val_lead/lead_02,50,1783334663.9240522,0.001472844392992556
loss/val_lead/lead_03,50,1783334663.9244616,0.0018873893423005939
loss/val_lead/lead_04,50,1783334663.9314241,0.0022615608759224415
loss/val_lead/lead_05,50,1783334663.9372473,0.0026077814400196075
loss/val_lead/lead_06,50,1783334663.943166,0.0029287070501595736
loss/val_lead/lead_07,50,1783334663.9493575,0.0032263887114822865
loss/val_lead/lead_08,50,1783334663.955305,0.00350369093939662
loss/val_lead_var/siconc/lead_01,50,1783334663.9656222,0.0025734417140483856
loss/val_lead_var/siconc/lead_02,50,1783334663.9712038,0.004214621614664793
loss/val_lead_var/siconc/lead_03,50,1783334663.9771912,0.00543940719217062
loss/val_lead_var/siconc/lead_04,50,1783334663.9832366,0.0064156269654631615
loss/val_lead_var/siconc/lead_05,50,1783334663.989338,0.007217008154839277
loss/val_lead_var/siconc/lead_06,50,1783334663.99524,0.007882513105869293
loss/val_lead_var/siconc/lead_07,50,1783334664.0050948,0.008437913842499256
loss/val_lead_var/siconc/lead_08,50,1783334664.0130608,0.0089029585942626
loss/val_lead_var/sithick/lead_01,50,1783334664.0252304,0.000404356571380049
loss/val_lead_var/sithick/lead_02,50,1783334664.0308356,0.0006328013841994107
loss/val_lead_var/sithick/lead_03,50,1783334664.0357733,0.0008049310417845845
loss/val_lead_var/sithick/lead_04,50,1783334664.0422618,0.0009514405392110348
loss/val_lead_var/sithick/lead_05,50,1783334664.0476081,0.001082101953215897
loss/val_lead_var/sithick/lead_06,50,1783334664.0543222,0.0012018592096865177
loss/val_lead_var/sithick/lead_07,50,1783334664.0590568,0.001313749118708074
loss/val_lead_var/sithick/lead_08,50,1783334664.0634336,0.0014192902017384768
loss/val_lead_var/so/lead_01,50,1783334664.1862645,0.0002516209497116506
loss/val_lead_var/so/lead_02,50,1783334664.1900203,0.0004161391407251358
loss/val_lead_var/so/lead_03,50,1783334664.1937509,0.0005562316509895027
loss/val_lead_var/so/lead_04,50,1783334664.1971195,0.0006828384357504547
loss/val_lead_var/so/lead_05,50,1783334664.2008126,0.0007991545717231929
loss/val_lead_var/so/lead_06,50,1783334664.2047646,0.000906669010873884
loss/val_lead_var/so/lead_07,50,1783334664.208594,0.0010065356036648154
loss/val_lead_var/so/lead_08,50,1783334664.2121518,0.0010997354984283447
loss/val_lead_var/thetao/lead_01,50,1783334664.1430087,0.0009034121758304536
loss/val_lead_var/thetao/lead_02,50,1783334664.1502762,0.0015352866612374783
loss/val_lead_var/thetao/lead_03,50,1783334664.1577947,0.0020971111953258514
loss/val_lead_var/thetao/lead_04,50,1783334664.1634264,0.0026147959288209677
loss/val_lead_var/thetao/lead_05,50,1783334664.1679811,0.0030952433589845896
loss/val_lead_var/thetao/lead_06,50,1783334664.171824,0.003542214399203658
loss/val_lead_var/thetao/lead_07,50,1783334664.1755204,0.003958935849368572
loss/val_lead_var/thetao/lead_08,50,1783334664.1793253,0.00434819795191288
loss/val_lead_var/uo/lead_01,50,1783334664.2200215,0.004157935734838247
loss/val_lead_var/uo/lead_02,50,1783334664.223671,0.005406497977674007
loss/val_lead_var/uo/lead_03,50,1783334664.250194,0.006534838117659092
loss/val_lead_var/uo/lead_04,50,1783334664.2542732,0.007600263226777315
loss/val_lead_var/uo/lead_05,50,1783334664.2573833,0.00863790512084961
loss/val_lead_var/uo/lead_06,50,1783334664.260854,0.009636771865189075
loss/val_lead_var/uo/lead_07,50,1783334664.2650797,0.0105864517390728
loss/val_lead_var/uo/lead_08,50,1783334664.2692478,0.011496864259243011
loss/val_lead_var/vo/lead_01,50,1783334664.2773259,0.004297694656997919
loss/val_lead_var/vo/lead_02,50,1783334664.2814057,0.005670865066349506
loss/val_lead_var/vo/lead_03,50,1783334664.2859428,0.006944682914763689
loss/val_lead_var/vo/lead_04,50,1783334664.289416,0.008165554143488407
loss/val_lead_var/vo/lead_05,50,1783334664.2932432,0.009357066825032234
loss/val_lead_var/vo/lead_06,50,1783334664.2970212,0.010503754951059818
loss/val_lead_var/vo/lead_07,50,1783334664.3004656,0.011583237908780575
loss/val_lead_var/vo/lead_08,50,1783334664.3042886,0.012595812790095806
loss/val_lead_var/zos/lead_01,50,1783334664.0729408,0.0015116757713258266
loss/val_lead_var/zos/lead_02,50,1783334664.0776699,0.0021804957650601864
loss/val_lead_var/zos/lead_03,50,1783334664.084806,0.002668138360604644
loss/val_lead_var/zos/lead_04,50,1783334664.0895655,0.0030912456568330526
loss/val_lead_var/zos/lead_05,50,1783334664.0953643,0.0034822372253984213
loss/val_lead_var/zos/lead_06,50,1783334664.099683,0.0038417873438447714
loss/val_lead_var/zos/lead_07,50,1783334664.1052864,0.004181480035185814
loss/val_lead_var/zos/lead_08,50,1783334664.1093228,0.004504531156271696
loss/val_norm,50,1783334663.9240172,0.002358943922445178
loss/val_norm_lead/lead_01,50,1783334663.9240441,0.0009831892093643546
loss/val_norm_lead/lead_02,50,1783334663.9240563,0.001472844392992556
loss/val_norm_lead/lead_03,50,1783334663.92739,0.0018873893423005939
loss/val_norm_lead/lead_04,50,1783334663.9332972,0.0022615608759224415
loss/val_norm_lead/lead_05,50,1783334663.9393559,0.0026077814400196075
loss/val_norm_lead/lead_06,50,1783334663.9452982,0.0029287070501595736
loss/val_norm_lead/lead_07,50,1783334663.951279,0.0032263887114822865
loss/val_norm_lead/lead_08,50,1783334663.9572709,0.00350369093939662
loss/val_norm_lead_var/siconc/lead_01,50,1783334663.967222,0.0025734417140483856
loss/val_norm_lead_var/siconc/lead_02,50,1783334663.9732506,0.004214621614664793
loss/val_norm_lead_var/siconc/lead_03,50,1783334663.9792607,0.00543940719217062
loss/val_norm_lead_var/siconc/lead_04,50,1783334663.9852602,0.0064156269654631615
loss/val_norm_lead_var/siconc/lead_05,50,1783334663.99132,0.007217008154839277
loss/val_norm_lead_var/siconc/lead_06,50,1783334663.997259,0.007882513105869293
loss/val_norm_lead_var/siconc/lead_07,50,1783334664.0093079,0.008437913842499256
loss/val_norm_lead_var/siconc/lead_08,50,1783334664.0152333,0.0089029585942626
loss/val_norm_lead_var/sithick/lead_01,50,1783334664.0271099,0.000404356571380049
loss/val_norm_lead_var/sithick/lead_02,50,1783334664.0322871,0.0006328013841994107
loss/val_norm_lead_var/sithick/lead_03,50,1783334664.0382235,0.0008049310417845845
loss/val_norm_lead_var/sithick/lead_04,50,1783334664.0440993,0.0009514405392110348
loss/val_norm_lead_var/sithick/lead_05,50,1783334664.0502517,0.001082101953215897
loss/val_norm_lead_var/sithick/lead_06,50,1783334664.0563345,0.0012018592096865177
loss/val_norm_lead_var/sithick/lead_07,50,1783334664.060059,0.001313749118708074
loss/val_norm_lead_var/sithick/lead_08,50,1783334664.0654407,0.0014192902017384768
loss/val_norm_lead_var/so/lead_01,50,1783334664.1875312,0.0002516209497116506
loss/val_norm_lead_var/so/lead_02,50,1783334664.1912935,0.0004161391407251358
loss/val_norm_lead_var/so/lead_03,50,1783334664.194775,0.0005562316509895027
loss/val_norm_lead_var/so/lead_04,50,1783334664.1984162,0.0006828384357504547
loss/val_norm_lead_var/so/lead_05,50,1783334664.2021122,0.0007991545717231929
loss/val_norm_lead_var/so/lead_06,50,1783334664.2059832,0.000906669010873884
loss/val_norm_lead_var/so/lead_07,50,1783334664.2097006,0.0010065356036648154
loss/val_norm_lead_var/so/lead_08,50,1783334664.2134926,0.0010997354984283447
loss/val_norm_lead_var/thetao/lead_01,50,1783334664.1458757,0.0009034121758304536
loss/val_norm_lead_var/thetao/lead_02,50,1783334664.1522946,0.0015352866612374783
loss/val_norm_lead_var/thetao/lead_03,50,1783334664.1601508,0.0020971111953258514
loss/val_norm_lead_var/thetao/lead_04,50,1783334664.1652622,0.0026147959288209677
loss/val_norm_lead_var/thetao/lead_05,50,1783334664.1694388,0.0030952433589845896
loss/val_norm_lead_var/thetao/lead_06,50,1783334664.173083,0.003542214399203658
loss/val_norm_lead_var/thetao/lead_07,50,1783334664.1768155,0.003958935849368572
loss/val_norm_lead_var/thetao/lead_08,50,1783334664.180456,0.00434819795191288
loss/val_norm_lead_var/uo/lead_01,50,1783334664.221322,0.004157935734838247
loss/val_norm_lead_var/uo/lead_02,50,1783334664.2462995,0.005406497977674007
loss/val_norm_lead_var/uo/lead_03,50,1783334664.2516644,0.006534838117659092
loss/val_norm_lead_var/uo/lead_04,50,1783334664.255235,0.007600263226777315
loss/val_norm_lead_var/uo/lead_05,50,1783334664.258602,0.00863790512084961
loss/val_norm_lead_var/uo/lead_06,50,1783334664.2622874,0.009636771865189075
loss/val_norm_lead_var/uo/lead_07,50,1783334664.2663898,0.0105864517390728
loss/val_norm_lead_var/uo/lead_08,50,1783334664.2704692,0.011496864259243011
loss/val_norm_lead_var/vo/lead_01,50,1783334664.2787323,0.004297694656997919
loss/val_norm_lead_var/vo/lead_02,50,1783334664.283157,0.005670865066349506
loss/val_norm_lead_var/vo/lead_03,50,1783334664.2872021,0.006944682914763689
loss/val_norm_lead_var/vo/lead_04,50,1783334664.2907753,0.008165554143488407
loss/val_norm_lead_var/vo/lead_05,50,1783334664.2945213,0.009357066825032234
loss/val_norm_lead_var/vo/lead_06,50,1783334664.2981684,0.010503754951059818
loss/val_norm_lead_var/vo/lead_07,50,1783334664.3016844,0.011583237908780575
loss/val_norm_lead_var/vo/lead_08,50,1783334664.305592,0.012595812790095806
loss/val_norm_lead_var/zos/lead_01,50,1783334664.0746076,0.0015116757713258266
loss/val_norm_lead_var/zos/lead_02,50,1783334664.0803778,0.0021804957650601864
loss/val_norm_lead_var/zos/lead_03,50,1783334664.086609,0.002668138360604644
loss/val_norm_lead_var/zos/lead_04,50,1783334664.0913298,0.0030912456568330526
loss/val_norm_lead_var/zos/lead_05,50,1783334664.097002,0.0034822372253984213
loss/val_norm_lead_var/zos/lead_06,50,1783334664.1013155,0.0038417873438447714
loss/val_norm_lead_var/zos/lead_07,50,1783334664.10679,0.004181480035185814
loss/val_norm_lead_var/zos/lead_08,50,1783334664.11153,0.004504531156271696
loss/val_norm_var/siconc,50,1783334663.962406,0.0063854362815618515
loss/val_norm_var/sithick,50,1783334664.02129,0.000976316281594336
loss/val_norm_var/so,50,1783334664.18385,0.0007148655713535845
loss/val_norm_var/thetao,50,1783334664.11618,0.0027618997264653444
loss/val_norm_var/uo,50,1783334664.2173839,0.008007191121578217
loss/val_norm_var/vo,50,1783334664.2744946,0.008639833889901638
loss/val_norm_var/zos,50,1783334664.0700426,0.0031826989725232124
loss/val_var/siconc,50,1783334663.9606853,0.0063854362815618515
loss/val_var/sithick,50,1783334664.0192535,0.000976316281594336
loss/val_var/so,50,1783334664.182852,0.0007148655713535845
loss/val_var/thetao,50,1783334664.11455,0.0027618997264653444
loss/val_var/uo,50,1783334664.2160017,0.008007191121578217
loss/val_var/vo,50,1783334664.2732341,0.008639833889901638
loss/val_var/zos,50,1783334664.0688655,0.0031826989725232124
loss/train,51,1783336764.1935403,0.0020962050184607506
loss/train,52,1783338871.555328,0.002095242263749242
loss/train,53,1783340977.6941621,0.0020971011836081743
loss/train,54,1783343084.0531256,0.002094122115522623
loss/ema_val,55,1783345585.2283435,0.002303749555721879
loss/ema_val_denorm,55,1783345585.228348,0.03444729745388031
loss/train,55,1783345190.568667,0.0020925402641296387
loss/val,55,1783345585.228304,0.002351379254832864
loss/val_denorm,55,1783345585.228339,0.035096775740385056
loss/val_denorm_lead/lead_01,55,1783345585.2283604,0.012341329827904701
loss/val_denorm_lead/lead_02,55,1783345585.228373,0.020262183621525764
loss/val_denorm_lead/lead_03,55,1783345585.2933595,0.02714422531425953
loss/val_denorm_lead/lead_04,55,1783345585.4061732,0.03342212736606598
loss/val_denorm_lead/lead_05,55,1783345585.5473945,0.0392218679189682
loss/val_denorm_lead/lead_06,55,1783345585.553602,0.04459065943956375
loss/val_denorm_lead/lead_07,55,1783345585.558135,0.049574583768844604
loss/val_denorm_lead/lead_08,55,1783345585.5634582,0.05421721935272217
loss/val_denorm_lead_var/siconc/lead_01,55,1783345585.5843856,0.002552254591137171
loss/val_denorm_lead_var/siconc/lead_02,55,1783345585.5930321,0.004172089975327253
loss/val_denorm_lead_var/siconc/lead_03,55,1783345585.602031,0.005379016511142254
loss/val_denorm_lead_var/siconc/lead_04,55,1783345585.6107757,0.006338201928883791
loss/val_denorm_lead_var/siconc/lead_05,55,1783345585.6232572,0.007122834213078022
loss/val_denorm_lead_var/siconc/lead_06,55,1783345585.635075,0.007772719021886587
loss/val_denorm_lead_var/siconc/lead_07,55,1783345585.644903,0.008314648643136024
loss/val_denorm_lead_var/siconc/lead_08,55,1783345585.6534839,0.008766818791627884
loss/val_denorm_lead_var/sithick/lead_01,55,1783345585.6753106,0.0030166073702275753
loss/val_denorm_lead_var/sithick/lead_02,55,1783345585.6870716,0.004679075442254543
loss/val_denorm_lead_var/sithick/lead_03,55,1783345585.7024999,0.005915769375860691
loss/val_denorm_lead_var/sithick/lead_04,55,1783345585.821882,0.006957609672099352
loss/val_denorm_lead_var/sithick/lead_05,55,1783345585.8276393,0.007875488139688969
loss/val_denorm_lead_var/sithick/lead_06,55,1783345585.8341396,0.00870815385133028
loss/val_denorm_lead_var/sithick/lead_07,55,1783345585.8409574,0.009481308050453663
loss/val_denorm_lead_var/sithick/lead_08,55,1783345585.8473248,0.010206053964793682
loss/val_denorm_lead_var/so/lead_01,55,1783345585.9903564,0.008034736849367619
loss/val_denorm_lead_var/so/lead_02,55,1783345586.0046442,0.013207035139203072
loss/val_denorm_lead_var/so/lead_03,55,1783345586.249472,0.017546674236655235
loss/val_denorm_lead_var/so/lead_04,55,1783345586.3515282,0.021433671936392784
loss/val_denorm_lead_var/so/lead_05,55,1783345586.4647157,0.024984074756503105
loss/val_denorm_lead_var/so/lead_06,55,1783345586.541406,0.028251957148313522
loss/val_denorm_lead_var/so/lead_07,55,1783345586.6605453,0.031278833746910095
loss/val_denorm_lead_var/so/lead_08,55,1783345586.856199,0.03409792482852936
loss/val_denorm_lead_var/thetao/lead_01,55,1783345585.9081688,0.030089719220995903
loss/val_denorm_lead_var/thetao/lead_02,55,1783345585.9125311,0.05102204903960228
loss/val_denorm_lead_var/thetao/lead_03,55,1783345585.917242,0.06970163434743881
loss/val_denorm_lead_var/thetao/lead_04,55,1783345585.922095,0.08693315833806992
loss/val_denorm_lead_var/thetao/lead_05,55,1783345585.9482672,0.10292647778987885
loss/val_denorm_lead_var/thetao/lead_06,55,1783345585.9661353,0.1177625060081482
loss/val_denorm_lead_var/thetao/lead_07,55,1783345585.9713323,0.13153760135173798
loss/val_denorm_lead_var/thetao/lead_08,55,1783345585.9758797,0.14435644447803497
loss/val_denorm_lead_var/uo/lead_01,55,1783345586.8853004,0.00851310696452856
loss/val_denorm_lead_var/uo/lead_02,55,1783345586.8993845,0.01088616345077753
loss/val_denorm_lead_var/uo/lead_03,55,1783345586.915946,0.013014577329158783
loss/val_denorm_lead_var/uo/lead_04,55,1783345586.931868,0.015028825029730797
loss/val_denorm_lead_var/uo/lead_05,55,1783345586.948897,0.016970481723546982
loss/val_denorm_lead_var/uo/lead_06,55,1783345586.95848,0.018829507753252983
loss/val_denorm_lead_var/uo/lead_07,55,1783345586.9822657,0.02060343697667122
loss/val_denorm_lead_var/uo/lead_08,55,1783345586.9919126,0.022300565615296364
loss/val_denorm_lead_var/vo/lead_01,55,1783345587.01619,0.008572760038077831
loss/val_denorm_lead_var/vo/lead_02,55,1783345587.032267,0.011207329109311104
loss/val_denorm_lead_var/vo/lead_03,55,1783345587.0468664,0.013638876378536224
loss/val_denorm_lead_var/vo/lead_04,55,1783345587.0590632,0.015958599746227264
loss/val_denorm_lead_var/vo/lead_05,55,1783345587.068811,0.018217435106635094
loss/val_denorm_lead_var/vo/lead_06,55,1783345587.0793786,0.020387209951877594
loss/val_denorm_lead_var/vo/lead_07,55,1783345587.295451,0.022427016869187355
loss/val_denorm_lead_var/vo/lead_08,55,1783345587.5967767,0.02434910088777542
loss/val_denorm_lead_var/zos/lead_01,55,1783345585.8569515,0.005914195440709591
loss/val_denorm_lead_var/zos/lead_02,55,1783345585.864804,0.008555077947676182
loss/val_denorm_lead_var/zos/lead_03,55,1783345585.8728755,0.010507969185709953
loss/val_denorm_lead_var/zos/lead_04,55,1783345585.878231,0.012221581302583218
loss/val_denorm_lead_var/zos/lead_05,55,1783345585.8837776,0.013823547400534153
loss/val_denorm_lead_var/zos/lead_06,55,1783345585.888868,0.015307568944990635
loss/val_denorm_lead_var/zos/lead_07,55,1783345585.8939877,0.016713017597794533
loss/val_denorm_lead_var/zos/lead_08,55,1783345585.8991601,0.01805342733860016
loss/val_denorm_var/siconc,55,1783345585.5743077,0.00630232272669673
loss/val_denorm_var/sithick,55,1783345585.6631715,0.0071050082333385944
loss/val_denorm_var/so,55,1783345585.9802642,0.022354362532496452
loss/val_denorm_var/thetao,55,1783345585.9040308,0.09179119765758514
loss/val_denorm_var/uo,55,1783345586.8716905,0.01576833240687847
loss/val_denorm_var/vo,55,1783345587.0027044,0.016844790428876877
loss/val_denorm_var/zos,55,1783345585.8519857,0.012637048028409481
loss/val_lead/lead_01,55,1783345585.2283523,0.0009758839150890708
loss/val_lead/lead_02,55,1783345585.2283645,0.0014631040394306183
loss/val_lead/lead_03,55,1783345585.2286727,0.0018780280370265245
loss/val_lead/lead_04,55,1783345585.32616,0.0022532620932906866
loss/val_lead/lead_05,55,1783345585.471602,0.0026005241088569164
loss/val_lead/lead_06,55,1783345585.5498314,0.002922127489000559
loss/val_lead/lead_07,55,1783345585.5550406,0.0032202485017478466
loss/val_lead/lead_08,55,1783345585.5597425,0.0034978557378053665
loss/val_lead_var/siconc/lead_01,55,1783345585.577917,0.0025522520300000906
loss/val_lead_var/siconc/lead_02,55,1783345585.587451,0.004172085784375668
loss/val_lead_var/siconc/lead_03,55,1783345585.596573,0.005379010923206806
loss/val_lead_var/siconc/lead_04,55,1783345585.604887,0.006338195409625769
loss/val_lead_var/siconc/lead_05,55,1783345585.6146765,0.007122827228158712
loss/val_lead_var/siconc/lead_06,55,1783345585.6266046,0.00777271157130599
loss/val_lead_var/siconc/lead_07,55,1783345585.6388006,0.008314640261232853
loss/val_lead_var/siconc/lead_08,55,1783345585.647772,0.008766809478402138
loss/val_lead_var/sithick/lead_01,55,1783345585.6672332,0.0003957921580877155
loss/val_lead_var/sithick/lead_02,55,1783345585.678949,0.000613915326539427
loss/val_lead_var/sithick/lead_03,55,1783345585.6921492,0.0007761750021018088
loss/val_lead_var/sithick/lead_04,55,1783345585.7077653,0.0009128689998760819
loss/val_lead_var/sithick/lead_05,55,1783345585.8242977,0.001033298671245575
loss/val_lead_var/sithick/lead_06,55,1783345585.82989,0.0011425481643527746
loss/val_lead_var/sithick/lead_07,55,1783345585.8363757,0.0012439893325790763
loss/val_lead_var/sithick/lead_08,55,1783345585.8439057,0.001339079113677144
loss/val_lead_var/so/lead_01,55,1783345585.981735,0.0002504070580471307
loss/val_lead_var/so/lead_02,55,1783345585.9947836,0.00041398548637516797
loss/val_lead_var/so/lead_03,55,1783345586.211197,0.0005534977535717189
loss/val_lead_var/so/lead_04,55,1783345586.2795448,0.0006796306115575135
loss/val_lead_var/so/lead_05,55,1783345586.3848574,0.0007954980828799307
loss/val_lead_var/so/lead_06,55,1783345586.4714117,0.0009025281178764999
loss/val_lead_var/so/lead_07,55,1783345586.584117,0.001001891796477139
loss/val_lead_var/so/lead_08,55,1783345586.7108603,0.001094588078558445
loss/val_lead_var/thetao/lead_01,55,1783345585.9054043,0.0008968089823611081
loss/val_lead_var/thetao/lead_02,55,1783345585.909747,0.0015246730763465166
loss/val_lead_var/thetao/lead_03,55,1783345585.9139924,0.0020877798087894917
loss/val_lead_var/thetao/lead_04,55,1783345585.9189777,0.0026087630540132523
loss/val_lead_var/thetao/lead_05,55,1783345585.9239166,0.003093527862802148
loss/val_lead_var/thetao/lead_06,55,1783345585.9610882,0.0035442146472632885
loss/val_lead_var/thetao/lead_07,55,1783345585.9681938,0.003963506314903498
loss/val_lead_var/thetao/lead_08,55,1783345585.972687,0.004354466218501329
loss/val_lead_var/uo/lead_01,55,1783345586.8751216,0.004110357724130154
loss/val_lead_var/uo/lead_02,55,1783345586.8900294,0.00536044966429472
loss/val_lead_var/uo/lead_03,55,1783345586.905379,0.006501281168311834
loss/val_lead_var/uo/lead_04,55,1783345586.9210753,0.007580614648759365
loss/val_lead_var/uo/lead_05,55,1783345586.9371722,0.008623214438557625
loss/val_lead_var/uo/lead_06,55,1783345586.9533737,0.009622699581086636
loss/val_lead_var/uo/lead_07,55,1783345586.9610207,0.010573945008218288
loss/val_lead_var/uo/lead_08,55,1783345586.98583,0.011483688838779926
loss/val_lead_var/vo/lead_01,55,1783345587.0063534,0.004251199308782816
loss/val_lead_var/vo/lead_02,55,1783345587.0214326,0.005623489618301392
loss/val_lead_var/vo/lead_03,55,1783345587.036376,0.006905918009579182
loss/val_lead_var/vo/lead_04,55,1783345587.0509527,0.008132364600896835
loss/val_lead_var/vo/lead_05,55,1783345587.0624654,0.009328161366283894
loss/val_lead_var/vo/lead_06,55,1783345587.0717697,0.01047691609710455
loss/val_lead_var/vo/lead_07,55,1783345587.0847535,0.011556647717952728
loss/val_lead_var/vo/lead_08,55,1783345587.3398287,0.012572786770761013
loss/val_lead_var/zos/lead_01,55,1783345585.853593,0.0015253304736688733
loss/val_lead_var/zos/lead_02,55,1783345585.8588872,0.0022064405493438244
loss/val_lead_var/zos/lead_03,55,1783345585.8669655,0.0027101109735667706
loss/val_lead_var/zos/lead_04,55,1783345585.8747897,0.0031520684715360403
loss/val_lead_var/zos/lead_05,55,1783345585.8799179,0.003565231803804636
loss/val_lead_var/zos/lead_06,55,1783345585.8853862,0.00394797557964921
loss/val_lead_var/zos/lead_07,55,1783345585.890518,0.004310455173254013
loss/val_lead_var/zos/lead_08,55,1783345585.89578,0.0046561602503061295
loss/val_norm,55,1783345585.2283318,0.002351379254832864
loss/val_norm_lead/lead_01,55,1783345585.2283564,0.0009758839150890708
loss/val_norm_lead/lead_02,55,1783345585.2283688,0.0014631040394306183
loss/val_norm_lead/lead_03,55,1783345585.234039,0.0018780280370265245
loss/val_norm_lead/lead_04,55,1783345585.3611908,0.0022532620932906866
loss/val_norm_lead/lead_05,55,1783345585.4902618,0.0026005241088569164
loss/val_norm_lead/lead_06,55,1783345585.551748,0.002922127489000559
loss/val_norm_lead/lead_07,55,1783345585.5564961,0.0032202485017478466
loss/val_norm_lead/lead_08,55,1783345585.5614502,0.0034978557378053665
loss/val_norm_lead_var/siconc/lead_01,55,1783345585.5815928,0.0025522520300000906
loss/val_norm_lead_var/siconc/lead_02,55,1783345585.590532,0.004172085784375668
loss/val_norm_lead_var/siconc/lead_03,55,1783345585.5994005,0.005379010923206806
loss/val_norm_lead_var/siconc/lead_04,55,1783345585.607643,0.006338195409625769
loss/val_norm_lead_var/siconc/lead_05,55,1783345585.6195924,0.007122827228158712
loss/val_norm_lead_var/siconc/lead_06,55,1783345585.6308055,0.00777271157130599
loss/val_norm_lead_var/siconc/lead_07,55,1783345585.641893,0.008314640261232853
loss/val_norm_lead_var/siconc/lead_08,55,1783345585.650326,0.008766809478402138
loss/val_norm_lead_var/sithick/lead_01,55,1783345585.6717424,0.0003957921580877155
loss/val_norm_lead_var/sithick/lead_02,55,1783345585.6827798,0.000613915326539427
loss/val_norm_lead_var/sithick/lead_03,55,1783345585.697064,0.0007761750021018088
loss/val_norm_lead_var/sithick/lead_04,55,1783345585.7130358,0.0009128689998760819
loss/val_norm_lead_var/sithick/lead_05,55,1783345585.825949,0.001033298671245575
loss/val_norm_lead_var/sithick/lead_06,55,1783345585.831917,0.0011425481643527746
loss/val_norm_lead_var/sithick/lead_07,55,1783345585.8389554,0.0012439893325790763
loss/val_norm_lead_var/sithick/lead_08,55,1783345585.8458025,0.001339079113677144
loss/val_norm_lead_var/so/lead_01,55,1783345585.9863555,0.0002504070580471307
loss/val_norm_lead_var/so/lead_02,55,1783345585.9994123,0.00041398548637516797
loss/val_norm_lead_var/so/lead_03,55,1783345586.215181,0.0005534977535717189
loss/val_norm_lead_var/so/lead_04,55,1783345586.3173666,0.0006796306115575135
loss/val_norm_lead_var/so/lead_05,55,1783345586.417511,0.0007954980828799307
loss/val_norm_lead_var/so/lead_06,55,1783345586.512594,0.0009025281178764999
loss/val_norm_lead_var/so/lead_07,55,1783345586.6234322,0.001001891796477139
loss/val_norm_lead_var/so/lead_08,55,1783345586.850516,0.001094588078558445
loss/val_norm_lead_var/thetao/lead_01,55,1783345585.9067972,0.0008968089823611081
loss/val_norm_lead_var/thetao/lead_02,55,1783345585.9111488,0.0015246730763465166
loss/val_norm_lead_var/thetao/lead_03,55,1783345585.9156644,0.0020877798087894917
loss/val_norm_lead_var/thetao/lead_04,55,1783345585.9205174,0.0026087630540132523
loss/val_norm_lead_var/thetao/lead_05,55,1783345585.9256172,0.003093527862802148
loss/val_norm_lead_var/thetao/lead_06,55,1783345585.9639142,0.0035442146472632885
loss/val_norm_lead_var/thetao/lead_07,55,1783345585.969995,0.003963506314903498
loss/val_norm_lead_var/thetao/lead_08,55,1783345585.9741204,0.004354466218501329
loss/val_norm_lead_var/uo/lead_01,55,1783345586.8800051,0.004110357724130154
loss/val_norm_lead_var/uo/lead_02,55,1783345586.8942704,0.00536044966429472
loss/val_norm_lead_var/uo/lead_03,55,1783345586.9110723,0.006501281168311834
loss/val_norm_lead_var/uo/lead_04,55,1783345586.9261847,0.007580614648759365
loss/val_norm_lead_var/uo/lead_05,55,1783345586.9430585,0.008623214438557625
loss/val_norm_lead_var/uo/lead_06,55,1783345586.9559815,0.009622699581086636
loss/val_norm_lead_var/uo/lead_07,55,1783345586.9634175,0.010573945008218288
loss/val_norm_lead_var/uo/lead_08,55,1783345586.988953,0.011483688838779926
loss/val_norm_lead_var/vo/lead_01,55,1783345587.010945,0.004251199308782816
loss/val_norm_lead_var/vo/lead_02,55,1783345587.0269911,0.005623489618301392
loss/val_norm_lead_var/vo/lead_03,55,1783345587.0420544,0.006905918009579182
loss/val_norm_lead_var/vo/lead_04,55,1783345587.0553026,0.008132364600896835
loss/val_norm_lead_var/vo/lead_05,55,1783345587.0658102,0.009328161366283894
loss/val_norm_lead_var/vo/lead_06,55,1783345587.075086,0.01047691609710455
loss/val_norm_lead_var/vo/lead_07,55,1783345587.2915602,0.011556647717952728
loss/val_norm_lead_var/vo/lead_08,55,1783345587.5923915,0.012572786770761013
loss/val_norm_lead_var/zos/lead_01,55,1783345585.8553045,0.0015253304736688733
loss/val_norm_lead_var/zos/lead_02,55,1783345585.8619475,0.0022064405493438244
loss/val_norm_lead_var/zos/lead_03,55,1783345585.8700056,0.0027101109735667706
loss/val_norm_lead_var/zos/lead_04,55,1783345585.8765497,0.0031520684715360403
loss/val_norm_lead_var/zos/lead_05,55,1783345585.8820584,0.003565231803804636
loss/val_norm_lead_var/zos/lead_06,55,1783345585.8871365,0.00394797557964921
loss/val_norm_lead_var/zos/lead_07,55,1783345585.8923602,0.004310455173254013
loss/val_norm_lead_var/zos/lead_08,55,1783345585.8977306,0.0046561602503061295
loss/val_norm_var/siconc,55,1783345585.570545,0.006302316673099995
loss/val_norm_var/sithick,55,1783345585.6600482,0.0009322083787992597
loss/val_norm_var/so,55,1783345585.9789045,0.0007115033804439008
loss/val_norm_var/thetao,55,1783345585.9025464,0.002759217517450452
loss/val_norm_var/uo,55,1783345586.8672957,0.00798203144222498
loss/val_norm_var/vo,55,1783345586.998506,0.008605935610830784
loss/val_norm_var/zos,55,1783345585.8504996,0.003259221790358424
loss/val_var/siconc,55,1783345585.5662577,0.006302316673099995
loss/val_var/sithick,55,1783345585.6567726,0.0009322083787992597
loss/val_var/so,55,1783345585.9774876,0.0007115033804439008
loss/val_var/thetao,55,1783345585.9010525,0.002759217517450452
loss/val_var/uo,55,1783345586.8616269,0.00798203144222498
loss/val_var/vo,55,1783345586.9948828,0.008605935610830784
loss/val_var/zos,55,1783345585.8489444,0.003259221790358424
loss/train,56,1783347686.2594614,0.002094430383294821
loss/train,57,1783349787.884593,0.0020918280351907015
loss/train,58,1783351881.352325,0.002088552340865135
loss/train,59,1783353990.0779333,0.0020867425482720137
loss/ema_val,60,1783356487.905284,0.0023009912110865116
loss/ema_val_denorm,60,1783356487.905289,0.03439859673380852
loss/train,60,1783356092.5771601,0.0020847965497523546
loss/val,60,1783356487.90524,0.00234020478092134
loss/val_denorm,60,1783356487.905279,0.034984659403562546
loss/val_denorm_lead/lead_01,60,1783356487.9053023,0.012281018309295177
loss/val_denorm_lead/lead_02,60,1783356487.9053154,0.02018115669488907
loss/val_denorm_lead/lead_03,60,1783356487.91122,0.02704205922782421
loss/val_denorm_lead/lead_04,60,1783356487.9188707,0.03329883888363838
loss/val_denorm_lead/lead_05,60,1783356487.9245563,0.039088670164346695
loss/val_denorm_lead/lead_06,60,1783356487.9301217,0.044457729905843735
loss/val_denorm_lead/lead_07,60,1783356487.9348433,0.049441948533058167
loss/val_denorm_lead/lead_08,60,1783356487.9386215,0.05408584699034691
loss/val_denorm_lead_var/siconc/lead_01,60,1783356487.945289,0.0025388342328369617
loss/val_denorm_lead_var/siconc/lead_02,60,1783356487.9492507,0.004161054268479347
loss/val_denorm_lead_var/siconc/lead_03,60,1783356487.9535818,0.005369985476136208
loss/val_denorm_lead_var/siconc/lead_04,60,1783356487.9560993,0.00633294926956296
loss/val_denorm_lead_var/siconc/lead_05,60,1783356487.9595702,0.007121214177459478
loss/val_denorm_lead_var/siconc/lead_06,60,1783356487.9632626,0.007775364443659782
loss/val_denorm_lead_var/siconc/lead_07,60,1783356487.967081,0.00832297932356596
loss/val_denorm_lead_var/siconc/lead_08,60,1783356487.9707887,0.008782937191426754
loss/val_denorm_lead_var/sithick/lead_01,60,1783356487.9799058,0.0030160548631101847
loss/val_denorm_lead_var/sithick/lead_02,60,1783356487.9857507,0.0046951728872954845
loss/val_denorm_lead_var/sithick/lead_03,60,1783356487.9909935,0.00594648951664567
loss/val_denorm_lead_var/sithick/lead_04,60,1783356487.9952974,0.007003392558544874
loss/val_denorm_lead_var/sithick/lead_05,60,1783356488.000376,0.007939346134662628
loss/val_denorm_lead_var/sithick/lead_06,60,1783356488.0068955,0.008791121654212475
loss/val_denorm_lead_var/sithick/lead_07,60,1783356488.0131454,0.009583060629665852
loss/val_denorm_lead_var/sithick/lead_08,60,1783356488.0187938,0.010326923802495003
loss/val_denorm_lead_var/so/lead_01,60,1783356488.1584923,0.008016349747776985
loss/val_denorm_lead_var/so/lead_02,60,1783356488.163457,0.013191105797886848
loss/val_denorm_lead_var/so/lead_03,60,1783356488.1697836,0.017529428005218506
loss/val_denorm_lead_var/so/lead_04,60,1783356488.174746,0.02141445316374302
loss/val_denorm_lead_var/so/lead_05,60,1783356488.1784577,0.024964505806565285
loss/val_denorm_lead_var/so/lead_06,60,1783356488.1833622,0.028233487159013748
loss/val_denorm_lead_var/so/lead_07,60,1783356488.1876924,0.03126059100031853
loss/val_denorm_lead_var/so/lead_08,60,1783356488.190666,0.034078050404787064
loss/val_denorm_lead_var/thetao/lead_01,60,1783356488.0982738,0.029876573011279106
loss/val_denorm_lead_var/thetao/lead_02,60,1783356488.103413,0.050740789622068405
loss/val_denorm_lead_var/thetao/lead_03,60,1783356488.1091185,0.06935649365186691
loss/val_denorm_lead_var/thetao/lead_04,60,1783356488.1138535,0.08652771264314651
loss/val_denorm_lead_var/thetao/lead_05,60,1783356488.1193879,0.10250379890203476
loss/val_denorm_lead_var/thetao/lead_06,60,1783356488.1255105,0.11736109852790833
loss/val_denorm_lead_var/thetao/lead_07,60,1783356488.131073,0.1311575025320053
loss/val_denorm_lead_var/thetao/lead_08,60,1783356488.1350627,0.1440032720565796
loss/val_denorm_lead_var/uo/lead_01,60,1783356488.200687,0.00852520577609539
loss/val_denorm_lead_var/uo/lead_02,60,1783356488.2039835,0.010874071158468723
loss/val_denorm_lead_var/uo/lead_03,60,1783356488.2076402,0.012963282875716686
loss/val_denorm_lead_var/uo/lead_04,60,1783356488.2113225,0.014937267638742924
loss/val_denorm_lead_var/uo/lead_05,60,1783356488.2144752,0.0168602354824543
loss/val_denorm_lead_var/uo/lead_06,60,1783356488.2187388,0.018723897635936737
loss/val_denorm_lead_var/uo/lead_07,60,1783356488.2230303,0.020498760044574738
loss/val_denorm_lead_var/uo/lead_08,60,1783356488.2266018,0.022195840254426003
loss/val_denorm_lead_var/vo/lead_01,60,1783356488.2358925,0.008637215942144394
loss/val_denorm_lead_var/vo/lead_02,60,1783356488.2407439,0.011203330010175705
loss/val_denorm_lead_var/vo/lead_03,60,1783356488.2607427,0.013616145588457584
loss/val_denorm_lead_var/vo/lead_04,60,1783356488.26457,0.015930771827697754
loss/val_denorm_lead_var/vo/lead_05,60,1783356488.268652,0.018175235018134117
loss/val_denorm_lead_var/vo/lead_06,60,1783356488.2720006,0.020321929827332497
loss/val_denorm_lead_var/vo/lead_07,60,1783356488.2755523,0.022351311519742012
loss/val_denorm_lead_var/vo/lead_08,60,1783356488.2795467,0.024267733097076416
loss/val_denorm_lead_var/zos/lead_01,60,1783356488.050617,0.0058414526283741
loss/val_denorm_lead_var/zos/lead_02,60,1783356488.0546517,0.008434046991169453
loss/val_denorm_lead_var/zos/lead_03,60,1783356488.0603569,0.010323416441679
loss/val_denorm_lead_var/zos/lead_04,60,1783356488.0654142,0.011956141330301762
loss/val_denorm_lead_var/zos/lead_05,60,1783356488.071057,0.0134713314473629
loss/val_denorm_lead_var/zos/lead_06,60,1783356488.0767992,0.014864961616694927
loss/val_denorm_lead_var/zos/lead_07,60,1783356488.0824318,0.016179533675312996
loss/val_denorm_lead_var/zos/lead_08,60,1783356488.0877776,0.017432354390621185
loss/val_denorm_var/siconc,60,1783356487.9420352,0.006300664506852627
loss/val_denorm_var/sithick,60,1783356487.9756305,0.007162695284932852
loss/val_denorm_var/so,60,1783356488.1396253,0.022335996851325035
loss/val_denorm_var/thetao,60,1783356488.0920525,0.09144090861082077
loss/val_denorm_var/uo,60,1783356488.1948528,0.01569732092320919
loss/val_denorm_var/vo,60,1783356488.23162,0.01681295968592167
loss/val_denorm_var/zos,60,1783356488.0439541,0.012312904931604862
loss/val_lead/lead_01,60,1783356487.9052935,0.0009733520564623177
loss/val_lead/lead_02,60,1783356487.9053066,0.001457334728911519
loss/val_lead/lead_03,60,1783356487.905609,0.001869517145678401
loss/val_lead/lead_04,60,1783356487.9139266,0.002242031041532755
loss/val_lead/lead_05,60,1783356487.9207637,0.002587150549516082
loss/val_lead/lead_06,60,1783356487.9264886,0.0029072300530970097
loss/val_lead/lead_07,60,1783356487.9317515,0.0032041489612311125
loss/val_lead/lead_08,60,1783356487.9363196,0.0034808728378266096
loss/val_lead_var/siconc/lead_01,60,1783356487.9431853,0.0025388316716998816
loss/val_lead_var/siconc/lead_02,60,1783356487.9468284,0.0041610500775277615
loss/val_lead_var/siconc/lead_03,60,1783356487.9514313,0.00536997988820076
loss/val_lead_var/siconc/lead_04,60,1783356487.9544425,0.006332942750304937
loss/val_lead_var/siconc/lead_05,60,1783356487.9570417,0.007121207192540169
loss/val_lead_var/siconc/lead_06,60,1783356487.9608378,0.007775356527417898
loss/val_lead_var/siconc/lead_07,60,1783356487.9645443,0.008322970941662788
loss/val_lead_var/siconc/lead_08,60,1783356487.9683332,0.008782927878201008
loss/val_lead_var/sithick/lead_01,60,1783356487.9769557,0.0003957196604460478
loss/val_lead_var/sithick/lead_02,60,1783356487.9819438,0.0006160273333080113
loss/val_lead_var/sithick/lead_03,60,1783356487.987626,0.0007802055915817618
loss/val_lead_var/sithick/lead_04,60,1783356487.992308,0.00091887591406703
loss/val_lead_var/sithick/lead_05,60,1783356487.997078,0.0010416771983727813
loss/val_lead_var/sithick/lead_06,60,1783356488.002081,0.0011534338118508458
loss/val_lead_var/sithick/lead_07,60,1783356488.0094364,0.0012573397252708673
loss/val_lead_var/sithick/lead_08,60,1783356488.0151105,0.0013549377908930182
loss/val_lead_var/so/lead_01,60,1783356488.1421444,0.00024968336219899356
loss/val_lead_var/so/lead_02,60,1783356488.160437,0.00041316854185424745
loss/val_lead_var/so/lead_03,60,1783356488.1666324,0.0005525214946828783
loss/val_lead_var/so/lead_04,60,1783356488.171802,0.0006784960278309882
loss/val_lead_var/so/lead_05,60,1783356488.1760921,0.0007942675147205591
loss/val_lead_var/so/lead_06,60,1783356488.179591,0.0009012616937980056
loss/val_lead_var/so/lead_07,60,1783356488.1846404,0.0010005761869251728
loss/val_lead_var/so/lead_08,60,1783356488.1886866,0.0010931837605312467
loss/val_lead_var/thetao/lead_01,60,1783356488.094821,0.0008902103290893137
loss/val_lead_var/thetao/lead_02,60,1783356488.0997458,0.0015158995520323515
loss/val_lead_var/thetao/lead_03,60,1783356488.105553,0.0020769955590367317
loss/val_lead_var/thetao/lead_04,60,1783356488.110632,0.002596158068627119
loss/val_lead_var/thetao/lead_05,60,1783356488.1151657,0.0030804134439677
loss/val_lead_var/thetao/lead_06,60,1783356488.1213942,0.003531726310029626
loss/val_lead_var/thetao/lead_07,60,1783356488.1273212,0.003951655235141516
loss/val_lead_var/thetao/lead_08,60,1783356488.1323462,0.004343415144830942
loss/val_lead_var/uo/lead_01,60,1783356488.1961024,0.00411190977320075
loss/val_lead_var/uo/lead_02,60,1783356488.2018251,0.005348214413970709
loss/val_lead_var/uo/lead_03,60,1783356488.2056322,0.006470480002462864
loss/val_lead_var/uo/lead_04,60,1783356488.2086358,0.007530191447585821
loss/val_lead_var/uo/lead_05,60,1783356488.2122736,0.008563995361328125
loss/val_lead_var/uo/lead_06,60,1783356488.2156656,0.009565567597746849
loss/val_lead_var/uo/lead_07,60,1783356488.2203088,0.010517601855099201
loss/val_lead_var/uo/lead_08,60,1783356488.2241774,0.011428087018430233
loss/val_lead_var/vo/lead_01,60,1783356488.233155,0.004277149215340614
loss/val_lead_var/vo/lead_02,60,1783356488.2373383,0.005617357324808836
loss/val_lead_var/vo/lead_03,60,1783356488.2430184,0.006889785639941692
loss/val_lead_var/vo/lead_04,60,1783356488.262012,0.008111616596579552
loss/val_lead_var/vo/lead_05,60,1783356488.265737,0.009298850782215595
loss/val_lead_var/vo/lead_06,60,1783356488.269594,0.010435672476887703
loss/val_lead_var/vo/lead_07,60,1783356488.2731385,0.011510615237057209
loss/val_lead_var/vo/lead_08,60,1783356488.2771392,0.012524993158876896
loss/val_lead_var/zos/lead_01,60,1783356488.046178,0.00150656932964921
loss/val_lead_var/zos/lead_02,60,1783356488.0520422,0.002175225643441081
loss/val_lead_var/zos/lead_03,60,1783356488.0563285,0.0026625129394233227
loss/val_lead_var/zos/lead_04,60,1783356488.0622652,0.0030836090445518494
loss/val_lead_var/zos/lead_05,60,1783356488.0673246,0.0034743917640298605
loss/val_lead_var/zos/lead_06,60,1783356488.0735135,0.003833823138847947
loss/val_lead_var/zos/lead_07,60,1783356488.0784383,0.004172864370048046
loss/val_lead_var/zos/lead_08,60,1783356488.0844188,0.0044959792867302895
loss/val_norm,60,1783356487.905271,0.00234020478092134
loss/val_norm_lead/lead_01,60,1783356487.905298,0.0009733520564623177
loss/val_norm_lead/lead_02,60,1783356487.9053109,0.001457334728911519
loss/val_norm_lead/lead_03,60,1783356487.9085321,0.001869517145678401
loss/val_norm_lead/lead_04,60,1783356487.9161165,0.002242031041532755
loss/val_norm_lead/lead_05,60,1783356487.9228556,0.002587150549516082
loss/val_norm_lead/lead_06,60,1783356487.9282348,0.0029072300530970097
loss/val_norm_lead/lead_07,60,1783356487.9330904,0.0032041489612311125
loss/val_norm_lead/lead_08,60,1783356487.9376996,0.0034808728378266096
loss/val_norm_lead_var/siconc/lead_01,60,1783356487.9442632,0.0025388316716998816
loss/val_norm_lead_var/siconc/lead_02,60,1783356487.948288,0.0041610500775277615
loss/val_norm_lead_var/siconc/lead_03,60,1783356487.9525468,0.00536997988820076
loss/val_norm_lead_var/siconc/lead_04,60,1783356487.95531,0.006332942750304937
loss/val_norm_lead_var/siconc/lead_05,60,1783356487.9583507,0.007121207192540169
loss/val_norm_lead_var/siconc/lead_06,60,1783356487.9620848,0.007775356527417898
loss/val_norm_lead_var/siconc/lead_07,60,1783356487.9658833,0.008322970941662788
loss/val_norm_lead_var/siconc/lead_08,60,1783356487.969611,0.008782927878201008
loss/val_norm_lead_var/sithick/lead_01,60,1783356487.978248,0.0003957196604460478
loss/val_norm_lead_var/sithick/lead_02,60,1783356487.9839911,0.0006160273333080113
loss/val_norm_lead_var/sithick/lead_03,60,1783356487.9893894,0.0007802055915817618
loss/val_norm_lead_var/sithick/lead_04,60,1783356487.9937582,0.00091887591406703
loss/val_norm_lead_var/sithick/lead_05,60,1783356487.9990735,0.0010416771983727813
loss/val_norm_lead_var/sithick/lead_06,60,1783356488.0040767,0.0011534338118508458
loss/val_norm_lead_var/sithick/lead_07,60,1783356488.0111287,0.0012573397252708673
loss/val_norm_lead_var/sithick/lead_08,60,1783356488.017125,0.0013549377908930182
loss/val_norm_lead_var/so/lead_01,60,1783356488.1440537,0.00024968336219899356
loss/val_norm_lead_var/so/lead_02,60,1783356488.1620853,0.00041316854185424745
loss/val_norm_lead_var/so/lead_03,60,1783356488.1684642,0.0005525214946828783
loss/val_norm_lead_var/so/lead_04,60,1783356488.1732996,0.0006784960278309882
loss/val_norm_lead_var/so/lead_05,60,1783356488.1773832,0.0007942675147205591
loss/val_norm_lead_var/so/lead_06,60,1783356488.1813571,0.0009012616937980056
loss/val_norm_lead_var/so/lead_07,60,1783356488.186188,0.0010005761869251728
loss/val_norm_lead_var/so/lead_08,60,1783356488.1895561,0.0010931837605312467
loss/val_norm_lead_var/thetao/lead_01,60,1783356488.0962768,0.0008902103290893137
loss/val_norm_lead_var/thetao/lead_02,60,1783356488.1016908,0.0015158995520323515
loss/val_norm_lead_var/thetao/lead_03,60,1783356488.1072993,0.0020769955590367317
loss/val_norm_lead_var/thetao/lead_04,60,1783356488.1121378,0.002596158068627119
loss/val_norm_lead_var/thetao/lead_05,60,1783356488.1169727,0.0030804134439677
loss/val_norm_lead_var/thetao/lead_06,60,1783356488.1241508,0.003531726310029626
loss/val_norm_lead_var/thetao/lead_07,60,1783356488.129343,0.003951655235141516
loss/val_norm_lead_var/thetao/lead_08,60,1783356488.133609,0.004343415144830942
loss/val_norm_lead_var/uo/lead_01,60,1783356488.1990385,0.00411190977320075
loss/val_norm_lead_var/uo/lead_02,60,1783356488.2027838,0.005348214413970709
loss/val_norm_lead_var/uo/lead_03,60,1783356488.206544,0.006470480002462864
loss/val_norm_lead_var/uo/lead_04,60,1783356488.2097037,0.007530191447585821
loss/val_norm_lead_var/uo/lead_05,60,1783356488.2134717,0.008563995361328125
loss/val_norm_lead_var/uo/lead_06,60,1783356488.2169776,0.009565567597746849
loss/val_norm_lead_var/uo/lead_07,60,1783356488.221924,0.010517601855099201
loss/val_norm_lead_var/uo/lead_08,60,1783356488.225414,0.011428087018430233
loss/val_norm_lead_var/vo/lead_01,60,1783356488.234432,0.004277149215340614
loss/val_norm_lead_var/vo/lead_02,60,1783356488.2388601,0.005617357324808836
loss/val_norm_lead_var/vo/lead_03,60,1783356488.258962,0.006889785639941692
loss/val_norm_lead_var/vo/lead_04,60,1783356488.2633946,0.008111616596579552
loss/val_norm_lead_var/vo/lead_05,60,1783356488.2675972,0.009298850782215595
loss/val_norm_lead_var/vo/lead_06,60,1783356488.270915,0.010435672476887703
loss/val_norm_lead_var/vo/lead_07,60,1783356488.274277,0.011510615237057209
loss/val_norm_lead_var/vo/lead_08,60,1783356488.278296,0.012524993158876896
loss/val_norm_lead_var/zos/lead_01,60,1783356488.0482736,0.00150656932964921
loss/val_norm_lead_var/zos/lead_02,60,1783356488.0531282,0.002175225643441081
loss/val_norm_lead_var/zos/lead_03,60,1783356488.0582635,0.0026625129394233227
loss/val_norm_lead_var/zos/lead_04,60,1783356488.0636215,0.0030836090445518494
loss/val_norm_lead_var/zos/lead_05,60,1783356488.0693483,0.0034743917640298605
loss/val_norm_lead_var/zos/lead_06,60,1783356488.0752468,0.003833823138847947
loss/val_norm_lead_var/zos/lead_07,60,1783356488.080246,0.004172864370048046
loss/val_norm_lead_var/zos/lead_08,60,1783356488.0860686,0.0044959792867302895
loss/val_norm_var/siconc,60,1783356487.9408658,0.006300658453255892
loss/val_norm_var/sithick,60,1783356487.974305,0.0009397771209478378
loss/val_norm_var/so,60,1783356488.1383111,0.0007103948155418038
loss/val_norm_var/thetao,60,1783356488.0905683,0.0027483091689646244
loss/val_norm_var/uo,60,1783356488.1938243,0.00794200599193573
loss/val_norm_var/vo,60,1783356488.2301457,0.008583255112171173
loss/val_norm_var/zos,60,1783356488.0420594,0.0031756218522787094
loss/val_var/siconc,60,1783356487.9396672,0.006300658453255892
loss/val_var/sithick,60,1783356487.9721851,0.0009397771209478378
loss/val_var/so,60,1783356488.1365669,0.0007103948155418038
loss/val_var/thetao,60,1783356488.0892303,0.0027483091689646244
loss/val_var/uo,60,1783356488.1919003,0.00794200599193573
loss/val_var/vo,60,1783356488.2283032,0.008583255112171173
loss/val_var/zos,60,1783356488.0202575,0.0031756218522787094
loss/train,61,1783358581.7540436,0.0020903025288134813
loss/train,62,1783360681.876179,0.0020889095030725002
loss/train,63,1783362789.3492322,0.0020887390710413456
loss/train,64,1783364889.9720254,0.0020892343018203974
loss/ema_val,65,1783367382.7174096,0.0023001469671726227
loss/ema_val_denorm,65,1783367382.717414,0.034388285130262375
loss/train,65,1783366988.507405,0.002089979825541377
loss/val,65,1783367382.7173681,0.002340514911338687
loss/val_denorm,65,1783367382.7174048,0.03487798199057579
loss/val_denorm_lead/lead_01,65,1783367382.717427,0.012303034774959087
loss/val_denorm_lead/lead_02,65,1783367382.7174394,0.02018335461616516
loss/val_denorm_lead/lead_03,65,1783367382.7263334,0.02700657956302166
loss/val_denorm_lead/lead_04,65,1783367382.7355049,0.03322221711277962
loss/val_denorm_lead/lead_05,65,1783367382.7424166,0.03896520659327507
loss/val_denorm_lead/lead_06,65,1783367382.747888,0.04428548738360405
loss/val_denorm_lead/lead_07,65,1783367382.75491,0.04922592267394066
loss/val_denorm_lead/lead_08,65,1783367382.7616465,0.053832054138183594
loss/val_denorm_lead_var/siconc/lead_01,65,1783367382.7790022,0.0025541665963828564
loss/val_denorm_lead_var/siconc/lead_02,65,1783367382.788723,0.004175282083451748
loss/val_denorm_lead_var/siconc/lead_03,65,1783367382.795789,0.005379898939281702
loss/val_denorm_lead_var/siconc/lead_04,65,1783367382.8270962,0.006335502024739981
loss/val_denorm_lead_var/siconc/lead_05,65,1783367382.8358014,0.007114734034985304
loss/val_denorm_lead_var/siconc/lead_06,65,1783367382.8417623,0.007755848579108715
loss/val_denorm_lead_var/siconc/lead_07,65,1783367382.846194,0.008286943659186363
loss/val_denorm_lead_var/siconc/lead_08,65,1783367382.8510966,0.008726974949240685
loss/val_denorm_lead_var/sithick/lead_01,65,1783367382.8598487,0.0030476439278572798
loss/val_denorm_lead_var/sithick/lead_02,65,1783367382.864329,0.004749455489218235
loss/val_denorm_lead_var/sithick/lead_03,65,1783367382.8689451,0.006014626938849688
loss/val_denorm_lead_var/sithick/lead_04,65,1783367382.8733382,0.00708112632855773
loss/val_denorm_lead_var/sithick/lead_05,65,1783367382.8776145,0.008024877868592739
loss/val_denorm_lead_var/sithick/lead_06,65,1783367382.8824413,0.008883275091648102
loss/val_denorm_lead_var/sithick/lead_07,65,1783367382.8894382,0.00968130212277174
loss/val_denorm_lead_var/sithick/lead_08,65,1783367382.8958335,0.010428898967802525
loss/val_denorm_lead_var/so/lead_01,65,1783367383.0204067,0.008022088557481766
loss/val_denorm_lead_var/so/lead_02,65,1783367383.0252967,0.01318208035081625
loss/val_denorm_lead_var/so/lead_03,65,1783367383.0295537,0.017510900273919106
loss/val_denorm_lead_var/so/lead_04,65,1783367383.0334773,0.021389983594417572
loss/val_denorm_lead_var/so/lead_05,65,1783367383.0376837,0.024935537949204445
loss/val_denorm_lead_var/so/lead_06,65,1783367383.2649953,0.028201276436448097
loss/val_denorm_lead_var/so/lead_07,65,1783367383.2698388,0.03122658096253872
loss/val_denorm_lead_var/so/lead_08,65,1783367383.273901,0.034044671803712845
loss/val_denorm_lead_var/thetao/lead_01,65,1783367382.9663837,0.02994796633720398
loss/val_denorm_lead_var/thetao/lead_02,65,1783367382.9717758,0.050734929740428925
loss/val_denorm_lead_var/thetao/lead_03,65,1783367382.976582,0.06919748336076736
loss/val_denorm_lead_var/thetao/lead_04,65,1783367382.981273,0.08619372546672821
loss/val_denorm_lead_var/thetao/lead_05,65,1783367382.9854467,0.10196788609027863
loss/val_denorm_lead_var/thetao/lead_06,65,1783367382.9920752,0.1166108250617981
loss/val_denorm_lead_var/thetao/lead_07,65,1783367382.9998262,0.13021042943000793
loss/val_denorm_lead_var/thetao/lead_08,65,1783367383.0047734,0.1428815722465515
loss/val_denorm_lead_var/uo/lead_01,65,1783367383.284512,0.008500512689352036
loss/val_denorm_lead_var/uo/lead_02,65,1783367383.2883897,0.010863121598958969
loss/val_denorm_lead_var/uo/lead_03,65,1783367383.2943509,0.012968172319233418
loss/val_denorm_lead_var/uo/lead_04,65,1783367383.299368,0.014951921999454498
loss/val_denorm_lead_var/uo/lead_05,65,1783367383.3039289,0.016879485920071602
loss/val_denorm_lead_var/uo/lead_06,65,1783367383.3080275,0.01874476671218872
loss/val_denorm_lead_var/uo/lead_07,65,1783367383.3121812,0.020524023100733757
loss/val_denorm_lead_var/uo/lead_08,65,1783367383.3164625,0.022230464965105057
loss/val_denorm_lead_var/vo/lead_01,65,1783367383.3257048,0.008630354888737202
loss/val_denorm_lead_var/vo/lead_02,65,1783367383.3298,0.011247914284467697
loss/val_denorm_lead_var/vo/lead_03,65,1783367383.333913,0.013656838797032833
loss/val_denorm_lead_var/vo/lead_04,65,1783367383.338333,0.01596086472272873
loss/val_denorm_lead_var/vo/lead_05,65,1783367383.3420055,0.01820356957614422
loss/val_denorm_lead_var/vo/lead_06,65,1783367383.3470643,0.02036109007894993
loss/val_denorm_lead_var/vo/lead_07,65,1783367383.3559027,0.022406674921512604
loss/val_denorm_lead_var/vo/lead_08,65,1783367383.3819733,0.024347420781850815
loss/val_denorm_lead_var/zos/lead_01,65,1783367382.9065235,0.0058494810946285725
loss/val_denorm_lead_var/zos/lead_02,65,1783367382.910413,0.008440984413027763
loss/val_denorm_lead_var/zos/lead_03,65,1783367382.9154613,0.010340613313019276
loss/val_denorm_lead_var/zos/lead_04,65,1783367382.9203181,0.011999141424894333
loss/val_denorm_lead_var/zos/lead_05,65,1783367382.9387665,0.01353974174708128
loss/val_denorm_lead_var/zos/lead_06,65,1783367382.943067,0.0149619085714221
loss/val_denorm_lead_var/zos/lead_07,65,1783367382.946765,0.01630612649023533
loss/val_denorm_lead_var/zos/lead_08,65,1783367382.9536254,0.01758131943643093
loss/val_denorm_var/siconc,65,1783367382.7698696,0.006291168741881847
loss/val_denorm_var/sithick,65,1783367382.8552966,0.007238900754600763
loss/val_denorm_var/so,65,1783367383.0124028,0.02231414057314396
loss/val_denorm_var/thetao,65,1783367382.9615197,0.09096810221672058
loss/val_denorm_var/uo,65,1783367383.2802482,0.01570780947804451
loss/val_denorm_var/vo,65,1783367383.3206065,0.016851840540766716
loss/val_denorm_var/zos,65,1783367382.901445,0.012377414852380753
loss/val_lead/lead_01,65,1783367382.7174182,0.0009750152239575982
loss/val_lead/lead_02,65,1783367382.717431,0.0014600262511521578
loss/val_lead/lead_03,65,1783367382.7177236,0.0018715523183345795
loss/val_lead/lead_04,65,1783367382.7294123,0.0022431863471865654
loss/val_lead/lead_05,65,1783367382.7379916,0.002587252762168646
loss/val_lead/lead_06,65,1783367382.7440543,0.0029063133988529444
loss/val_lead/lead_07,65,1783367382.7505157,0.0032023810781538486
loss/val_lead/lead_08,65,1783367382.757261,0.0034783908631652594
loss/val_lead_var/siconc/lead_01,65,1783367382.7729516,0.002554164035245776
loss/val_lead_var/siconc/lead_02,65,1783367382.7820833,0.004175277892500162
loss/val_lead_var/siconc/lead_03,65,1783367382.791424,0.005379893817007542
loss/val_lead_var/siconc/lead_04,65,1783367382.7980282,0.006335495505481958
loss/val_lead_var/siconc/lead_05,65,1783367382.8300686,0.007114727050065994
loss/val_lead_var/siconc/lead_06,65,1783367382.8381054,0.007755841128528118
loss/val_lead_var/siconc/lead_07,65,1783367382.8433068,0.008286935277283192
loss/val_lead_var/siconc/lead_08,65,1783367382.8477583,0.008726966567337513
loss/val_lead_var/sithick/lead_01,65,1783367382.856872,0.0003998643078375608
loss/val_lead_var/sithick/lead_02,65,1783367382.861181,0.0006231495062820613
loss/val_lead_var/sithick/lead_03,65,1783367382.8657894,0.0007891455315984786
loss/val_lead_var/sithick/lead_04,65,1783367382.8703394,0.0009290749439969659
loss/val_lead_var/sithick/lead_05,65,1783367382.8747714,0.0010528992861509323
loss/val_lead_var/sithick/lead_06,65,1783367382.8794746,0.001165524823591113
loss/val_lead_var/sithick/lead_07,65,1783367382.8838727,0.0012702294625341892
loss/val_lead_var/sithick/lead_08,65,1783367382.891891,0.0013683175202459097
loss/val_lead_var/so/lead_01,65,1783367383.0154412,0.0002498927933629602
loss/val_lead_var/so/lead_02,65,1783367383.0220037,0.0004130694142077118
loss/val_lead_var/so/lead_03,65,1783367383.026621,0.0005521979765035212
loss/val_lead_var/so/lead_04,65,1783367383.0307412,0.0006780433468520641
loss/val_lead_var/so/lead_05,65,1783367383.0348923,0.0007937232730910182
loss/val_lead_var/so/lead_06,65,1783367383.040825,0.0009006540640257299
loss/val_lead_var/so/lead_07,65,1783367383.2669938,0.0009999391622841358
loss/val_lead_var/so/lead_08,65,1783367383.2712479,0.001092582126148045
loss/val_lead_var/thetao/lead_01,65,1783367382.9631884,0.0008927177404984832
loss/val_lead_var/thetao/lead_02,65,1783367382.9678879,0.0015164677752181888
loss/val_lead_var/thetao/lead_03,65,1783367382.9732287,0.002073565497994423
loss/val_lead_var/thetao/lead_04,65,1783367382.9782884,0.002588283270597458
loss/val_lead_var/thetao/lead_05,65,1783367382.9827027,0.0030673579312860966
loss/val_lead_var/thetao/lead_06,65,1783367382.9868796,0.003513117553666234
loss/val_lead_var/thetao/lead_07,65,1783367382.9954638,0.003927945159375668
loss/val_lead_var/thetao/lead_08,65,1783367383.0014374,0.004315211437642574
loss/val_lead_var/uo/lead_01,65,1783367383.2817087,0.004106707870960236
loss/val_lead_var/uo/lead_02,65,1783367383.2857106,0.005350555293262005
loss/val_lead_var/uo/lead_03,65,1783367383.2903347,0.006479803938418627
loss/val_lead_var/uo/lead_04,65,1783367383.2960317,0.007543629035353661
loss/val_lead_var/uo/lead_05,65,1783367383.3009038,0.008579708635807037
loss/val_lead_var/uo/lead_06,65,1783367383.3053327,0.009582891128957272
loss/val_lead_var/uo/lead_07,65,1783367383.3092663,0.01053790282458067
loss/val_lead_var/uo/lead_08,65,1783367383.3135834,0.011453255079686642
loss/val_lead_var/vo/lead_01,65,1783367383.3226027,0.004276749677956104
loss/val_lead_var/vo/lead_02,65,1783367383.3271375,0.005639876239001751
loss/val_lead_var/vo/lead_03,65,1783367383.3311212,0.006910156458616257
loss/val_lead_var/vo/lead_04,65,1783367383.3352804,0.008127334527671337
loss/val_lead_var/vo/lead_05,65,1783367383.3396337,0.00931362621486187
loss/val_lead_var/vo/lead_06,65,1783367383.3436096,0.010455588810145855
loss/val_lead_var/vo/lead_07,65,1783367383.3499105,0.011538510210812092
loss/val_lead_var/vo/lead_08,65,1783367383.3589048,0.012565072625875473
loss/val_lead_var/zos/lead_01,65,1783367382.9030416,0.0015086400089785457
loss/val_lead_var/zos/lead_02,65,1783367382.9079664,0.0021770147141069174
loss/val_lead_var/zos/lead_03,65,1783367382.9118166,0.0026669481303542852
loss/val_lead_var/zos/lead_04,65,1783367382.9173684,0.003094699000939727
loss/val_lead_var/zos/lead_05,65,1783367382.9215763,0.003492035437375307
loss/val_lead_var/zos/lead_06,65,1783367382.9403284,0.0038588265888392925
loss/val_lead_var/zos/lead_07,65,1783367382.9441543,0.004205514211207628
loss/val_lead_var/zos/lead_08,65,1783367382.948163,0.004534399136900902
loss/val_norm,65,1783367382.7173982,0.002340514911338687
loss/val_norm_lead/lead_01,65,1783367382.7174225,0.0009750152239575982
loss/val_norm_lead/lead_02,65,1783367382.7174351,0.0014600262511521578
loss/val_norm_lead/lead_03,65,1783367382.722187,0.0018715523183345795
loss/val_norm_lead/lead_04,65,1783367382.7332902,0.0022431863471865654
loss/val_norm_lead/lead_05,65,1783367382.7403748,0.002587252762168646
loss/val_norm_lead/lead_06,65,1783367382.7460656,0.0029063133988529444
loss/val_norm_lead/lead_07,65,1783367382.7527792,0.0032023810781538486
loss/val_norm_lead/lead_08,65,1783367382.758853,0.0034783908631652594
loss/val_norm_lead_var/siconc/lead_01,65,1783367382.7761278,0.002554164035245776
loss/val_norm_lead_var/siconc/lead_02,65,1783367382.7855458,0.004175277892500162
loss/val_norm_lead_var/siconc/lead_03,65,1783367382.793873,0.005379893817007542
loss/val_norm_lead_var/siconc/lead_04,65,1783367382.824228,0.006335495505481958
loss/val_norm_lead_var/siconc/lead_05,65,1783367382.8331363,0.007114727050065994
loss/val_norm_lead_var/siconc/lead_06,65,1783367382.8400087,0.007755841128528118
loss/val_norm_lead_var/siconc/lead_07,65,1783367382.8446152,0.008286935277283192
loss/val_norm_lead_var/siconc/lead_08,65,1783367382.8494391,0.008726966567337513
loss/val_norm_lead_var/sithick/lead_01,65,1783367382.8584363,0.0003998643078375608
loss/val_norm_lead_var/sithick/lead_02,65,1783367382.8626614,0.0006231495062820613
loss/val_norm_lead_var/sithick/lead_03,65,1783367382.8673613,0.0007891455315984786
loss/val_norm_lead_var/sithick/lead_04,65,1783367382.8719862,0.0009290749439969659
loss/val_norm_lead_var/sithick/lead_05,65,1783367382.876257,0.0010528992861509323
loss/val_norm_lead_var/sithick/lead_06,65,1783367382.8809464,0.001165524823591113
loss/val_norm_lead_var/sithick/lead_07,65,1783367382.88588,0.0012702294625341892
loss/val_norm_lead_var/sithick/lead_08,65,1783367382.8942423,0.0013683175202459097
loss/val_norm_lead_var/so/lead_01,65,1783367383.0182054,0.0002498927933629602
loss/val_norm_lead_var/so/lead_02,65,1783367383.0237584,0.0004130694142077118
loss/val_norm_lead_var/so/lead_03,65,1783367383.0281467,0.0005521979765035212
loss/val_norm_lead_var/so/lead_04,65,1783367383.0320616,0.0006780433468520641
loss/val_norm_lead_var/so/lead_05,65,1783367383.0362437,0.0007937232730910182
loss/val_norm_lead_var/so/lead_06,65,1783367383.243995,0.0009006540640257299
loss/val_norm_lead_var/so/lead_07,65,1783367383.2686608,0.0009999391622841358
loss/val_norm_lead_var/so/lead_08,65,1783367383.27261,0.001092582126148045
loss/val_norm_lead_var/thetao/lead_01,65,1783367382.96493,0.0008927177404984832
loss/val_norm_lead_var/thetao/lead_02,65,1783367382.9692643,0.0015164677752181888
loss/val_norm_lead_var/thetao/lead_03,65,1783367382.9750147,0.002073565497994423
loss/val_norm_lead_var/thetao/lead_04,65,1783367382.9798174,0.002588283270597458
loss/val_norm_lead_var/thetao/lead_05,65,1783367382.9841254,0.0030673579312860966
loss/val_norm_lead_var/thetao/lead_06,65,1783367382.989085,0.003513117553666234
loss/val_norm_lead_var/thetao/lead_07,65,1783367382.9979,0.003927945159375668
loss/val_norm_lead_var/thetao/lead_08,65,1783367383.0027668,0.004315211437642574
loss/val_norm_lead_var/uo/lead_01,65,1783367383.2832844,0.004106707870960236
loss/val_norm_lead_var/uo/lead_02,65,1783367383.2867439,0.005350555293262005
loss/val_norm_lead_var/uo/lead_03,65,1783367383.2927337,0.006479803938418627
loss/val_norm_lead_var/uo/lead_04,65,1783367383.2976177,0.007543629035353661
loss/val_norm_lead_var/uo/lead_05,65,1783367383.302423,0.008579708635807037
loss/val_norm_lead_var/uo/lead_06,65,1783367383.3067605,0.009582891128957272
loss/val_norm_lead_var/uo/lead_07,65,1783367383.3106863,0.01053790282458067
loss/val_norm_lead_var/uo/lead_08,65,1783367383.315018,0.011453255079686642
loss/val_norm_lead_var/vo/lead_01,65,1783367383.3241677,0.004276749677956104
loss/val_norm_lead_var/vo/lead_02,65,1783367383.328501,0.005639876239001751
loss/val_norm_lead_var/vo/lead_03,65,1783367383.3326163,0.006910156458616257
loss/val_norm_lead_var/vo/lead_04,65,1783367383.3367317,0.008127334527671337
loss/val_norm_lead_var/vo/lead_05,65,1783367383.3409004,0.00931362621486187
loss/val_norm_lead_var/vo/lead_06,65,1783367383.3450537,0.010455588810145855
loss/val_norm_lead_var/vo/lead_07,65,1783367383.3529122,0.011538510210812092
loss/val_norm_lead_var/vo/lead_08,65,1783367383.3799233,0.012565072625875473
loss/val_norm_lead_var/zos/lead_01,65,1783367382.904989,0.0015086400089785457
loss/val_norm_lead_var/zos/lead_02,65,1783367382.9093373,0.0021770147141069174
loss/val_norm_lead_var/zos/lead_03,65,1783367382.9133828,0.0026669481303542852
loss/val_norm_lead_var/zos/lead_04,65,1783367382.9188306,0.003094699000939727
loss/val_norm_lead_var/zos/lead_05,65,1783367382.9368918,0.003492035437375307
loss/val_norm_lead_var/zos/lead_06,65,1783367382.9417784,0.0038588265888392925
loss/val_norm_lead_var/zos/lead_07,65,1783367382.945292,0.004205514211207628
loss/val_norm_lead_var/zos/lead_08,65,1783367382.9499617,0.004534399136900902
loss/val_norm_var/siconc,65,1783367382.7671237,0.006291162688285112
loss/val_norm_var/sithick,65,1783367382.8539534,0.0009497756836935878
loss/val_norm_var/so,65,1783367383.0104637,0.0007100127986632288
loss/val_norm_var/thetao,65,1783367382.9591022,0.0027368334122002125
loss/val_norm_var/uo,65,1783367383.2786357,0.007954306900501251
loss/val_norm_var/vo,65,1783367383.3191786,0.00860336422920227
loss/val_norm_var/zos,65,1783367382.899637,0.0031922596972435713
loss/val_var/siconc,65,1783367382.7650998,0.006291162688285112
loss/val_var/sithick,65,1783367382.8525105,0.0009497756836935878
loss/val_var/so,65,1783367383.008171,0.0007100127986632288
loss/val_var/thetao,65,1783367382.9554067,0.0027368334122002125
loss/val_var/uo,65,1783367383.275288,0.007954306900501251
loss/val_var/vo,65,1783367383.3178568,0.00860336422920227
loss/val_var/zos,65,1783367382.897752,0.0031922596972435713
loss/train,66,1783369484.1001053,0.0020873702596873045
loss/train,67,1783371579.3387594,0.002086529042571783
loss/train,68,1783373684.3370736,0.002088372129946947
loss/train,69,1783375777.3147955,0.0020833471789956093
loss/ema_val,70,1783378275.834111,0.0022999641951173544
loss/ema_val_denorm,70,1783378275.8341155,0.03440122678875923
loss/train,70,1783377881.7176237,0.002086488762870431
loss/val,70,1783378275.834069,0.0023478390648961067
loss/val_denorm,70,1783378275.8341062,0.035033922642469406
loss/val_denorm_lead/lead_01,70,1783378275.8341305,0.012348703108727932
loss/val_denorm_lead/lead_02,70,1783378275.8349352,0.02026461809873581
loss/val_denorm_lead/lead_03,70,1783378275.840558,0.027122866362333298
loss/val_denorm_lead/lead_04,70,1783378275.8456945,0.03337232768535614
loss/val_denorm_lead/lead_05,70,1783378275.8508434,0.03914652019739151
loss/val_denorm_lead/lead_06,70,1783378275.8546653,0.044494979083538055
loss/val_denorm_lead/lead_07,70,1783378275.859243,0.04945479705929756
loss/val_denorm_lead/lead_08,70,1783378275.8636997,0.054066576063632965
loss/val_denorm_lead_var/siconc/lead_01,70,1783378275.8726203,0.0025520098861306906
loss/val_denorm_lead_var/siconc/lead_02,70,1783378275.8771439,0.004170233849436045
loss/val_denorm_lead_var/siconc/lead_03,70,1783378275.882448,0.005374365486204624
loss/val_denorm_lead_var/siconc/lead_04,70,1783378275.8874087,0.006332999095320702
loss/val_denorm_lead_var/siconc/lead_05,70,1783378275.891981,0.007118034176528454
loss/val_denorm_lead_var/siconc/lead_06,70,1783378275.8966284,0.007767678704112768
loss/val_denorm_lead_var/siconc/lead_07,70,1783378275.900962,0.008309773169457912
loss/val_denorm_lead_var/siconc/lead_08,70,1783378275.906438,0.008761621080338955
loss/val_denorm_lead_var/sithick/lead_01,70,1783378275.9605942,0.003026181599125266
loss/val_denorm_lead_var/sithick/lead_02,70,1783378275.965971,0.004706019535660744
loss/val_denorm_lead_var/sithick/lead_03,70,1783378275.9718077,0.005952545441687107
loss/val_denorm_lead_var/sithick/lead_04,70,1783378275.9802368,0.007000913843512535
loss/val_denorm_lead_var/sithick/lead_05,70,1783378275.9867618,0.007926705293357372
loss/val_denorm_lead_var/sithick/lead_06,70,1783378275.9937325,0.008769302628934383
loss/val_denorm_lead_var/sithick/lead_07,70,1783378275.9992428,0.009550563991069794
loss/val_denorm_lead_var/sithick/lead_08,70,1783378276.0041637,0.010281950235366821
loss/val_denorm_lead_var/so/lead_01,70,1783378276.168599,0.008038753643631935
loss/val_denorm_lead_var/so/lead_02,70,1783378276.1853595,0.013203785754740238
loss/val_denorm_lead_var/so/lead_03,70,1783378276.2016208,0.017544027417898178
loss/val_denorm_lead_var/so/lead_04,70,1783378276.2100995,0.021434681490063667
loss/val_denorm_lead_var/so/lead_05,70,1783378276.2188134,0.024990137666463852
loss/val_denorm_lead_var/so/lead_06,70,1783378276.2274864,0.028264129534363747
loss/val_denorm_lead_var/so/lead_07,70,1783378276.235104,0.031296506524086
loss/val_denorm_lead_var/so/lead_08,70,1783378276.2437773,0.03411963954567909
loss/val_denorm_lead_var/thetao/lead_01,70,1783378276.0798237,0.03011435642838478
loss/val_denorm_lead_var/thetao/lead_02,70,1783378276.084185,0.05104652792215347
loss/val_denorm_lead_var/thetao/lead_03,70,1783378276.090338,0.06963402032852173
loss/val_denorm_lead_var/thetao/lead_04,70,1783378276.094884,0.08675011992454529
loss/val_denorm_lead_var/thetao/lead_05,70,1783378276.1043837,0.10263977944850922
loss/val_denorm_lead_var/thetao/lead_06,70,1783378276.1149144,0.11739315837621689
loss/val_denorm_lead_var/thetao/lead_07,70,1783378276.1196015,0.13106957077980042
loss/val_denorm_lead_var/thetao/lead_08,70,1783378276.1352232,0.14376313984394073
loss/val_denorm_lead_var/uo/lead_01,70,1783378276.2632017,0.008540906943380833
loss/val_denorm_lead_var/uo/lead_02,70,1783378276.2918694,0.010919974185526371
loss/val_denorm_lead_var/uo/lead_03,70,1783378276.2970722,0.013047262094914913
loss/val_denorm_lead_var/uo/lead_04,70,1783378276.3011672,0.015077915042638779
loss/val_denorm_lead_var/uo/lead_05,70,1783378276.3054414,0.017041396349668503
loss/val_denorm_lead_var/uo/lead_06,70,1783378276.3105989,0.018910454586148262
loss/val_denorm_lead_var/uo/lead_07,70,1783378276.3157623,0.020685013383626938
loss/val_denorm_lead_var/uo/lead_08,70,1783378276.321016,0.022381316870450974
loss/val_denorm_lead_var/vo/lead_01,70,1783378276.3330367,0.008632060140371323
loss/val_denorm_lead_var/vo/lead_02,70,1783378276.3405194,0.011312375776469707
loss/val_denorm_lead_var/vo/lead_03,70,1783378276.3489058,0.013769366778433323
loss/val_denorm_lead_var/vo/lead_04,70,1783378276.3578053,0.016083067283034325
loss/val_denorm_lead_var/vo/lead_05,70,1783378276.3673017,0.018319176509976387
loss/val_denorm_lead_var/vo/lead_06,70,1783378276.378338,0.020468223839998245
loss/val_denorm_lead_var/vo/lead_07,70,1783378276.3901284,0.022507311776280403
loss/val_denorm_lead_var/vo/lead_08,70,1783378276.403185,0.02444104477763176
loss/val_denorm_lead_var/zos/lead_01,70,1783378276.0158498,0.005840308964252472
loss/val_denorm_lead_var/zos/lead_02,70,1783378276.023732,0.008402792736887932
loss/val_denorm_lead_var/zos/lead_03,70,1783378276.0315957,0.010290120728313923
loss/val_denorm_lead_var/zos/lead_04,70,1783378276.0407896,0.011941235512495041
loss/val_denorm_lead_var/zos/lead_05,70,1783378276.0513062,0.013478620909154415
loss/val_denorm_lead_var/zos/lead_06,70,1783378276.0610554,0.014900024980306625
loss/val_denorm_lead_var/zos/lead_07,70,1783378276.066655,0.01624133437871933
loss/val_denorm_lead_var/zos/lead_08,70,1783378276.0712528,0.017514321953058243
loss/val_denorm_var/siconc,70,1783378275.8680053,0.006298339460045099
loss/val_denorm_var/sithick,70,1783378275.9554658,0.0071517727337777615
loss/val_denorm_var/so,70,1783378276.1519713,0.022361457347869873
loss/val_denorm_var/thetao,70,1783378276.075399,0.09155133366584778
loss/val_denorm_var/uo,70,1783378276.2530742,0.015825530514121056
loss/val_denorm_var/vo,70,1783378276.326809,0.016941577196121216
loss/val_denorm_var/zos,70,1783378276.009509,0.012326095253229141
loss/val_lead/lead_01,70,1783378275.8341203,0.0009768545860424638
loss/val_lead/lead_02,70,1783378275.8349235,0.001463668653741479
loss/val_lead/lead_03,70,1783378275.8351388,0.0018771961331367493
loss/val_lead/lead_04,70,1783378275.8422658,0.0022507701069116592
loss/val_lead/lead_05,70,1783378275.8474998,0.002596317557618022
loss/val_lead/lead_06,70,1783378275.85228,0.00291624222882092
loss/val_lead/lead_07,70,1783378275.856233,0.0032128202728927135
loss/val_lead/lead_08,70,1783378275.8607092,0.0034888426307588816
loss/val_lead_var/siconc/lead_01,70,1783378275.8696306,0.0025520073249936104
loss/val_lead_var/siconc/lead_02,70,1783378275.8741345,0.004170229658484459
loss/val_lead_var/siconc/lead_03,70,1783378275.8791504,0.005374360363930464
loss/val_lead_var/siconc/lead_04,70,1783378275.8845065,0.006332992576062679
loss/val_lead_var/siconc/lead_05,70,1783378275.8890235,0.007118026725947857
loss/val_lead_var/siconc/lead_06,70,1783378275.89359,0.007767670787870884
loss/val_lead_var/siconc/lead_07,70,1783378275.8979473,0.008309764787554741
loss/val_lead_var/siconc/lead_08,70,1783378275.9026709,0.008761611767113209
loss/val_lead_var/sithick/lead_01,70,1783378275.9573233,0.00039704833761788905
loss/val_lead_var/sithick/lead_02,70,1783378275.9623673,0.0006174505106173456
loss/val_lead_var/sithick/lead_03,70,1783378275.9677217,0.0007810001843608916
loss/val_lead_var/sithick/lead_04,70,1783378275.97445,0.0009185507078655064
loss/val_lead_var/sithick/lead_05,70,1783378275.9823964,0.001040018629282713
loss/val_lead_var/sithick/lead_06,70,1783378275.9890106,0.0011505711590871215
loss/val_lead_var/sithick/lead_07,70,1783378275.9961052,0.0012530760141089559
loss/val_lead_var/sithick/lead_08,70,1783378276.0007734,0.0013490371638908982
loss/val_lead_var/so/lead_01,70,1783378276.1571927,0.0002504534786567092
loss/val_lead_var/so/lead_02,70,1783378276.1745484,0.0004137646174058318
loss/val_lead_var/so/lead_03,70,1783378276.1914835,0.0005532354116439819
loss/val_lead_var/so/lead_04,70,1783378276.2048264,0.000679432530887425
loss/val_lead_var/so/lead_05,70,1783378276.2127924,0.0007954146713018417
loss/val_lead_var/so/lead_06,70,1783378276.2210047,0.0009025972685776651
loss/val_lead_var/so/lead_07,70,1783378276.2296658,0.0010021004127338529
loss/val_lead_var/so/lead_08,70,1783378276.2383785,0.0010949022835120559
loss/val_lead_var/thetao/lead_01,70,1783378276.0769994,0.000897485762834549
loss/val_lead_var/thetao/lead_02,70,1783378276.081258,0.0015253381570801139
loss/val_lead_var/thetao/lead_03,70,1783378276.0871134,0.002085909014567733
loss/val_lead_var/thetao/lead_04,70,1783378276.0918434,0.0026038815267384052
loss/val_lead_var/thetao/lead_05,70,1783378276.0978532,0.0030860798433423042
loss/val_lead_var/thetao/lead_06,70,1783378276.1061168,0.003534819697961211
loss/val_lead_var/thetao/lead_07,70,1783378276.116388,0.003951684571802616
loss/val_lead_var/thetao/lead_08,70,1783378276.1235762,0.00433944771066308
loss/val_lead_var/uo/lead_01,70,1783378276.256366,0.004126500338315964
loss/val_lead_var/uo/lead_02,70,1783378276.265241,0.005377739667892456
loss/val_lead_var/uo/lead_03,70,1783378276.293775,0.006517175119370222
loss/val_lead_var/uo/lead_04,70,1783378276.2986796,0.007602087687700987
loss/val_lead_var/uo/lead_05,70,1783378276.3025925,0.008654267527163029
loss/val_lead_var/uo/lead_06,70,1783378276.3070757,0.009658243507146835
loss/val_lead_var/uo/lead_07,70,1783378276.3123813,0.01060935202986002
loss/val_lead_var/uo/lead_08,70,1783378276.3175547,0.011518043465912342
loss/val_lead_var/vo/lead_01,70,1783378276.328764,0.004278394393622875
loss/val_lead_var/vo/lead_02,70,1783378276.3354533,0.005670920945703983
loss/val_lead_var/vo/lead_03,70,1783378276.3431292,0.0069633955135941505
loss/val_lead_var/vo/lead_04,70,1783378276.3517764,0.008185992948710918
loss/val_lead_var/vo/lead_05,70,1783378276.3608534,0.009369540959596634
loss/val_lead_var/vo/lead_06,70,1783378276.3708174,0.010507781058549881
loss/val_lead_var/vo/lead_07,70,1783378276.382342,0.011587734334170818
loss/val_lead_var/vo/lead_08,70,1783378276.394399,0.012610445730388165
loss/val_lead_var/zos/lead_01,70,1783378276.011699,0.0015062743332237005
loss/val_lead_var/zos/lead_02,70,1783378276.0182884,0.0021671648137271404
loss/val_lead_var/zos/lead_03,70,1783378276.0264351,0.002653925446793437
loss/val_lead_var/zos/lead_04,70,1783378276.0344436,0.0030797645449638367
loss/val_lead_var/zos/lead_05,70,1783378276.044288,0.0034762718714773655
loss/val_lead_var/zos/lead_06,70,1783378276.0550883,0.0038428662810474634
loss/val_lead_var/zos/lead_07,70,1783378276.0636342,0.004188803490251303
loss/val_lead_var/zos/lead_08,70,1783378276.0682406,0.0045171198435127735
loss/val_norm,70,1783378275.834099,0.0023478390648961067
loss/val_norm_lead/lead_01,70,1783378275.8341258,0.0009768545860424638
loss/val_norm_lead/lead_02,70,1783378275.834931,0.001463668653741479
loss/val_norm_lead/lead_03,70,1783378275.8382378,0.0018771961331367493
loss/val_norm_lead/lead_04,70,1783378275.8440058,0.0022507701069116592
loss/val_norm_lead/lead_05,70,1783378275.8493245,0.002596317557618022
loss/val_norm_lead/lead_06,70,1783378275.8534188,0.00291624222882092
loss/val_norm_lead/lead_07,70,1783378275.857717,0.0032128202728927135
loss/val_norm_lead/lead_08,70,1783378275.862269,0.0034888426307588816
loss/val_norm_lead_var/siconc/lead_01,70,1783378275.871187,0.0025520073249936104
loss/val_norm_lead_var/siconc/lead_02,70,1783378275.8756282,0.004170229658484459
loss/val_norm_lead_var/siconc/lead_03,70,1783378275.8807795,0.005374360363930464
loss/val_norm_lead_var/siconc/lead_04,70,1783378275.88599,0.006332992576062679
loss/val_norm_lead_var/siconc/lead_05,70,1783378275.8905005,0.007118026725947857
loss/val_norm_lead_var/siconc/lead_06,70,1783378275.895073,0.007767670787870884
loss/val_norm_lead_var/siconc/lead_07,70,1783378275.899412,0.008309764787554741
loss/val_norm_lead_var/siconc/lead_08,70,1783378275.9044933,0.008761611767113209
loss/val_norm_lead_var/sithick/lead_01,70,1783378275.9590285,0.00039704833761788905
loss/val_norm_lead_var/sithick/lead_02,70,1783378275.9641292,0.0006174505106173456
loss/val_norm_lead_var/sithick/lead_03,70,1783378275.9697294,0.0007810001843608916
loss/val_norm_lead_var/sithick/lead_04,70,1783378275.9780746,0.0009185507078655064
loss/val_norm_lead_var/sithick/lead_05,70,1783378275.984539,0.001040018629282713
loss/val_norm_lead_var/sithick/lead_06,70,1783378275.9913003,0.0011505711590871215
loss/val_norm_lead_var/sithick/lead_07,70,1783378275.9977024,0.0012530760141089559
loss/val_norm_lead_var/sithick/lead_08,70,1783378276.0024335,0.0013490371638908982
loss/val_norm_lead_var/so/lead_01,70,1783378276.1627922,0.0002504534786567092
loss/val_norm_lead_var/so/lead_02,70,1783378276.1801083,0.0004137646174058318
loss/val_norm_lead_var/so/lead_03,70,1783378276.1973927,0.0005532354116439819
loss/val_norm_lead_var/so/lead_04,70,1783378276.2080834,0.000679432530887425
loss/val_norm_lead_var/so/lead_05,70,1783378276.2159538,0.0007954146713018417
loss/val_norm_lead_var/so/lead_06,70,1783378276.2242517,0.0009025972685776651
loss/val_norm_lead_var/so/lead_07,70,1783378276.2322981,0.0010021004127338529
loss/val_norm_lead_var/so/lead_08,70,1783378276.2405822,0.0010949022835120559
loss/val_norm_lead_var/thetao/lead_01,70,1783378276.07835,0.000897485762834549
loss/val_norm_lead_var/thetao/lead_02,70,1783378276.0828512,0.0015253381570801139
loss/val_norm_lead_var/thetao/lead_03,70,1783378276.08867,0.002085909014567733
loss/val_norm_lead_var/thetao/lead_04,70,1783378276.0934107,0.0026038815267384052
loss/val_norm_lead_var/thetao/lead_05,70,1783378276.101756,0.0030860798433423042
loss/val_norm_lead_var/thetao/lead_06,70,1783378276.1105917,0.003534819697961211
loss/val_norm_lead_var/thetao/lead_07,70,1783378276.1180358,0.003951684571802616
loss/val_norm_lead_var/thetao/lead_08,70,1783378276.129126,0.00433944771066308
loss/val_norm_lead_var/uo/lead_01,70,1783378276.2596898,0.004126500338315964
loss/val_norm_lead_var/uo/lead_02,70,1783378276.28965,0.005377739667892456
loss/val_norm_lead_var/uo/lead_03,70,1783378276.2954857,0.006517175119370222
loss/val_norm_lead_var/uo/lead_04,70,1783378276.2998576,0.007602087687700987
loss/val_norm_lead_var/uo/lead_05,70,1783378276.3040342,0.008654267527163029
loss/val_norm_lead_var/uo/lead_06,70,1783378276.308983,0.009658243507146835
loss/val_norm_lead_var/uo/lead_07,70,1783378276.31403,0.01060935202986002
loss/val_norm_lead_var/uo/lead_08,70,1783378276.3193595,0.011518043465912342
loss/val_norm_lead_var/vo/lead_01,70,1783378276.3308163,0.004278394393622875
loss/val_norm_lead_var/vo/lead_02,70,1783378276.3378363,0.005670920945703983
loss/val_norm_lead_var/vo/lead_03,70,1783378276.3456886,0.0069633955135941505
loss/val_norm_lead_var/vo/lead_04,70,1783378276.3547707,0.008185992948710918
loss/val_norm_lead_var/vo/lead_05,70,1783378276.3639464,0.009369540959596634
loss/val_norm_lead_var/vo/lead_06,70,1783378276.3744555,0.010507781058549881
loss/val_norm_lead_var/vo/lead_07,70,1783378276.386326,0.011587734334170818
loss/val_norm_lead_var/vo/lead_08,70,1783378276.3988628,0.012610445730388165
loss/val_norm_lead_var/zos/lead_01,70,1783378276.0137985,0.0015062743332237005
loss/val_norm_lead_var/zos/lead_02,70,1783378276.0212886,0.0021671648137271404
loss/val_norm_lead_var/zos/lead_03,70,1783378276.0289032,0.002653925446793437
loss/val_norm_lead_var/zos/lead_04,70,1783378276.037566,0.0030797645449638367
loss/val_norm_lead_var/zos/lead_05,70,1783378276.0476403,0.0034762718714773655
loss/val_norm_lead_var/zos/lead_06,70,1783378276.0591495,0.0038428662810474634
loss/val_norm_lead_var/zos/lead_07,70,1783378276.065303,0.004188803490251303
loss/val_norm_lead_var/zos/lead_08,70,1783378276.0698307,0.0045171198435127735
loss/val_norm_var/siconc,70,1783378275.8664575,0.006298332940787077
loss/val_norm_var/sithick,70,1783378275.953301,0.0009383441065438092
loss/val_norm_var/so,70,1783378276.1463795,0.0007114876061677933
loss/val_norm_var/thetao,70,1783378276.0740376,0.002753080800175667
loss/val_norm_var/uo,70,1783378276.250315,0.008007925935089588
loss/val_norm_var/vo,70,1783378276.3247895,0.008646775968372822
loss/val_norm_var/zos,70,1783378276.0076344,0.003179023740813136
loss/val_var/siconc,70,1783378275.8650231,0.006298332940787077
loss/val_var/sithick,70,1783378275.9083962,0.0009383441065438092
loss/val_var/so,70,1783378276.1410663,0.0007114876061677933
loss/val_var/thetao,70,1783378276.0727475,0.002753080800175667
loss/val_var/uo,70,1783378276.247045,0.008007925935089588
loss/val_var/vo,70,1783378276.3227515,0.008646775968372822
loss/val_var/zos,70,1783378276.0058937,0.003179023740813136
loss/train,71,1783380377.9121811,0.0020892531611025333
loss/train,72,1783382478.733323,0.0020832065492868423
loss/train,73,1783384586.438942,0.002086795400828123
loss/train,74,1783386691.89464,0.0020876170601695776
loss/ema_val,75,1783389188.130253,0.0023002231027930975
loss/ema_val_denorm,75,1783389188.1302578,0.03440141677856445
loss/train,75,1783388792.8530354,0.0020856421906501055
loss/val,75,1783389188.1302032,0.002336242701858282
loss/val_denorm,75,1783389188.1302478,0.034920092672109604
loss/val_denorm_lead/lead_01,75,1783389188.1302712,0.012351485900580883
loss/val_denorm_lead/lead_02,75,1783389188.1302843,0.02024172991514206
loss/val_denorm_lead/lead_03,75,1783389188.1347427,0.027057884261012077
loss/val_denorm_lead/lead_04,75,1783389188.1385128,0.03326275199651718
loss/val_denorm_lead/lead_05,75,1783389188.1421978,0.03899690881371498
loss/val_denorm_lead/lead_06,75,1783389188.1458662,0.04431477189064026
loss/val_denorm_lead/lead_07,75,1783389188.1492937,0.04925951361656189
loss/val_denorm_lead/lead_08,75,1783389188.1528554,0.053875695914030075
loss/val_denorm_lead_var/siconc/lead_01,75,1783389188.1592276,0.0025267128366976976
loss/val_denorm_lead_var/siconc/lead_02,75,1783389188.1629574,0.004127230495214462
loss/val_denorm_lead_var/siconc/lead_03,75,1783389188.167923,0.005315335001796484
loss/val_denorm_lead_var/siconc/lead_04,75,1783389188.1719553,0.0062596434727311134
loss/val_denorm_lead_var/siconc/lead_05,75,1783389188.1757975,0.007030461449176073
loss/val_denorm_lead_var/siconc/lead_06,75,1783389188.1793826,0.007664771750569344
loss/val_denorm_lead_var/siconc/lead_07,75,1783389188.1824346,0.008190052583813667
loss/val_denorm_lead_var/siconc/lead_08,75,1783389188.1857624,0.008625751361250877
loss/val_denorm_lead_var/sithick/lead_01,75,1783389188.1922028,0.0030138217844069004
loss/val_denorm_lead_var/sithick/lead_02,75,1783389188.1954558,0.004671406466513872
loss/val_denorm_lead_var/sithick/lead_03,75,1783389188.1988125,0.005895662121474743
loss/val_denorm_lead_var/sithick/lead_04,75,1783389188.2021139,0.006923553999513388
loss/val_denorm_lead_var/sithick/lead_05,75,1783389188.2058735,0.00783177837729454
loss/val_denorm_lead_var/sithick/lead_06,75,1783389188.2092776,0.00865485705435276
loss/val_denorm_lead_var/sithick/lead_07,75,1783389188.2123923,0.009418731555342674
loss/val_denorm_lead_var/sithick/lead_08,75,1783389188.2156062,0.010134706273674965
loss/val_denorm_lead_var/so/lead_01,75,1783389188.3170438,0.008043806068599224
loss/val_denorm_lead_var/so/lead_02,75,1783389188.321199,0.013213415630161762
loss/val_denorm_lead_var/so/lead_03,75,1783389188.330689,0.017547618597745895
loss/val_denorm_lead_var/so/lead_04,75,1783389188.5449712,0.021430961787700653
loss/val_denorm_lead_var/so/lead_05,75,1783389188.560677,0.024980317801237106
loss/val_denorm_lead_var/so/lead_06,75,1783389188.5754437,0.0282494705170393
loss/val_denorm_lead_var/so/lead_07,75,1783389188.5920002,0.03127921000123024
loss/val_denorm_lead_var/so/lead_08,75,1783389188.6104941,0.034102197736501694
loss/val_denorm_lead_var/thetao/lead_01,75,1783389188.260621,0.030123146250844002
loss/val_denorm_lead_var/thetao/lead_02,75,1783389188.2681766,0.050957418978214264
loss/val_denorm_lead_var/thetao/lead_03,75,1783389188.2741935,0.06940136849880219
loss/val_denorm_lead_var/thetao/lead_04,75,1783389188.2834663,0.08636994659900665
loss/val_denorm_lead_var/thetao/lead_05,75,1783389188.2927136,0.10212284326553345
loss/val_denorm_lead_var/thetao/lead_06,75,1783389188.29835,0.11676834523677826
loss/val_denorm_lead_var/thetao/lead_07,75,1783389188.3039732,0.13039474189281464
loss/val_denorm_lead_var/thetao/lead_08,75,1783389188.3102593,0.14311331510543823
loss/val_denorm_lead_var/uo/lead_01,75,1783389188.6570833,0.008569910190999508
loss/val_denorm_lead_var/uo/lead_02,75,1783389188.6815534,0.010941274464130402
loss/val_denorm_lead_var/uo/lead_03,75,1783389188.7037947,0.013048233464360237
loss/val_denorm_lead_var/uo/lead_04,75,1783389188.7131324,0.015023748390376568
loss/val_denorm_lead_var/uo/lead_05,75,1783389188.7221222,0.01694674976170063
loss/val_denorm_lead_var/uo/lead_06,75,1783389188.7301712,0.018806956708431244
loss/val_denorm_lead_var/uo/lead_07,75,1783389188.7610457,0.02057483419775963
loss/val_denorm_lead_var/uo/lead_08,75,1783389188.7786534,0.022263256832957268
loss/val_denorm_lead_var/vo/lead_01,75,1783389188.7894378,0.008629112504422665
loss/val_denorm_lead_var/vo/lead_02,75,1783389188.7963636,0.011231433600187302
loss/val_denorm_lead_var/vo/lead_03,75,1783389188.8044684,0.013641211204230785
loss/val_denorm_lead_var/vo/lead_04,75,1783389188.8102937,0.015937674790620804
loss/val_denorm_lead_var/vo/lead_05,75,1783389188.8157206,0.01816716603934765
loss/val_denorm_lead_var/vo/lead_06,75,1783389188.820459,0.020312443375587463
loss/val_denorm_lead_var/vo/lead_07,75,1783389188.8256824,0.022353090345859528
loss/val_denorm_lead_var/vo/lead_08,75,1783389188.829657,0.0242841225117445
loss/val_denorm_lead_var/zos/lead_01,75,1783389188.2228847,0.005833191331475973
loss/val_denorm_lead_var/zos/lead_02,75,1783389188.226231,0.008422140032052994
loss/val_denorm_lead_var/zos/lead_03,75,1783389188.2295537,0.010310282930731773
loss/val_denorm_lead_var/zos/lead_04,75,1783389188.233304,0.011947782710194588
loss/val_denorm_lead_var/zos/lead_05,75,1783389188.2366872,0.013472171500325203
loss/val_denorm_lead_var/zos/lead_06,75,1783389188.2404978,0.014891539700329304
loss/val_denorm_lead_var/zos/lead_07,75,1783389188.2442446,0.016238879412412643
loss/val_denorm_lead_var/zos/lead_08,75,1783389188.247609,0.017530955374240875
loss/val_denorm_var/siconc,75,1783389188.1562457,0.006217494606971741
loss/val_denorm_var/sithick,75,1783389188.1890295,0.007068064995110035
loss/val_denorm_var/so,75,1783389188.3134372,0.022355875000357628
loss/val_denorm_var/thetao,75,1783389188.254927,0.09115639328956604
loss/val_denorm_var/uo,75,1783389188.6331117,0.01577187143266201
loss/val_denorm_var/vo,75,1783389188.783891,0.016819531098008156
loss/val_denorm_var/zos,75,1783389188.2192597,0.012330868281424046
loss/val_lead/lead_01,75,1783389188.130262,0.0009758815867826343
loss/val_lead/lead_02,75,1783389188.1302752,0.0014596707187592983
loss/val_lead/lead_03,75,1783389188.1306767,0.0018696413608267903
loss/val_lead/lead_04,75,1783389188.1359715,0.0022393306717276573
loss/val_lead/lead_05,75,1783389188.139755,0.002581641310825944
loss/val_lead/lead_06,75,1783389188.1434674,0.0028994125314056873
loss/val_lead/lead_07,75,1783389188.1470335,0.0031945379450917244
loss/val_lead/lead_08,75,1783389188.1505597,0.00346982479095459
loss/val_lead_var/siconc/lead_01,75,1783389188.157394,0.0025267102755606174
loss/val_lead_var/siconc/lead_02,75,1783389188.1604376,0.0041272263042628765
loss/val_lead_var/siconc/lead_03,75,1783389188.1643734,0.005315329413861036
loss/val_lead_var/siconc/lead_04,75,1783389188.1692019,0.006259637419134378
loss/val_lead_var/siconc/lead_05,75,1783389188.1734014,0.0070304544642567635
loss/val_lead_var/siconc/lead_06,75,1783389188.176954,0.007664763834327459
loss/val_lead_var/siconc/lead_07,75,1783389188.180468,0.008190044201910496
loss/val_lead_var/siconc/lead_08,75,1783389188.1835413,0.008625742979347706
loss/val_lead_var/sithick/lead_01,75,1783389188.1902966,0.00039542667218483984
loss/val_lead_var/sithick/lead_02,75,1783389188.193284,0.0006129090907052159
loss/val_lead_var/sithick/lead_03,75,1783389188.1965902,0.0007735368562862277
loss/val_lead_var/sithick/lead_04,75,1783389188.1998413,0.0009084007469937205
loss/val_lead_var/sithick/lead_05,75,1783389188.203711,0.0010275637032464147
loss/val_lead_var/sithick/lead_06,75,1783389188.20702,0.0011355553288012743
loss/val_lead_var/sithick/lead_07,75,1783389188.210138,0.0012357791420072317
loss/val_lead_var/sithick/lead_08,75,1783389188.2134469,0.0013297181576490402
loss/val_lead_var/so/lead_01,75,1783389188.314727,0.0002506885793991387
loss/val_lead_var/so/lead_02,75,1783389188.3181005,0.0004140954988542944
loss/val_lead_var/so/lead_03,75,1783389188.3239508,0.0005532922805286944
loss/val_lead_var/so/lead_04,75,1783389188.333773,0.0006791738560423255
loss/val_lead_var/so/lead_05,75,1783389188.552518,0.0007948944112285972
loss/val_lead_var/so/lead_06,75,1783389188.5644045,0.0009018648997880518
loss/val_lead_var/so/lead_07,75,1783389188.5810552,0.0010012193815782666
loss/val_lead_var/so/lead_08,75,1783389188.597858,0.0010939514031633735
loss/val_lead_var/thetao/lead_01,75,1783389188.2568016,0.0008978412370197475
loss/val_lead_var/thetao/lead_02,75,1783389188.2629898,0.0015229451237246394
loss/val_lead_var/thetao/lead_03,75,1783389188.2692509,0.002079373924061656
loss/val_lead_var/thetao/lead_04,75,1783389188.2763622,0.0025932013522833586
loss/val_lead_var/thetao/lead_05,75,1783389188.2864869,0.0030716320034116507
loss/val_lead_var/thetao/lead_06,75,1783389188.2945633,0.003517411882057786
loss/val_lead_var/thetao/lead_07,75,1783389188.2999134,0.003932893741875887
loss/val_lead_var/thetao/lead_08,75,1783389188.3056152,0.004321350250393152
loss/val_lead_var/uo/lead_01,75,1783389188.6415176,0.0041364519856870174
loss/val_lead_var/uo/lead_02,75,1783389188.665559,0.005384337157011032
loss/val_lead_var/uo/lead_03,75,1783389188.6898878,0.006514935754239559
loss/val_lead_var/uo/lead_04,75,1783389188.7073734,0.00757505651563406
loss/val_lead_var/uo/lead_05,75,1783389188.7164013,0.008607263676822186
loss/val_lead_var/uo/lead_06,75,1783389188.7244883,0.009606369771063328
loss/val_lead_var/uo/lead_07,75,1783389188.732753,0.010554374195635319
loss/val_lead_var/uo/lead_08,75,1783389188.775696,0.01145920716226101
loss/val_lead_var/vo/lead_01,75,1783389188.7856517,0.00427468866109848
loss/val_lead_var/vo/lead_02,75,1783389188.7915092,0.005631626583635807
loss/val_lead_var/vo/lead_03,75,1783389188.7984512,0.006901468615978956
loss/val_lead_var/vo/lead_04,75,1783389188.8063843,0.008114189840853214
loss/val_lead_var/vo/lead_05,75,1783389188.8123398,0.009293426759541035
loss/val_lead_var/vo/lead_06,75,1783389188.8172417,0.010428398847579956
loss/val_lead_var/vo/lead_07,75,1783389188.8220773,0.01150767132639885
loss/val_lead_var/vo/lead_08,75,1783389188.8269534,0.012528466992080212
loss/val_lead_var/zos/lead_01,75,1783389188.2202961,0.0015044386964291334
loss/val_lead_var/zos/lead_02,75,1783389188.2240727,0.0021721546072512865
loss/val_lead_var/zos/lead_03,75,1783389188.227394,0.002659125719219446
loss/val_lead_var/zos/lead_04,75,1783389188.2308676,0.003081453265622258
loss/val_lead_var/zos/lead_05,75,1783389188.234404,0.0034746082965284586
loss/val_lead_var/zos/lead_06,75,1783389188.2379997,0.003840677672997117
loss/val_lead_var/zos/lead_07,75,1783389188.241726,0.004188170190900564
loss/val_lead_var/zos/lead_08,75,1783389188.2453716,0.00452140998095274
loss/val_norm,75,1783389188.1302397,0.002336242701858282
loss/val_norm_lead/lead_01,75,1783389188.130267,0.0009758815867826343
loss/val_norm_lead/lead_02,75,1783389188.13028,0.0014596707187592983
loss/val_norm_lead/lead_03,75,1783389188.1332126,0.0018696413608267903
loss/val_norm_lead/lead_04,75,1783389188.1372917,0.0022393306717276573
loss/val_norm_lead/lead_05,75,1783389188.141041,0.002581641310825944
loss/val_norm_lead/lead_06,75,1783389188.1446579,0.0028994125314056873
loss/val_norm_lead/lead_07,75,1783389188.1480882,0.0031945379450917244
loss/val_norm_lead/lead_08,75,1783389188.1517253,0.00346982479095459
loss/val_norm_lead_var/siconc/lead_01,75,1783389188.158408,0.0025267102755606174
loss/val_norm_lead_var/siconc/lead_02,75,1783389188.1616864,0.0041272263042628765
loss/val_norm_lead_var/siconc/lead_03,75,1783389188.1657772,0.005315329413861036
loss/val_norm_lead_var/siconc/lead_04,75,1783389188.170615,0.006259637419134378
loss/val_norm_lead_var/siconc/lead_05,75,1783389188.1746304,0.0070304544642567635
loss/val_norm_lead_var/siconc/lead_06,75,1783389188.178148,0.007664763834327459
loss/val_norm_lead_var/siconc/lead_07,75,1783389188.1811936,0.008190044201910496
loss/val_norm_lead_var/siconc/lead_08,75,1783389188.1847174,0.008625742979347706
loss/val_norm_lead_var/sithick/lead_01,75,1783389188.191333,0.00039542667218483984
loss/val_norm_lead_var/sithick/lead_02,75,1783389188.1944425,0.0006129090907052159
loss/val_norm_lead_var/sithick/lead_03,75,1783389188.1976755,0.0007735368562862277
loss/val_norm_lead_var/sithick/lead_04,75,1783389188.2008486,0.0009084007469937205
loss/val_norm_lead_var/sithick/lead_05,75,1783389188.204725,0.0010275637032464147
loss/val_norm_lead_var/sithick/lead_06,75,1783389188.2081575,0.0011355553288012743
loss/val_norm_lead_var/sithick/lead_07,75,1783389188.2111466,0.0012357791420072317
loss/val_norm_lead_var/sithick/lead_08,75,1783389188.2143996,0.0013297181576490402
loss/val_norm_lead_var/so/lead_01,75,1783389188.3158877,0.0002506885793991387
loss/val_norm_lead_var/so/lead_02,75,1783389188.3192334,0.0004140954988542944
loss/val_norm_lead_var/so/lead_03,75,1783389188.3273473,0.0005532922805286944
loss/val_norm_lead_var/so/lead_04,75,1783389188.5386112,0.0006791738560423255
loss/val_norm_lead_var/so/lead_05,75,1783389188.556797,0.0007948944112285972
loss/val_norm_lead_var/so/lead_06,75,1783389188.5694225,0.0009018648997880518
loss/val_norm_lead_var/so/lead_07,75,1783389188.5864413,0.0010012193815782666
loss/val_norm_lead_var/so/lead_08,75,1783389188.6039784,0.0010939514031633735
loss/val_norm_lead_var/thetao/lead_01,75,1783389188.258144,0.0008978412370197475
loss/val_norm_lead_var/thetao/lead_02,75,1783389188.2668986,0.0015229451237246394
loss/val_norm_lead_var/thetao/lead_03,75,1783389188.2719488,0.002079373924061656
loss/val_norm_lead_var/thetao/lead_04,75,1783389188.2802534,0.0025932013522833586
loss/val_norm_lead_var/thetao/lead_05,75,1783389188.289356,0.0030716320034116507
loss/val_norm_lead_var/thetao/lead_06,75,1783389188.296524,0.003517411882057786
loss/val_norm_lead_var/thetao/lead_07,75,1783389188.3016796,0.003932893741875887
loss/val_norm_lead_var/thetao/lead_08,75,1783389188.3072507,0.004321350250393152
loss/val_norm_lead_var/uo/lead_01,75,1783389188.649729,0.0041364519856870174
loss/val_norm_lead_var/uo/lead_02,75,1783389188.6731265,0.005384337157011032
loss/val_norm_lead_var/uo/lead_03,75,1783389188.6981723,0.006514935754239559
loss/val_norm_lead_var/uo/lead_04,75,1783389188.7097528,0.00757505651563406
loss/val_norm_lead_var/uo/lead_05,75,1783389188.7199416,0.008607263676822186
loss/val_norm_lead_var/uo/lead_06,75,1783389188.7270615,0.009606369771063328
loss/val_norm_lead_var/uo/lead_07,75,1783389188.7347198,0.010554374195635319
loss/val_norm_lead_var/uo/lead_08,75,1783389188.7774155,0.01145920716226101
loss/val_norm_lead_var/vo/lead_01,75,1783389188.787472,0.00427468866109848
loss/val_norm_lead_var/vo/lead_02,75,1783389188.7936282,0.005631626583635807
loss/val_norm_lead_var/vo/lead_03,75,1783389188.8014073,0.006901468615978956
loss/val_norm_lead_var/vo/lead_04,75,1783389188.8083816,0.008114189840853214
loss/val_norm_lead_var/vo/lead_05,75,1783389188.814283,0.009293426759541035
loss/val_norm_lead_var/vo/lead_06,75,1783389188.8188026,0.010428398847579956
loss/val_norm_lead_var/vo/lead_07,75,1783389188.8239925,0.01150767132639885
loss/val_norm_lead_var/vo/lead_08,75,1783389188.8281507,0.012528466992080212
loss/val_norm_lead_var/zos/lead_01,75,1783389188.2217073,0.0015044386964291334
loss/val_norm_lead_var/zos/lead_02,75,1783389188.2251086,0.0021721546072512865
loss/val_norm_lead_var/zos/lead_03,75,1783389188.2285328,0.002659125719219446
loss/val_norm_lead_var/zos/lead_04,75,1783389188.232039,0.003081453265622258
loss/val_norm_lead_var/zos/lead_05,75,1783389188.2356327,0.0034746082965284586
loss/val_norm_lead_var/zos/lead_06,75,1783389188.2391362,0.003840677672997117
loss/val_norm_lead_var/zos/lead_07,75,1783389188.2429028,0.004188170190900564
loss/val_norm_lead_var/zos/lead_08,75,1783389188.2466204,0.00452140998095274
loss/val_norm_var/siconc,75,1783389188.1551504,0.006217488553375006
loss/val_norm_var/sithick,75,1783389188.187938,0.0009273611940443516
loss/val_norm_var/so,75,1783389188.3123293,0.0007111475570127368
loss/val_norm_var/thetao,75,1783389188.2525628,0.002742081182077527
loss/val_norm_var/uo,75,1783389188.6249502,0.007979749701917171
loss/val_norm_var/vo,75,1783389188.7822506,0.008584992028772831
loss/val_norm_var/zos,75,1783389188.2179797,0.003180254716426134
loss/val_var/siconc,75,1783389188.1539826,0.006217488553375006
loss/val_var/sithick,75,1783389188.1868675,0.0009273611940443516
loss/val_var/so,75,1783389188.3113122,0.0007111475570127368
loss/val_var/thetao,75,1783389188.2491546,0.002742081182077527
loss/val_var/uo,75,1783389188.6179688,0.007979749701917171
loss/val_var/vo,75,1783389188.780509,0.008584992028772831
loss/val_var/zos,75,1783389188.2167203,0.003180254716426134
loss/train,76,1783391285.6753016,0.002085228217765689
loss/train,77,1783393381.937832,0.0020800670608878136
loss/train,78,1783395475.4685085,0.0020863295067101717
loss/train,79,1783397570.6695485,0.0020828077103942633
loss/ema_val,80,1783400069.4960945,0.0023002605885267258
loss/ema_val_denorm,80,1783400069.496099,0.03438891842961311
loss/train,80,1783399674.1404612,0.002082464285194874
loss/val,80,1783400069.4960482,0.00233900616876781
loss/val_denorm,80,1783400069.496089,0.03490346297621727
loss/val_denorm_lead/lead_01,80,1783400069.496112,0.012317543849349022
loss/val_denorm_lead/lead_02,80,1783400069.4961264,0.020206594839692116
loss/val_denorm_lead/lead_03,80,1783400069.5091534,0.027039963752031326
loss/val_denorm_lead/lead_04,80,1783400069.5269902,0.03325687348842621
loss/val_denorm_lead/lead_05,80,1783400069.5424423,0.03899553790688515
loss/val_denorm_lead/lead_06,80,1783400069.5591094,0.04430980235338211
loss/val_denorm_lead/lead_07,80,1783400069.576537,0.0492488332092762
loss/val_denorm_lead/lead_08,80,1783400069.6000373,0.053852543234825134
loss/val_denorm_lead_var/siconc/lead_01,80,1783400069.6290855,0.0025347957853227854
loss/val_denorm_lead_var/siconc/lead_02,80,1783400069.6438513,0.004141976125538349
loss/val_denorm_lead_var/siconc/lead_03,80,1783400069.8679333,0.005333991255611181
loss/val_denorm_lead_var/siconc/lead_04,80,1783400069.8862977,0.006280696485191584
loss/val_denorm_lead_var/siconc/lead_05,80,1783400069.9041376,0.007054076064378023
loss/val_denorm_lead_var/siconc/lead_06,80,1783400069.9221509,0.007692516315728426
loss/val_denorm_lead_var/siconc/lead_07,80,1783400069.9425468,0.008223499171435833
loss/val_denorm_lead_var/siconc/lead_08,80,1783400069.9595332,0.008665944449603558
loss/val_denorm_lead_var/sithick/lead_01,80,1783400070.1985118,0.0030221501365303993
loss/val_denorm_lead_var/sithick/lead_02,80,1783400070.2158678,0.004702970385551453
loss/val_denorm_lead_var/sithick/lead_03,80,1783400070.232137,0.005946416407823563
loss/val_denorm_lead_var/sithick/lead_04,80,1783400070.243645,0.006991425529122353
loss/val_denorm_lead_var/sithick/lead_05,80,1783400070.2531683,0.007914933376014233
loss/val_denorm_lead_var/sithick/lead_06,80,1783400070.2634907,0.008752737194299698
loss/val_denorm_lead_var/sithick/lead_07,80,1783400070.4782898,0.009529057890176773
loss/val_denorm_lead_var/sithick/lead_08,80,1783400070.489382,0.010256645269691944
loss/val_denorm_lead_var/so/lead_01,80,1783400071.6632924,0.008039610460400581
loss/val_denorm_lead_var/so/lead_02,80,1783400071.6867092,0.013193383812904358
loss/val_denorm_lead_var/so/lead_03,80,1783400071.7043824,0.017514897510409355
loss/val_denorm_lead_var/so/lead_04,80,1783400071.72031,0.021383605897426605
loss/val_denorm_lead_var/so/lead_05,80,1783400071.737268,0.024918632581830025
loss/val_denorm_lead_var/so/lead_06,80,1783400071.7561731,0.02817569114267826
loss/val_denorm_lead_var/so/lead_07,80,1783400071.7731917,0.03119649738073349
loss/val_denorm_lead_var/so/lead_08,80,1783400071.792092,0.03401152044534683
loss/val_denorm_lead_var/thetao/lead_01,80,1783400071.0890243,0.029988138005137444
loss/val_denorm_lead_var/thetao/lead_02,80,1783400071.309509,0.05083095654845238
loss/val_denorm_lead_var/thetao/lead_03,80,1783400071.325411,0.06935084611177444
loss/val_denorm_lead_var/thetao/lead_04,80,1783400071.3447342,0.0863768458366394
loss/val_denorm_lead_var/thetao/lead_05,80,1783400071.362428,0.10215944796800613
loss/val_denorm_lead_var/thetao/lead_06,80,1783400071.3810227,0.11680398136377335
loss/val_denorm_lead_var/thetao/lead_07,80,1783400071.3973317,0.1304214894771576
loss/val_denorm_lead_var/thetao/lead_08,80,1783400071.6186903,0.14310556650161743
loss/val_denorm_lead_var/uo/lead_01,80,1783400071.8240602,0.00851105060428381
loss/val_denorm_lead_var/uo/lead_02,80,1783400071.8415394,0.010871430858969688
loss/val_denorm_lead_var/uo/lead_03,80,1783400071.8590908,0.012989130802452564
loss/val_denorm_lead_var/uo/lead_04,80,1783400071.875625,0.014989732764661312
loss/val_denorm_lead_var/uo/lead_05,80,1783400071.8923633,0.016924317926168442
loss/val_denorm_lead_var/uo/lead_06,80,1783400071.910113,0.01877683587372303
loss/val_denorm_lead_var/uo/lead_07,80,1783400072.1251621,0.020538486540317535
loss/val_denorm_lead_var/uo/lead_08,80,1783400072.1429572,0.022225480526685715
loss/val_denorm_lead_var/vo/lead_01,80,1783400072.7855644,0.008585650473833084
loss/val_denorm_lead_var/vo/lead_02,80,1783400072.8001127,0.011192546226084232
loss/val_denorm_lead_var/vo/lead_03,80,1783400072.8339648,0.013610124588012695
loss/val_denorm_lead_var/vo/lead_04,80,1783400072.8497124,0.01592155545949936
loss/val_denorm_lead_var/vo/lead_05,80,1783400072.8643522,0.018176719546318054
loss/val_denorm_lead_var/vo/lead_06,80,1783400072.8791728,0.02033918723464012
loss/val_denorm_lead_var/vo/lead_07,80,1783400072.8957098,0.022373447194695473
loss/val_denorm_lead_var/vo/lead_08,80,1783400072.9111483,0.024291595444083214
loss/val_denorm_lead_var/zos/lead_01,80,1783400070.7384765,0.005876406095921993
loss/val_denorm_lead_var/zos/lead_02,80,1783400070.753774,0.008494195528328419
loss/val_denorm_lead_var/zos/lead_03,80,1783400070.9723513,0.010419955477118492
loss/val_denorm_lead_var/zos/lead_04,80,1783400070.9889321,0.012085117399692535
loss/val_denorm_lead_var/zos/lead_05,80,1783400071.0049868,0.013623709790408611
loss/val_denorm_lead_var/zos/lead_06,80,1783400071.021873,0.01504659466445446
loss/val_denorm_lead_var/zos/lead_07,80,1783400071.0374892,0.016389301046729088
loss/val_denorm_lead_var/zos/lead_08,80,1783400071.0542803,0.01766020618379116
loss/val_denorm_var/siconc,80,1783400069.6151724,0.006240936927497387
loss/val_denorm_var/sithick,80,1783400070.1797533,0.007139542140066624
loss/val_denorm_var/so,80,1783400071.6361067,0.0223042294383049
loss/val_denorm_var/thetao,80,1783400071.0726187,0.09112966060638428
loss/val_denorm_var/uo,80,1783400071.8087223,0.015728307887911797
loss/val_denorm_var/vo,80,1783400072.3633347,0.016811354085803032
loss/val_denorm_var/zos,80,1783400070.705832,0.012449435889720917
loss/val_lead/lead_01,80,1783400069.4961038,0.0009742086986079812
loss/val_lead/lead_02,80,1783400069.4961176,0.001458834740333259
loss/val_lead/lead_03,80,1783400069.496642,0.0018709192518144846
loss/val_lead/lead_04,80,1783400069.5157864,0.002242641057819128
loss/val_lead/lead_05,80,1783400069.5318215,0.0025864311028271914
loss/val_lead/lead_06,80,1783400069.54794,0.00290473154745996
loss/val_lead/lead_07,80,1783400069.5648336,0.003199781524017453
loss/val_lead/lead_08,80,1783400069.5827205,0.003474500961601734
loss/val_lead_var/siconc/lead_01,80,1783400069.6198192,0.002534793224185705
loss/val_lead_var/siconc/lead_02,80,1783400069.63396,0.004141972400248051
loss/val_lead_var/siconc/lead_03,80,1783400069.8526533,0.005333986133337021
loss/val_lead_var/siconc/lead_04,80,1783400069.8742478,0.006280689965933561
loss/val_lead_var/siconc/lead_05,80,1783400069.8921785,0.0070540690794587135
loss/val_lead_var/siconc/lead_06,80,1783400069.9108038,0.007692508865147829
loss/val_lead_var/siconc/lead_07,80,1783400069.929521,0.008223490789532661
loss/val_lead_var/siconc/lead_08,80,1783400069.9485974,0.008665935136377811
loss/val_lead_var/sithick/lead_01,80,1783400070.1863763,0.00039651940460316837
loss/val_lead_var/sithick/lead_02,80,1783400070.2047176,0.0006170504493638873
loss/val_lead_var/sithick/lead_03,80,1783400070.2215385,0.000780196045525372
loss/val_lead_var/sithick/lead_04,80,1783400070.2372725,0.0009173058206215501
loss/val_lead_var/sithick/lead_05,80,1783400070.2466857,0.001038474147208035
loss/val_lead_var/sithick/lead_06,80,1783400070.255666,0.0011483976850286126
loss/val_lead_var/sithick/lead_07,80,1783400070.267244,0.0012502543395385146
loss/val_lead_var/sithick/lead_08,80,1783400070.482736,0.001345716998912394
loss/val_lead_var/so/lead_01,80,1783400071.6411545,0.00025048136012628675
loss/val_lead_var/so/lead_02,80,1783400071.6760283,0.00041347910882905126
loss/val_lead_var/so/lead_03,80,1783400071.6919007,0.0005524337757378817
loss/val_lead_var/so/lead_04,80,1783400071.7099226,0.0006780053372494876
loss/val_lead_var/so/lead_05,80,1783400071.7267134,0.0007933929446153343
loss/val_lead_var/so/lead_06,80,1783400071.7441201,0.0009000699501484632
loss/val_lead_var/so/lead_07,80,1783400071.7625723,0.0009992156410589814
loss/val_lead_var/so/lead_08,80,1783400071.7791,0.0010917533654719591
loss/val_lead_var/thetao/lead_01,80,1783400071.078097,0.0008937467937357724
loss/val_lead_var/thetao/lead_02,80,1783400071.095023,0.0015190612757578492
loss/val_lead_var/thetao/lead_03,80,1783400071.315172,0.0020779443439096212
loss/val_lead_var/thetao/lead_04,80,1783400071.3310308,0.0025936218444257975
loss/val_lead_var/thetao/lead_05,80,1783400071.3508246,0.0030729605350643396
loss/val_lead_var/thetao/lead_06,80,1783400071.3679965,0.0035187017638236284
loss/val_lead_var/thetao/lead_07,80,1783400071.3861012,0.003933968488126993
loss/val_lead_var/thetao/lead_08,80,1783400071.404132,0.004321500658988953
loss/val_lead_var/uo/lead_01,80,1783400071.8140256,0.004112626425921917
loss/val_lead_var/uo/lead_02,80,1783400071.8288229,0.005357059184461832
loss/val_lead_var/uo/lead_03,80,1783400071.8479078,0.006493406370282173
loss/val_lead_var/uo/lead_04,80,1783400071.8647091,0.007564946543425322
loss/val_lead_var/uo/lead_05,80,1783400071.8811657,0.008603191003203392
loss/val_lead_var/uo/lead_06,80,1783400071.8985116,0.00959914643317461
loss/val_lead_var/uo/lead_07,80,1783400071.9140232,0.010544361546635628
loss/val_lead_var/uo/lead_08,80,1783400072.1308856,0.011448457837104797
loss/val_lead_var/vo/lead_01,80,1783400072.7732894,0.004258104600012302
loss/val_lead_var/vo/lead_02,80,1783400072.7899246,0.00561560969799757
loss/val_lead_var/vo/lead_03,80,1783400072.8060198,0.006891803815960884
loss/val_lead_var/vo/lead_04,80,1783400072.839198,0.008113063871860504
loss/val_lead_var/vo/lead_05,80,1783400072.8543854,0.009304789826273918
loss/val_lead_var/vo/lead_06,80,1783400072.8692257,0.01044806931167841
loss/val_lead_var/vo/lead_07,80,1783400072.8841388,0.011524492874741554
loss/val_lead_var/vo/lead_08,80,1783400072.901084,0.012538791634142399
loss/val_lead_var/zos/lead_01,80,1783400070.7285235,0.0015155841829255223
loss/val_lead_var/zos/lead_02,80,1783400070.743719,0.0021907382179051638
loss/val_lead_var/zos/lead_03,80,1783400070.7595794,0.0026874111499637365
loss/val_lead_var/zos/lead_04,80,1783400070.977637,0.0031168730929493904
loss/val_lead_var/zos/lead_05,80,1783400070.9945138,0.0035136917140334845
loss/val_lead_var/zos/lead_06,80,1783400071.0103183,0.0038806679658591747
loss/val_lead_var/zos/lead_07,80,1783400071.0276995,0.004226965829730034
loss/val_lead_var/zos/lead_08,80,1783400071.0429873,0.0045547448098659515
loss/val_norm,80,1783400069.4960818,0.00233900616876781
loss/val_norm_lead/lead_01,80,1783400069.496108,0.0009742086986079812
loss/val_norm_lead/lead_02,80,1783400069.4961221,0.001458834740333259
loss/val_norm_lead/lead_03,80,1783400069.503403,0.0018709192518144846
loss/val_norm_lead/lead_04,80,1783400069.5219116,0.002242641057819128
loss/val_norm_lead/lead_05,80,1783400069.5369406,0.0025864311028271914
loss/val_norm_lead/lead_06,80,1783400069.5534384,0.00290473154745996
loss/val_norm_lead/lead_07,80,1783400069.5707223,0.003199781524017453
loss/val_norm_lead/lead_08,80,1783400069.5882576,0.003474500961601734
loss/val_norm_lead_var/siconc/lead_01,80,1783400069.624331,0.002534793224185705
loss/val_norm_lead_var/siconc/lead_02,80,1783400069.639102,0.004141972400248051
loss/val_norm_lead_var/siconc/lead_03,80,1783400069.8611012,0.005333986133337021
loss/val_norm_lead_var/siconc/lead_04,80,1783400069.8797984,0.006280689965933561
loss/val_norm_lead_var/siconc/lead_05,80,1783400069.897853,0.0070540690794587135
loss/val_norm_lead_var/siconc/lead_06,80,1783400069.9168558,0.007692508865147829
loss/val_norm_lead_var/siconc/lead_07,80,1783400069.936265,0.008223490789532661
loss/val_norm_lead_var/siconc/lead_08,80,1783400069.9539022,0.008665935136377811
loss/val_norm_lead_var/sithick/lead_01,80,1783400070.1927264,0.00039651940460316837
loss/val_norm_lead_var/sithick/lead_02,80,1783400070.210829,0.0006170504493638873
loss/val_norm_lead_var/sithick/lead_03,80,1783400070.226823,0.000780196045525372
loss/val_norm_lead_var/sithick/lead_04,80,1783400070.2406876,0.0009173058206215501
loss/val_norm_lead_var/sithick/lead_05,80,1783400070.2498188,0.001038474147208035
loss/val_norm_lead_var/sithick/lead_06,80,1783400070.2590158,0.0011483976850286126
loss/val_norm_lead_var/sithick/lead_07,80,1783400070.271099,0.0012502543395385146
loss/val_norm_lead_var/sithick/lead_08,80,1783400070.485799,0.001345716998912394
loss/val_norm_lead_var/so/lead_01,80,1783400071.646151,0.00025048136012628675
loss/val_norm_lead_var/so/lead_02,80,1783400071.6817737,0.00041347910882905126
loss/val_norm_lead_var/so/lead_03,80,1783400071.6981058,0.0005524337757378817
loss/val_norm_lead_var/so/lead_04,80,1783400071.7150834,0.0006780053372494876
loss/val_norm_lead_var/so/lead_05,80,1783400071.7319264,0.0007933929446153343
loss/val_norm_lead_var/so/lead_06,80,1783400071.7500734,0.0009000699501484632
loss/val_norm_lead_var/so/lead_07,80,1783400071.7674363,0.0009992156410589814
loss/val_norm_lead_var/so/lead_08,80,1783400071.78533,0.0010917533654719591
loss/val_norm_lead_var/thetao/lead_01,80,1783400071.0836885,0.0008937467937357724
loss/val_norm_lead_var/thetao/lead_02,80,1783400071.3031101,0.0015190612757578492
loss/val_norm_lead_var/thetao/lead_03,80,1783400071.320108,0.0020779443439096212
loss/val_norm_lead_var/thetao/lead_04,80,1783400071.3379223,0.0025936218444257975
loss/val_norm_lead_var/thetao/lead_05,80,1783400071.3568573,0.0030729605350643396
loss/val_norm_lead_var/thetao/lead_06,80,1783400071.3744893,0.0035187017638236284
loss/val_norm_lead_var/thetao/lead_07,80,1783400071.3912675,0.003933968488126993
loss/val_norm_lead_var/thetao/lead_08,80,1783400071.4106328,0.004321500658988953
loss/val_norm_lead_var/uo/lead_01,80,1783400071.8192647,0.004112626425921917
loss/val_norm_lead_var/uo/lead_02,80,1783400071.8348613,0.005357059184461832
loss/val_norm_lead_var/uo/lead_03,80,1783400071.854072,0.006493406370282173
loss/val_norm_lead_var/uo/lead_04,80,1783400071.8700356,0.007564946543425322
loss/val_norm_lead_var/uo/lead_05,80,1783400071.886143,0.008603191003203392
loss/val_norm_lead_var/uo/lead_06,80,1783400071.90442,0.00959914643317461
loss/val_norm_lead_var/uo/lead_07,80,1783400071.9177907,0.010544361546635628
loss/val_norm_lead_var/uo/lead_08,80,1783400072.1373808,0.011448457837104797
loss/val_norm_lead_var/vo/lead_01,80,1783400072.7793233,0.004258104600012302
loss/val_norm_lead_var/vo/lead_02,80,1783400072.7949219,0.00561560969799757
loss/val_norm_lead_var/vo/lead_03,80,1783400072.8104448,0.006891803815960884
loss/val_norm_lead_var/vo/lead_04,80,1783400072.8448906,0.008113063871860504
loss/val_norm_lead_var/vo/lead_05,80,1783400072.8591342,0.009304789826273918
loss/val_norm_lead_var/vo/lead_06,80,1783400072.874176,0.01044806931167841
loss/val_norm_lead_var/vo/lead_07,80,1783400072.8898604,0.011524492874741554
loss/val_norm_lead_var/vo/lead_08,80,1783400072.9064798,0.012538791634142399
loss/val_norm_lead_var/zos/lead_01,80,1783400070.7334902,0.0015155841829255223
loss/val_norm_lead_var/zos/lead_02,80,1783400070.7491674,0.0021907382179051638
loss/val_norm_lead_var/zos/lead_03,80,1783400070.9665802,0.0026874111499637365
loss/val_norm_lead_var/zos/lead_04,80,1783400070.9823828,0.0031168730929493904
loss/val_norm_lead_var/zos/lead_05,80,1783400070.9994385,0.0035136917140334845
loss/val_norm_lead_var/zos/lead_06,80,1783400071.0161293,0.0038806679658591747
loss/val_norm_lead_var/zos/lead_07,80,1783400071.0325935,0.004226965829730034
loss/val_norm_lead_var/zos/lead_08,80,1783400071.0483832,0.0045547448098659515
loss/val_norm_var/siconc,80,1783400069.6104128,0.006240930873900652
loss/val_norm_var/sithick,80,1783400070.173148,0.0009367393795400858
loss/val_norm_var/so,80,1783400071.6299107,0.0007098539499565959
loss/val_norm_var/thetao,80,1783400071.0668845,0.002741438103839755
loss/val_norm_var/uo,80,1783400071.803241,0.007965399883687496
loss/val_norm_var/vo,80,1783400072.357361,0.008586840704083443
loss/val_norm_var/zos,80,1783400070.7008667,0.0032108346931636333
loss/val_var/siconc,80,1783400069.6054206,0.006240930873900652
loss/val_var/sithick,80,1783400070.1668308,0.0009367393795400858
loss/val_var/so,80,1783400071.62473,0.0007098539499565959
loss/val_var/thetao,80,1783400071.0606902,0.002741438103839755
loss/val_var/uo,80,1783400071.797428,0.007965399883687496
loss/val_var/vo,80,1783400072.3509307,0.008586840704083443
loss/val_var/zos,80,1783400070.4937437,0.0032108346931636333
loss/train,81,1783402175.2674217,0.002082603285089135
loss/train,82,1783404283.6122909,0.0020810416899621487
loss/train,83,1783406379.083058,0.0020829320419579744
loss/train,84,1783408479.9507744,0.0020824687089771032
loss/ema_val,85,1783410974.9382353,0.002298602368682623
loss/ema_val_denorm,85,1783410974.9382403,0.03434101492166519
loss/train,85,1783410577.60781,0.002081208163872361
loss/val,85,1783410974.938172,0.002343653468415141
loss/val_denorm,85,1783410974.9382303,0.034899577498435974
loss/val_denorm_lead/lead_01,85,1783410974.9382532,0.012303873896598816
loss/val_denorm_lead/lead_02,85,1783410974.938265,0.020189493894577026
loss/val_denorm_lead/lead_03,85,1783410974.95335,0.027028555050492287
loss/val_denorm_lead/lead_04,85,1783410975.180346,0.03325090929865837
loss/val_denorm_lead/lead_05,85,1783410975.4040973,0.03899458795785904
loss/val_denorm_lead/lead_06,85,1783410975.4230149,0.04431460052728653
loss/val_denorm_lead/lead_07,85,1783410975.4433267,0.0492551252245903
loss/val_denorm_lead/lead_08,85,1783410975.6827629,0.05385947972536087
loss/val_denorm_lead_var/siconc/lead_01,85,1783410975.9272463,0.0025668165180832148
loss/val_denorm_lead_var/siconc/lead_02,85,1783410975.9497478,0.0041910018771886826
loss/val_denorm_lead_var/siconc/lead_03,85,1783410975.9712658,0.005395426880568266
loss/val_denorm_lead_var/siconc/lead_04,85,1783410976.0084183,0.006347365211695433
loss/val_denorm_lead_var/siconc/lead_05,85,1783410976.0478165,0.007122635841369629
loss/val_denorm_lead_var/siconc/lead_06,85,1783410976.0696852,0.007760186679661274
loss/val_denorm_lead_var/siconc/lead_07,85,1783410976.0952666,0.008288254030048847
loss/val_denorm_lead_var/siconc/lead_08,85,1783410976.1164362,0.00872592069208622
loss/val_denorm_lead_var/sithick/lead_01,85,1783410976.143009,0.0030039926059544086
loss/val_denorm_lead_var/sithick/lead_02,85,1783410976.1654143,0.004654122982174158
loss/val_denorm_lead_var/sithick/lead_03,85,1783410976.1885061,0.005877346731722355
loss/val_denorm_lead_var/sithick/lead_04,85,1783410976.1986673,0.006903009954839945
loss/val_denorm_lead_var/sithick/lead_05,85,1783410976.213147,0.007808646187186241
loss/val_denorm_lead_var/sithick/lead_06,85,1783410976.2308414,0.008631650358438492
loss/val_denorm_lead_var/sithick/lead_07,85,1783410976.2540169,0.009395170956850052
loss/val_denorm_lead_var/sithick/lead_08,85,1783410976.2705147,0.01011072937399149
loss/val_denorm_lead_var/so/lead_01,85,1783410977.2642052,0.008029299788177013
loss/val_denorm_lead_var/so/lead_02,85,1783410977.2916603,0.013197761960327625
loss/val_denorm_lead_var/so/lead_03,85,1783410977.3134086,0.017544807866215706
loss/val_denorm_lead_var/so/lead_04,85,1783410977.3290844,0.021441904827952385
loss/val_denorm_lead_var/so/lead_05,85,1783410977.350372,0.02500508725643158
loss/val_denorm_lead_var/so/lead_06,85,1783410977.360123,0.028287110850214958
loss/val_denorm_lead_var/so/lead_07,85,1783410977.4020274,0.0313282236456871
loss/val_denorm_lead_var/so/lead_08,85,1783410977.4229527,0.034161657094955444
loss/val_denorm_lead_var/thetao/lead_01,85,1783410976.732843,0.02993675135076046
loss/val_denorm_lead_var/thetao/lead_02,85,1783410976.7556162,0.05073649436235428
loss/val_denorm_lead_var/thetao/lead_03,85,1783410976.7757602,0.06923207640647888
loss/val_denorm_lead_var/thetao/lead_04,85,1783410976.7879806,0.08622118830680847
loss/val_denorm_lead_var/thetao/lead_05,85,1783410976.7994912,0.10196169465780258
loss/val_denorm_lead_var/thetao/lead_06,85,1783410977.0153782,0.11656968295574188
loss/val_denorm_lead_var/thetao/lead_07,85,1783410977.0248816,0.1301403045654297
loss/val_denorm_lead_var/thetao/lead_08,85,1783410977.0347655,0.1427813172340393
loss/val_denorm_lead_var/uo/lead_01,85,1783410977.6607733,0.008539513684809208
loss/val_denorm_lead_var/uo/lead_02,85,1783410977.6724315,0.01090880949050188
loss/val_denorm_lead_var/uo/lead_03,85,1783410977.6831748,0.013003870844841003
loss/val_denorm_lead_var/uo/lead_04,85,1783410977.6976724,0.014985769987106323
loss/val_denorm_lead_var/uo/lead_05,85,1783410977.7144952,0.016915861517190933
loss/val_denorm_lead_var/uo/lead_06,85,1783410977.7328424,0.018778106197714806
loss/val_denorm_lead_var/uo/lead_07,85,1783410977.7531576,0.020546846091747284
loss/val_denorm_lead_var/uo/lead_08,85,1783410977.7785249,0.022238966077566147
loss/val_denorm_lead_var/vo/lead_01,85,1783410977.8244522,0.00860796868801117
loss/val_denorm_lead_var/vo/lead_02,85,1783410978.0618784,0.011223181150853634
loss/val_denorm_lead_var/vo/lead_03,85,1783410978.0739574,0.013650800101459026
loss/val_denorm_lead_var/vo/lead_04,85,1783410978.291175,0.015973662957549095
loss/val_denorm_lead_var/vo/lead_05,85,1783410978.3154492,0.018225261941552162
loss/val_denorm_lead_var/vo/lead_06,85,1783410978.3346992,0.020382346585392952
loss/val_denorm_lead_var/vo/lead_07,85,1783410978.3607402,0.022413667291402817
loss/val_denorm_lead_var/vo/lead_08,85,1783410978.3983414,0.024315746501088142
loss/val_denorm_lead_var/zos/lead_01,85,1783410976.5215034,0.005889511667191982
loss/val_denorm_lead_var/zos/lead_02,85,1783410976.547108,0.008521875366568565
loss/val_denorm_lead_var/zos/lead_03,85,1783410976.5723808,0.01046715211123228
loss/val_denorm_lead_var/zos/lead_04,85,1783410976.5974536,0.012171185575425625
loss/val_denorm_lead_var/zos/lead_05,85,1783410976.63951,0.013762149028480053
loss/val_denorm_lead_var/zos/lead_06,85,1783410976.6629012,0.015240327455103397
loss/val_denorm_lead_var/zos/lead_07,85,1783410976.6750333,0.01664154976606369
loss/val_denorm_lead_var/zos/lead_08,85,1783410976.6944032,0.017969103530049324
loss/val_denorm_var/siconc,85,1783410975.6996777,0.006299701053649187
loss/val_denorm_var/sithick,85,1783410976.1303353,0.00704808346927166
loss/val_denorm_var/so,85,1783410977.0440087,0.022374480962753296
loss/val_denorm_var/thetao,85,1783410976.714178,0.09094743430614471
loss/val_denorm_var/uo,85,1783410977.44378,0.015739718452095985
loss/val_denorm_var/vo,85,1783410977.799807,0.016849080100655556
loss/val_denorm_var/zos,85,1783410976.4978154,0.01258285716176033
loss/val_lead/lead_01,85,1783410974.9382448,0.0009762850240804255
loss/val_lead/lead_02,85,1783410974.9382575,0.0014617597917094827
loss/val_lead/lead_03,85,1783410974.9385116,0.0018743223045021296
loss/val_lead/lead_04,85,1783410974.9594119,0.0022467144299298525
loss/val_lead/lead_05,85,1783410975.186386,0.002591286087408662
loss/val_lead/lead_06,85,1783410975.409535,0.0029106000438332558
loss/val_lead/lead_07,85,1783410975.4301724,0.0032065308187156916
loss/val_lead/lead_08,85,1783410975.4488354,0.003481729654595256
loss/val_lead_var/siconc/lead_01,85,1783410975.9105043,0.0025668139569461346
loss/val_lead_var/siconc/lead_02,85,1783410975.9335217,0.004190998151898384
loss/val_lead_var/siconc/lead_03,85,1783410975.9563375,0.005395421292632818
loss/val_lead_var/siconc/lead_04,85,1783410975.9769826,0.00634735869243741
loss/val_lead_var/siconc/lead_05,85,1783410976.0327535,0.007122628856450319
loss/val_lead_var/siconc/lead_06,85,1783410976.055249,0.007760179229080677
loss/val_lead_var/siconc/lead_07,85,1783410976.0767496,0.008288245648145676
loss/val_lead_var/siconc/lead_08,85,1783410976.1022775,0.008725911378860474
loss/val_lead_var/sithick/lead_01,85,1783410976.1333592,0.0003941370523534715
loss/val_lead_var/sithick/lead_02,85,1783410976.1524022,0.0006106413784436882
loss/val_lead_var/sithick/lead_03,85,1783410976.1755936,0.0007711337530054152
loss/val_lead_var/sithick/lead_04,85,1783410976.192477,0.0009057053248398006
loss/val_lead_var/sithick/lead_05,85,1783410976.2017434,0.0010245287558063865
loss/val_lead_var/sithick/lead_06,85,1783410976.2171862,0.0011325104860588908
loss/val_lead_var/sithick/lead_07,85,1783410976.2409694,0.0012326877331361175
loss/val_lead_var/sithick/lead_08,85,1783410976.259235,0.0013265721499919891
loss/val_lead_var/so/lead_01,85,1783410977.0479558,0.00025010883109644055
loss/val_lead_var/so/lead_02,85,1783410977.2723358,0.0004134738992433995
loss/val_lead_var/so/lead_03,85,1783410977.2992291,0.0005530654452741146
loss/val_lead_var/so/lead_04,85,1783410977.319724,0.0006793711800128222
loss/val_lead_var/so/lead_05,85,1783410977.3381286,0.0007955112960189581
loss/val_lead_var/so/lead_06,85,1783410977.3533955,0.0009028673521243036
loss/val_lead_var/so/lead_07,85,1783410977.388555,0.001002564444206655
loss/val_lead_var/so/lead_08,85,1783410977.407862,0.0010956099722534418
loss/val_lead_var/thetao/lead_01,85,1783410976.720034,0.0008922871202230453
loss/val_lead_var/thetao/lead_02,85,1783410976.7424853,0.0015162869822233915
loss/val_lead_var/thetao/lead_03,85,1783410976.7614646,0.0020743003115057945
loss/val_lead_var/thetao/lead_04,85,1783410976.780633,0.0025887927040457726
loss/val_lead_var/thetao/lead_05,85,1783410976.7917511,0.0030669416300952435
loss/val_lead_var/thetao/lead_06,85,1783410976.8056889,0.0035117564257234335
loss/val_lead_var/thetao/lead_07,85,1783410977.0181055,0.003925817087292671
loss/val_lead_var/thetao/lead_08,85,1783410977.028027,0.0043122959323227406
loss/val_lead_var/uo/lead_01,85,1783410977.651775,0.004126624204218388
loss/val_lead_var/uo/lead_02,85,1783410977.6646369,0.005371564999222755
loss/val_lead_var/uo/lead_03,85,1783410977.6769967,0.006496750749647617
loss/val_lead_var/uo/lead_04,85,1783410977.6867478,0.007560432888567448
loss/val_lead_var/uo/lead_05,85,1783410977.7037537,0.008597571402788162
loss/val_lead_var/uo/lead_06,85,1783410977.720459,0.009599084965884686
loss/val_lead_var/uo/lead_07,85,1783410977.7414742,0.01054943073540926
loss/val_lead_var/uo/lead_08,85,1783410977.760054,0.01145803090184927
loss/val_lead_var/vo/lead_01,85,1783410977.8071797,0.004267445299774408
loss/val_lead_var/vo/lead_02,85,1783410977.829996,0.005630999803543091
loss/val_lead_var/vo/lead_03,85,1783410978.0656574,0.006911957636475563
loss/val_lead_var/vo/lead_04,85,1783410978.0778985,0.00813887920230627
loss/val_lead_var/vo/lead_05,85,1783410978.2976353,0.009329479187726974
loss/val_lead_var/vo/lead_06,85,1783410978.3221493,0.010470209643244743
loss/val_lead_var/vo/lead_07,85,1783410978.3475466,0.01154459360986948
loss/val_lead_var/vo/lead_08,85,1783410978.3673954,0.01255090069025755
loss/val_lead_var/zos/lead_01,85,1783410976.5047834,0.0015189643017947674
loss/val_lead_var/zos/lead_02,85,1783410976.5293872,0.0021978772711008787
loss/val_lead_var/zos/lead_03,85,1783410976.5538464,0.0026995837688446045
loss/val_lead_var/zos/lead_04,85,1783410976.5796866,0.0031390711665153503
loss/val_lead_var/zos/lead_05,85,1783410976.6042724,0.003549396526068449
loss/val_lead_var/zos/lead_06,85,1783410976.654781,0.003930633421987295
loss/val_lead_var/zos/lead_07,85,1783410976.6674263,0.004292022902518511
loss/val_lead_var/zos/lead_08,85,1783410976.6809006,0.004634412471204996
loss/val_norm,85,1783410974.9382224,0.002343653468415141
loss/val_norm_lead/lead_01,85,1783410974.9382489,0.0009762850240804255
loss/val_norm_lead/lead_02,85,1783410974.9382613,0.0014617597917094827
loss/val_norm_lead/lead_03,85,1783410974.946148,0.0018743223045021296
loss/val_norm_lead/lead_04,85,1783410974.9656792,0.0022467144299298525
loss/val_norm_lead/lead_05,85,1783410975.3959818,0.002591286087408662
loss/val_norm_lead/lead_06,85,1783410975.4180918,0.0029106000438332558
loss/val_norm_lead/lead_07,85,1783410975.4353082,0.0032065308187156916
loss/val_norm_lead/lead_08,85,1783410975.4535558,0.003481729654595256
loss/val_norm_lead_var/siconc/lead_01,85,1783410975.91741,0.0025668139569461346
loss/val_norm_lead_var/siconc/lead_02,85,1783410975.9395015,0.004190998151898384
loss/val_norm_lead_var/siconc/lead_03,85,1783410975.9624946,0.005395421292632818
loss/val_norm_lead_var/siconc/lead_04,85,1783410975.9826233,0.00634735869243741
loss/val_norm_lead_var/siconc/lead_05,85,1783410976.0403445,0.007122628856450319
loss/val_norm_lead_var/siconc/lead_06,85,1783410976.0625176,0.007760179229080677
loss/val_norm_lead_var/siconc/lead_07,85,1783410976.0881252,0.008288245648145676
loss/val_norm_lead_var/siconc/lead_08,85,1783410976.1091433,0.008725911378860474
loss/val_norm_lead_var/sithick/lead_01,85,1783410976.138048,0.0003941370523534715
loss/val_norm_lead_var/sithick/lead_02,85,1783410976.1588075,0.0006106413784436882
loss/val_norm_lead_var/sithick/lead_03,85,1783410976.1820471,0.0007711337530054152
loss/val_norm_lead_var/sithick/lead_04,85,1783410976.1957724,0.0009057053248398006
loss/val_norm_lead_var/sithick/lead_05,85,1783410976.209271,0.0010245287558063865
loss/val_norm_lead_var/sithick/lead_06,85,1783410976.222902,0.0011325104860588908
loss/val_norm_lead_var/sithick/lead_07,85,1783410976.247823,0.0012326877331361175
loss/val_norm_lead_var/sithick/lead_08,85,1783410976.2649395,0.0013265721499919891
loss/val_norm_lead_var/so/lead_01,85,1783410977.2539706,0.00025010883109644055
loss/val_norm_lead_var/so/lead_02,85,1783410977.2805512,0.0004134738992433995
loss/val_norm_lead_var/so/lead_03,85,1783410977.3067539,0.0005530654452741146
loss/val_norm_lead_var/so/lead_04,85,1783410977.3256118,0.0006793711800128222
loss/val_norm_lead_var/so/lead_05,85,1783410977.3450606,0.0007955112960189581
loss/val_norm_lead_var/so/lead_06,85,1783410977.3564496,0.0009028673521243036
loss/val_norm_lead_var/so/lead_07,85,1783410977.3952546,0.001002564444206655
loss/val_norm_lead_var/so/lead_08,85,1783410977.4171958,0.0010956099722534418
loss/val_norm_lead_var/thetao/lead_01,85,1783410976.7267017,0.0008922871202230453
loss/val_norm_lead_var/thetao/lead_02,85,1783410976.7490113,0.0015162869822233915
loss/val_norm_lead_var/thetao/lead_03,85,1783410976.7674549,0.0020743003115057945
loss/val_norm_lead_var/thetao/lead_04,85,1783410976.78433,0.0025887927040457726
loss/val_norm_lead_var/thetao/lead_05,85,1783410976.7967389,0.0030669416300952435
loss/val_norm_lead_var/thetao/lead_06,85,1783410977.0125444,0.0035117564257234335
loss/val_norm_lead_var/thetao/lead_07,85,1783410977.0216768,0.003925817087292671
loss/val_norm_lead_var/thetao/lead_08,85,1783410977.031251,0.0043122959323227406
loss/val_norm_lead_var/uo/lead_01,85,1783410977.6574876,0.004126624204218388
loss/val_norm_lead_var/uo/lead_02,85,1783410977.667708,0.005371564999222755
loss/val_norm_lead_var/uo/lead_03,85,1783410977.6807446,0.006496750749647617
loss/val_norm_lead_var/uo/lead_04,85,1783410977.6905055,0.007560432888567448
loss/val_norm_lead_var/uo/lead_05,85,1783410977.7091806,0.008597571402788162
loss/val_norm_lead_var/uo/lead_06,85,1783410977.7270904,0.009599084965884686
loss/val_norm_lead_var/uo/lead_07,85,1783410977.7471867,0.01054943073540926
loss/val_norm_lead_var/uo/lead_08,85,1783410977.7688346,0.01145803090184927
loss/val_norm_lead_var/vo/lead_01,85,1783410977.8172438,0.004267445299774408
loss/val_norm_lead_var/vo/lead_02,85,1783410978.057987,0.005630999803543091
loss/val_norm_lead_var/vo/lead_03,85,1783410978.069686,0.006911957636475563
loss/val_norm_lead_var/vo/lead_04,85,1783410978.0823624,0.00813887920230627
loss/val_norm_lead_var/vo/lead_05,85,1783410978.3074503,0.009329479187726974
loss/val_norm_lead_var/vo/lead_06,85,1783410978.3283195,0.010470209643244743
loss/val_norm_lead_var/vo/lead_07,85,1783410978.3539405,0.01154459360986948
loss/val_norm_lead_var/vo/lead_08,85,1783410978.3780394,0.01255090069025755
loss/val_norm_lead_var/zos/lead_01,85,1783410976.514613,0.0015189643017947674
loss/val_norm_lead_var/zos/lead_02,85,1783410976.5400965,0.0021978772711008787
loss/val_norm_lead_var/zos/lead_03,85,1783410976.5645049,0.0026995837688446045
loss/val_norm_lead_var/zos/lead_04,85,1783410976.5906713,0.0031390711665153503
loss/val_norm_lead_var/zos/lead_05,85,1783410976.6111712,0.003549396526068449
loss/val_norm_lead_var/zos/lead_06,85,1783410976.6585903,0.003930633421987295
loss/val_norm_lead_var/zos/lead_07,85,1783410976.6704915,0.004292022902518511
loss/val_norm_lead_var/zos/lead_08,85,1783410976.6856954,0.004634412471204996
loss/val_norm_var/siconc,85,1783410975.6947656,0.006299694534391165
loss/val_norm_var/sithick,85,1783410976.1267152,0.0009247395792044699
loss/val_norm_var/so,85,1783410977.0400503,0.0007115715416148305
loss/val_norm_var/thetao,85,1783410976.7076862,0.0027360597159713507
loss/val_norm_var/uo,85,1783410977.437545,0.007969936355948448
loss/val_norm_var/vo,85,1783410977.791972,0.008605558425188065
loss/val_norm_var/zos,85,1783410976.288641,0.003245245199650526
loss/val_var/siconc,85,1783410975.6888428,0.006299694534391165
loss/val_var/sithick,85,1783410976.1220932,0.0009247395792044699
loss/val_var/so,85,1783410977.0372708,0.0007115715416148305
loss/val_var/thetao,85,1783410976.701205,0.0027360597159713507
loss/val_var/uo,85,1783410977.4288213,0.007969936355948448
loss/val_var/vo,85,1783410977.7846823,0.008605558425188065
loss/val_var/zos,85,1783410976.279662,0.003245245199650526
loss/train,86,1783413077.6848989,0.0020817944314330816
loss/train,87,1783415178.927242,0.002081218408420682
loss/train,88,1783417284.719264,0.0020821860525757074
loss/train,89,1783419384.6357908,0.0020779925398528576
loss/ema_val,90,1783421893.3473418,0.0022977679036557674
loss/ema_val_denorm,90,1783421893.3473465,0.034309111535549164
loss/train,90,1783421495.273622,0.002079805126413703
loss/val,90,1783421893.347281,0.0023360666818916798
loss/val_denorm,90,1783421893.3473365,0.034838877618312836
loss/val_denorm_lead/lead_01,90,1783421893.3473592,0.012276680208742619
loss/val_denorm_lead/lead_02,90,1783421893.3473728,0.020151527598500252
loss/val_denorm_lead/lead_03,90,1783421893.358963,0.026972712948918343
loss/val_denorm_lead/lead_04,90,1783421893.37695,0.033181820064783096
loss/val_denorm_lead/lead_05,90,1783421893.3987207,0.038917988538742065
loss/val_denorm_lead/lead_06,90,1783421893.4184425,0.044236600399017334
loss/val_denorm_lead/lead_07,90,1783421893.4343102,0.04918014258146286
loss/val_denorm_lead/lead_08,90,1783421893.446529,0.053793542087078094
loss/val_denorm_lead_var/siconc/lead_01,90,1783421893.4806871,0.002548270858824253
loss/val_denorm_lead_var/siconc/lead_02,90,1783421893.5006726,0.004167056176811457
loss/val_denorm_lead_var/siconc/lead_03,90,1783421893.516543,0.005369142163544893
loss/val_denorm_lead_var/siconc/lead_04,90,1783421893.7402642,0.006323226727545261
loss/val_denorm_lead_var/siconc/lead_05,90,1783421893.9591322,0.00710188178345561
loss/val_denorm_lead_var/siconc/lead_06,90,1783421894.1790843,0.0077440496534109116
loss/val_denorm_lead_var/siconc/lead_07,90,1783421894.2013974,0.008276795037090778
loss/val_denorm_lead_var/siconc/lead_08,90,1783421894.220544,0.008721566759049892
loss/val_denorm_lead_var/sithick/lead_01,90,1783421894.38548,0.002989055123180151
loss/val_denorm_lead_var/sithick/lead_02,90,1783421894.4048643,0.004633154254406691
loss/val_denorm_lead_var/sithick/lead_03,90,1783421894.4253936,0.005846858490258455
loss/val_denorm_lead_var/sithick/lead_04,90,1783421894.4495375,0.006864170078188181
loss/val_denorm_lead_var/sithick/lead_05,90,1783421894.4707427,0.007759700063616037
loss/val_denorm_lead_var/sithick/lead_06,90,1783421894.4925547,0.008571491576731205
loss/val_denorm_lead_var/sithick/lead_07,90,1783421894.5107074,0.009323695674538612
loss/val_denorm_lead_var/sithick/lead_08,90,1783421894.528585,0.010028202086687088
loss/val_denorm_lead_var/so/lead_01,90,1783421894.9123986,0.008018995635211468
loss/val_denorm_lead_var/so/lead_02,90,1783421894.9222279,0.013178849592804909
loss/val_denorm_lead_var/so/lead_03,90,1783421894.9401581,0.01750963367521763
loss/val_denorm_lead_var/so/lead_04,90,1783421894.9585688,0.02139371447265148
loss/val_denorm_lead_var/so/lead_05,90,1783421894.9768345,0.024945199489593506
loss/val_denorm_lead_var/so/lead_06,90,1783421894.9874327,0.028215162456035614
loss/val_denorm_lead_var/so/lead_07,90,1783421894.9938755,0.031243639066815376
loss/val_denorm_lead_var/so/lead_08,90,1783421894.9986343,0.034063953906297684
loss/val_denorm_lead_var/thetao/lead_01,90,1783421894.7795424,0.029855851083993912
loss/val_denorm_lead_var/thetao/lead_02,90,1783421894.7892518,0.05065329000353813
loss/val_denorm_lead_var/thetao/lead_03,90,1783421894.801119,0.06911994516849518
loss/val_denorm_lead_var/thetao/lead_04,90,1783421894.8169897,0.08609435707330704
loss/val_denorm_lead_var/thetao/lead_05,90,1783421894.8311908,0.10184697061777115
loss/val_denorm_lead_var/thetao/lead_06,90,1783421894.844322,0.11649361252784729
loss/val_denorm_lead_var/thetao/lead_07,90,1783421894.8591542,0.1301206350326538
loss/val_denorm_lead_var/thetao/lead_08,90,1783421894.8765106,0.14284063875675201
loss/val_denorm_lead_var/uo/lead_01,90,1783421895.009016,0.008542847819626331
loss/val_denorm_lead_var/uo/lead_02,90,1783421895.0142202,0.01087082177400589
loss/val_denorm_lead_var/uo/lead_03,90,1783421895.0369925,0.012972710654139519
loss/val_denorm_lead_var/uo/lead_04,90,1783421895.0481544,0.01495526172220707
loss/val_denorm_lead_var/uo/lead_05,90,1783421895.067526,0.01687379740178585
loss/val_denorm_lead_var/uo/lead_06,90,1783421895.0859067,0.01872628554701805
loss/val_denorm_lead_var/uo/lead_07,90,1783421895.1026976,0.020495150238275528
loss/val_denorm_lead_var/uo/lead_08,90,1783421895.1109447,0.02218697965145111
loss/val_denorm_lead_var/vo/lead_01,90,1783421895.1218653,0.00862728152424097
loss/val_denorm_lead_var/vo/lead_02,90,1783421895.1303093,0.011210030876100063
loss/val_denorm_lead_var/vo/lead_03,90,1783421895.1436458,0.013613919727504253
loss/val_denorm_lead_var/vo/lead_04,90,1783421895.6804235,0.01592394895851612
loss/val_denorm_lead_var/vo/lead_05,90,1783421895.6968408,0.018169259652495384
loss/val_denorm_lead_var/vo/lead_06,90,1783421895.7150767,0.020321985706686974
loss/val_denorm_lead_var/vo/lead_07,90,1783421895.733824,0.022355355322360992
loss/val_denorm_lead_var/vo/lead_08,90,1783421895.7559109,0.024271663278341293
loss/val_denorm_lead_var/zos/lead_01,90,1783421894.573293,0.005855284631252289
loss/val_denorm_lead_var/zos/lead_02,90,1783421894.590923,0.008459136821329594
loss/val_denorm_lead_var/zos/lead_03,90,1783421894.6131327,0.010378517210483551
loss/val_denorm_lead_var/zos/lead_04,90,1783421894.6342845,0.01204631756991148
loss/val_denorm_lead_var/zos/lead_05,90,1783421894.660427,0.013590377755463123
loss/val_denorm_lead_var/zos/lead_06,90,1783421894.6852605,0.015021282248198986
loss/val_denorm_lead_var/zos/lead_07,90,1783421894.7099354,0.01637256145477295
loss/val_denorm_lead_var/zos/lead_08,90,1783421894.7294018,0.017654594033956528
loss/val_denorm_var/siconc,90,1783421893.4643846,0.006281498819589615
loss/val_denorm_var/sithick,90,1783421894.3645713,0.00700204074382782
loss/val_denorm_var/so,90,1783421894.8958633,0.022321144118905067
loss/val_denorm_var/thetao,90,1783421894.7437778,0.09087815880775452
loss/val_denorm_var/uo,90,1783421895.0037246,0.015702981501817703
loss/val_denorm_var/vo,90,1783421895.1162605,0.016811680048704147
loss/val_denorm_var/zos,90,1783421894.5519724,0.012422258965671062
loss/val_lead/lead_01,90,1783421893.3473508,0.0009742802940309048
loss/val_lead/lead_02,90,1783421893.3473632,0.0014570949133485556
loss/val_lead/lead_03,90,1783421893.3477955,0.001868047984316945
loss/val_lead/lead_04,90,1783421893.3638654,0.002239128341898322
loss/val_lead/lead_05,90,1783421893.383833,0.0025823628529906273
loss/val_lead/lead_06,90,1783421893.4059904,0.002900643739849329
loss/val_lead/lead_07,90,1783421893.424063,0.003195923985913396
loss/val_lead/lead_08,90,1783421893.4389427,0.0034710511099547148
loss/val_lead_var/siconc/lead_01,90,1783421893.4701827,0.002548268297687173
loss/val_lead_var/siconc/lead_02,90,1783421893.4865322,0.004167051985859871
loss/val_lead_var/siconc/lead_03,90,1783421893.5058742,0.005369137041270733
loss/val_lead_var/siconc/lead_04,90,1783421893.7245579,0.006323220673948526
loss/val_lead_var/siconc/lead_05,90,1783421893.746429,0.007101874798536301
loss/val_lead_var/siconc/lead_06,90,1783421893.9635353,0.007744042202830315
loss/val_lead_var/siconc/lead_07,90,1783421894.18615,0.008276786655187607
loss/val_lead_var/siconc/lead_08,90,1783421894.2081444,0.008721558377146721
loss/val_lead_var/sithick/lead_01,90,1783421894.3710842,0.0003921771713066846
loss/val_lead_var/sithick/lead_02,90,1783421894.3913467,0.000607890251558274
loss/val_lead_var/sithick/lead_03,90,1783421894.4115283,0.000767133547924459
loss/val_lead_var/sithick/lead_04,90,1783421894.4331546,0.0009006093023344874
loss/val_lead_var/sithick/lead_05,90,1783421894.4562428,0.0010181068209931254
loss/val_lead_var/sithick/lead_06,90,1783421894.4778893,0.0011246174108237028
loss/val_lead_var/sithick/lead_07,90,1783421894.4993174,0.0012233098968863487
loss/val_lead_var/sithick/lead_08,90,1783421894.5166957,0.001315744244493544
loss/val_lead_var/so/lead_01,90,1783421894.9029484,0.0002498204412404448
loss/val_lead_var/so/lead_02,90,1783421894.9153652,0.0004128937143832445
loss/val_lead_var/so/lead_03,90,1783421894.9283373,0.0005519837723113596
loss/val_lead_var/so/lead_04,90,1783421894.946199,0.0006778733222745359
loss/val_lead_var/so/lead_05,90,1783421894.9644763,0.0007936384063214064
loss/val_lead_var/so/lead_06,90,1783421894.9821708,0.0009006275795400143
loss/val_lead_var/so/lead_07,90,1783421894.9905446,0.0009999569738283753
loss/val_lead_var/so/lead_08,90,1783421894.9951005,0.0010926300892606378
loss/val_lead_var/thetao/lead_01,90,1783421894.7493892,0.000889853632543236
loss/val_lead_var/thetao/lead_02,90,1783421894.7833648,0.0015135491266846657
loss/val_lead_var/thetao/lead_03,90,1783421894.7922487,0.002070649294182658
loss/val_lead_var/thetao/lead_04,90,1783421894.806443,0.0025846092030406
loss/val_lead_var/thetao/lead_05,90,1783421894.8214626,0.0030629055108875036
loss/val_lead_var/thetao/lead_06,90,1783421894.8362346,0.003508527996018529
loss/val_lead_var/thetao/lead_07,90,1783421894.8488326,0.003923802170902491
loss/val_lead_var/thetao/lead_08,90,1783421894.8646126,0.004312052391469479
loss/val_lead_var/uo/lead_01,90,1783421895.0054526,0.004125870298594236
loss/val_lead_var/uo/lead_02,90,1783421895.0105023,0.005352215375751257
loss/val_lead_var/uo/lead_03,90,1783421895.0290985,0.006478704046458006
loss/val_lead_var/uo/lead_04,90,1783421895.0407193,0.0075418478809297085
loss/val_lead_var/uo/lead_05,90,1783421895.053448,0.00857375655323267
loss/val_lead_var/uo/lead_06,90,1783421895.0736604,0.009570670314133167
loss/val_lead_var/uo/lead_07,90,1783421895.092151,0.010520217008888721
loss/val_lead_var/uo/lead_08,90,1783421895.1053073,0.011427879333496094
loss/val_lead_var/vo/lead_01,90,1783421895.1182742,0.004275855608284473
loss/val_lead_var/vo/lead_02,90,1783421895.1241016,0.005623265635222197
loss/val_lead_var/vo/lead_03,90,1783421895.1357195,0.006892753764986992
loss/val_lead_var/vo/lead_04,90,1783421895.6710668,0.008112895302474499
loss/val_lead_var/vo/lead_05,90,1783421895.6854954,0.009300406090915203
loss/val_lead_var/vo/lead_06,90,1783421895.7028406,0.010439769364893436
loss/val_lead_var/vo/lead_07,90,1783421895.7213998,0.011516191065311432
loss/val_lead_var/vo/lead_08,90,1783421895.7412229,0.012530162930488586
loss/val_lead_var/zos/lead_01,90,1783421894.5593286,0.0015101367607712746
loss/val_lead_var/zos/lead_02,90,1783421894.5785031,0.0021816962398588657
loss/val_lead_var/zos/lead_03,90,1783421894.598429,0.0026767239905893803
loss/val_lead_var/zos/lead_04,90,1783421894.6200438,0.0031068664975464344
loss/val_lead_var/zos/lead_05,90,1783421894.6423125,0.0035050951410084963
loss/val_lead_var/zos/lead_06,90,1783421894.668937,0.003874139627441764
loss/val_lead_var/zos/lead_07,90,1783421894.6919038,0.0042226482182741165
loss/val_lead_var/zos/lead_08,90,1783421894.7173734,0.004553297068923712
loss/val_norm,90,1783421893.3473287,0.0023360666818916798
loss/val_norm_lead/lead_01,90,1783421893.3473551,0.0009742802940309048
loss/val_norm_lead/lead_02,90,1783421893.3473675,0.0014570949133485556
loss/val_norm_lead/lead_03,90,1783421893.3541095,0.001868047984316945
loss/val_norm_lead/lead_04,90,1783421893.3707047,0.002239128341898322
loss/val_norm_lead/lead_05,90,1783421893.3917563,0.0025823628529906273
loss/val_norm_lead/lead_06,90,1783421893.4130645,0.002900643739849329
loss/val_norm_lead/lead_07,90,1783421893.4297655,0.003195923985913396
loss/val_norm_lead/lead_08,90,1783421893.4421434,0.0034710511099547148
loss/val_norm_lead_var/siconc/lead_01,90,1783421893.4751165,0.002548268297687173
loss/val_norm_lead_var/siconc/lead_02,90,1783421893.492943,0.004167051985859871
loss/val_norm_lead_var/siconc/lead_03,90,1783421893.5109541,0.005369137041270733
loss/val_norm_lead_var/siconc/lead_04,90,1783421893.7332942,0.006323220673948526
loss/val_norm_lead_var/siconc/lead_05,90,1783421893.953921,0.007101874798536301
loss/val_norm_lead_var/siconc/lead_06,90,1783421894.1718051,0.007744042202830315
loss/val_norm_lead_var/siconc/lead_07,90,1783421894.19339,0.008276786655187607
loss/val_norm_lead_var/siconc/lead_08,90,1783421894.214356,0.008721558377146721
loss/val_norm_lead_var/sithick/lead_01,90,1783421894.3781497,0.0003921771713066846
loss/val_norm_lead_var/sithick/lead_02,90,1783421894.3981051,0.000607890251558274
loss/val_norm_lead_var/sithick/lead_03,90,1783421894.4176724,0.000767133547924459
loss/val_norm_lead_var/sithick/lead_04,90,1783421894.4416714,0.0009006093023344874
loss/val_norm_lead_var/sithick/lead_05,90,1783421894.4632819,0.0010181068209931254
loss/val_norm_lead_var/sithick/lead_06,90,1783421894.4861228,0.0011246174108237028
loss/val_norm_lead_var/sithick/lead_07,90,1783421894.5045636,0.0012233098968863487
loss/val_norm_lead_var/sithick/lead_08,90,1783421894.5225458,0.001315744244493544
loss/val_norm_lead_var/so/lead_01,90,1783421894.9088075,0.0002498204412404448
loss/val_norm_lead_var/so/lead_02,90,1783421894.9183543,0.0004128937143832445
loss/val_norm_lead_var/so/lead_03,90,1783421894.9334407,0.0005519837723113596
loss/val_norm_lead_var/so/lead_04,90,1783421894.9527729,0.0006778733222745359
loss/val_norm_lead_var/so/lead_05,90,1783421894.971295,0.0007936384063214064
loss/val_norm_lead_var/so/lead_06,90,1783421894.9848113,0.0009006275795400143
loss/val_norm_lead_var/so/lead_07,90,1783421894.9923618,0.0009999569738283753
loss/val_norm_lead_var/so/lead_08,90,1783421894.9968724,0.0010926300892606378
loss/val_norm_lead_var/thetao/lead_01,90,1783421894.773769,0.000889853632543236
loss/val_norm_lead_var/thetao/lead_02,90,1783421894.7863286,0.0015135491266846657
loss/val_norm_lead_var/thetao/lead_03,90,1783421894.7971241,0.002070649294182658
loss/val_norm_lead_var/thetao/lead_04,90,1783421894.8121352,0.0025846092030406
loss/val_norm_lead_var/thetao/lead_05,90,1783421894.826273,0.0030629055108875036
loss/val_norm_lead_var/thetao/lead_06,90,1783421894.8395963,0.003508527996018529
loss/val_norm_lead_var/thetao/lead_07,90,1783421894.8535645,0.003923802170902491
loss/val_norm_lead_var/thetao/lead_08,90,1783421894.87097,0.004312052391469479
loss/val_norm_lead_var/uo/lead_01,90,1783421895.007261,0.004125870298594236
loss/val_norm_lead_var/uo/lead_02,90,1783421895.0120893,0.005352215375751257
loss/val_norm_lead_var/uo/lead_03,90,1783421895.0325692,0.006478704046458006
loss/val_norm_lead_var/uo/lead_04,90,1783421895.0441916,0.0075418478809297085
loss/val_norm_lead_var/uo/lead_05,90,1783421895.060502,0.00857375655323267
loss/val_norm_lead_var/uo/lead_06,90,1783421895.0797236,0.009570670314133167
loss/val_norm_lead_var/uo/lead_07,90,1783421895.0981424,0.010520217008888721
loss/val_norm_lead_var/uo/lead_08,90,1783421895.108669,0.011427879333496094
loss/val_norm_lead_var/vo/lead_01,90,1783421895.1203094,0.004275855608284473
loss/val_norm_lead_var/vo/lead_02,90,1783421895.1266704,0.005623265635222197
loss/val_norm_lead_var/vo/lead_03,90,1783421895.1398976,0.006892753764986992
loss/val_norm_lead_var/vo/lead_04,90,1783421895.6755025,0.008112895302474499
loss/val_norm_lead_var/vo/lead_05,90,1783421895.6908705,0.009300406090915203
loss/val_norm_lead_var/vo/lead_06,90,1783421895.709086,0.010439769364893436
loss/val_norm_lead_var/vo/lead_07,90,1783421895.7277424,0.011516191065311432
loss/val_norm_lead_var/vo/lead_08,90,1783421895.7479339,0.012530162930488586
loss/val_norm_lead_var/zos/lead_01,90,1783421894.566403,0.0015101367607712746
loss/val_norm_lead_var/zos/lead_02,90,1783421894.5840316,0.0021816962398588657
loss/val_norm_lead_var/zos/lead_03,90,1783421894.6060145,0.0026767239905893803
loss/val_norm_lead_var/zos/lead_04,90,1783421894.626505,0.0031068664975464344
loss/val_norm_lead_var/zos/lead_05,90,1783421894.6511314,0.0035050951410084963
loss/val_norm_lead_var/zos/lead_06,90,1783421894.6775289,0.003874139627441764
loss/val_norm_lead_var/zos/lead_07,90,1783421894.701531,0.0042226482182741165
loss/val_norm_lead_var/zos/lead_08,90,1783421894.723944,0.004553297068923712
loss/val_norm_var/siconc,90,1783421893.4584286,0.00628149276599288
loss/val_norm_var/sithick,90,1783421894.357599,0.0009186986135318875
loss/val_norm_var/so,90,1783421894.889338,0.0007099280483089387
loss/val_norm_var/thetao,90,1783421894.7381854,0.002733243629336357
loss/val_norm_var/uo,90,1783421895.002084,0.00794889498502016
loss/val_norm_var/vo,90,1783421895.1144235,0.00858641229569912
loss/val_norm_var/zos,90,1783421894.5444143,0.0032038255594670773
loss/val_var/siconc,90,1783421893.4527001,0.00628149276599288
loss/val_var/sithick,90,1783421894.227138,0.0009186986135318875
loss/val_var/so,90,1783421894.8827045,0.0007099280483089387
loss/val_var/thetao,90,1783421894.733401,0.002733243629336357
loss/val_var/uo,90,1783421895.0003242,0.00794889498502016
loss/val_var/vo,90,1783421895.1125712,0.00858641229569912
loss/val_var/zos,90,1783421894.536818,0.0032038255594670773
loss/train,91,1783424004.7922037,0.0020807976834475994
loss/train,92,1783426113.7936645,0.002079706871882081
loss/train,93,1783428214.5735166,0.002079469384625554
loss/train,94,1783430320.0014734,0.002077897544950247
loss/ema_val,95,1783432816.45966,0.0022966840770095587
loss/ema_val_denorm,95,1783432816.4596646,0.034274499863386154
loss/train,95,1783432419.8276734,0.0020761126652359962
loss/val,95,1783432816.4595897,0.0023480430245399475
loss/val_denorm,95,1783432816.4596543,0.0349513404071331
loss/val_denorm_lead/lead_01,95,1783432816.4596784,0.012281660921871662
loss/val_denorm_lead/lead_02,95,1783432816.4596915,0.020170150324702263
loss/val_denorm_lead/lead_03,95,1783432816.474113,0.02702944353222847
loss/val_denorm_lead/lead_04,95,1783432816.4945498,0.03327566012740135
loss/val_denorm_lead/lead_05,95,1783432816.5160453,0.039043113589286804
loss/val_denorm_lead/lead_06,95,1783432816.5404181,0.044396284967660904
loss/val_denorm_lead/lead_07,95,1783432816.5653868,0.049379412084817886
loss/val_denorm_lead/lead_08,95,1783432816.593337,0.05403498560190201
loss/val_denorm_lead_var/siconc/lead_01,95,1783432816.8418827,0.0025690593756735325
loss/val_denorm_lead_var/siconc/lead_02,95,1783432816.8661282,0.004198309499770403
loss/val_denorm_lead_var/siconc/lead_03,95,1783432816.8926878,0.005411749240010977
loss/val_denorm_lead_var/siconc/lead_04,95,1783432817.1200674,0.006376827135682106
loss/val_denorm_lead_var/siconc/lead_05,95,1783432817.3539238,0.00716399634256959
loss/val_denorm_lead_var/siconc/lead_06,95,1783432817.5854156,0.007814571261405945
loss/val_denorm_lead_var/siconc/lead_07,95,1783432817.814512,0.008354504592716694
loss/val_denorm_lead_var/siconc/lead_08,95,1783432817.8377953,0.008804895915091038
loss/val_denorm_lead_var/sithick/lead_01,95,1783432818.0850317,0.0030516914557665586
loss/val_denorm_lead_var/sithick/lead_02,95,1783432818.3138764,0.004764841869473457
loss/val_denorm_lead_var/sithick/lead_03,95,1783432818.3423753,0.006058649625629187
loss/val_denorm_lead_var/sithick/lead_04,95,1783432818.3761723,0.007160755805671215
loss/val_denorm_lead_var/sithick/lead_05,95,1783432818.4309633,0.008142546750605106
loss/val_denorm_lead_var/sithick/lead_06,95,1783432818.4445322,0.009042047895491123
loss/val_denorm_lead_var/sithick/lead_07,95,1783432818.4570136,0.009883810766041279
loss/val_denorm_lead_var/sithick/lead_08,95,1783432818.4733512,0.010679522529244423
loss/val_denorm_lead_var/so/lead_01,95,1783432819.5771518,0.008013307116925716
loss/val_denorm_lead_var/so/lead_02,95,1783432819.6052775,0.013165962882339954
loss/val_denorm_lead_var/so/lead_03,95,1783432819.6366725,0.017497843131422997
loss/val_denorm_lead_var/so/lead_04,95,1783432819.665835,0.02138129435479641
loss/val_denorm_lead_var/so/lead_05,95,1783432819.6921089,0.024932455271482468
loss/val_denorm_lead_var/so/lead_06,95,1783432819.722439,0.028205808252096176
loss/val_denorm_lead_var/so/lead_07,95,1783432819.753105,0.03124183975160122
loss/val_denorm_lead_var/so/lead_08,95,1783432819.9824781,0.03407153859734535
loss/val_denorm_lead_var/thetao/lead_01,95,1783432818.8791535,0.02986524999141693
loss/val_denorm_lead_var/thetao/lead_02,95,1783432818.9079657,0.05069926381111145
loss/val_denorm_lead_var/thetao/lead_03,95,1783432818.9392855,0.06928776204586029
loss/val_denorm_lead_var/thetao/lead_04,95,1783432818.9739175,0.08638273179531097
loss/val_denorm_lead_var/thetao/lead_05,95,1783432819.217392,0.10223125666379929
loss/val_denorm_lead_var/thetao/lead_06,95,1783432819.464509,0.11697948724031448
loss/val_denorm_lead_var/thetao/lead_07,95,1783432819.492356,0.1307215541601181
loss/val_denorm_lead_var/thetao/lead_08,95,1783432819.5202951,0.14356248080730438
loss/val_denorm_lead_var/uo/lead_01,95,1783432820.0390098,0.008528390899300575
loss/val_denorm_lead_var/uo/lead_02,95,1783432820.0717463,0.010883176699280739
loss/val_denorm_lead_var/uo/lead_03,95,1783432820.1052554,0.013003365136682987
loss/val_denorm_lead_var/uo/lead_04,95,1783432820.1357846,0.015002614818513393
loss/val_denorm_lead_var/uo/lead_05,95,1783432820.1652792,0.016933809965848923
loss/val_denorm_lead_var/uo/lead_06,95,1783432820.1960318,0.01879793591797352
loss/val_denorm_lead_var/uo/lead_07,95,1783432820.2245088,0.02056584693491459
loss/val_denorm_lead_var/uo/lead_08,95,1783432820.2540417,0.02225852571427822
loss/val_denorm_lead_var/vo/lead_01,95,1783432820.5049565,0.008627678267657757
loss/val_denorm_lead_var/vo/lead_02,95,1783432820.5311286,0.01124480739235878
loss/val_denorm_lead_var/vo/lead_03,95,1783432820.5554574,0.0136763546615839
loss/val_denorm_lead_var/vo/lead_04,95,1783432820.5767868,0.01601264625787735
loss/val_denorm_lead_var/vo/lead_05,95,1783432820.6021893,0.01828809082508087
loss/val_denorm_lead_var/vo/lead_06,95,1783432820.628741,0.02046377956867218
loss/val_denorm_lead_var/vo/lead_07,95,1783432820.6592977,0.02251557633280754
loss/val_denorm_lead_var/vo/lead_08,95,1783432820.6893091,0.024445636197924614
loss/val_denorm_lead_var/zos/lead_01,95,1783432818.5064197,0.005845257081091404
loss/val_denorm_lead_var/zos/lead_02,95,1783432818.526918,0.008430864661931992
loss/val_denorm_lead_var/zos/lead_03,95,1783432818.5431774,0.010338042862713337
loss/val_denorm_lead_var/zos/lead_04,95,1783432818.5618649,0.011990977451205254
loss/val_denorm_lead_var/zos/lead_05,95,1783432818.579487,0.013516789302229881
loss/val_denorm_lead_var/zos/lead_06,95,1783432818.5971282,0.014936137944459915
loss/val_denorm_lead_var/zos/lead_07,95,1783432818.61511,0.016285087913274765
loss/val_denorm_lead_var/zos/lead_08,95,1783432818.6308117,0.01757090538740158
loss/val_denorm_var/siconc,95,1783432816.819898,0.006336739286780357
loss/val_denorm_var/sithick,95,1783432817.8615918,0.007347983308136463
loss/val_denorm_var/so,95,1783432819.549248,0.022313756868243217
loss/val_denorm_var/thetao,95,1783432818.6505775,0.09121622145175934
loss/val_denorm_var/uo,95,1783432820.0102558,0.01574670895934105
loss/val_denorm_var/vo,95,1783432820.282078,0.016909321770071983
loss/val_denorm_var/zos,95,1783432818.4899032,0.01236425805836916
loss/val_lead/lead_01,95,1783432816.4596694,0.0009760854882188141
loss/val_lead/lead_02,95,1783432816.4596827,0.0014616117114201188
loss/val_lead/lead_03,95,1783432816.4601264,0.0018758754013106227
loss/val_lead/lead_04,95,1783432816.4816687,0.002250105608254671
loss/val_lead/lead_05,95,1783432816.5023806,0.002596043050289154
loss/val_lead/lead_06,95,1783432816.5238855,0.002917009172961116
loss/val_lead/lead_07,95,1783432816.5479171,0.003214897820726037
loss/val_lead/lead_08,95,1783432816.5748982,0.0034927164670079947
loss/val_lead_var/siconc/lead_01,95,1783432816.8269713,0.0025690568145364523
loss/val_lead_var/siconc/lead_02,95,1783432816.8499076,0.004198305308818817
loss/val_lead_var/siconc/lead_03,95,1783432816.8741238,0.005411743652075529
loss/val_lead_var/siconc/lead_04,95,1783432817.1044657,0.006376821082085371
loss/val_lead_var/siconc/lead_05,95,1783432817.1291175,0.00716398935765028
loss/val_lead_var/siconc/lead_06,95,1783432817.566871,0.007814563810825348
loss/val_lead_var/siconc/lead_07,95,1783432817.799748,0.008354496210813522
loss/val_lead_var/siconc/lead_08,95,1783432817.8222494,0.008804887533187866
loss/val_lead_var/sithick/lead_01,95,1783432818.0704978,0.0004003953654319048
loss/val_lead_var/sithick/lead_02,95,1783432818.0925727,0.0006251682061702013
loss/val_lead_var/sithick/lead_03,95,1783432818.3227334,0.0007949215359985828
loss/val_lead_var/sithick/lead_04,95,1783432818.3525188,0.0009395226952619851
loss/val_lead_var/sithick/lead_05,95,1783432818.387386,0.001068337936885655
loss/val_lead_var/sithick/lead_06,95,1783432818.4350991,0.0011863565305247903
loss/val_lead_var/sithick/lead_07,95,1783432818.448452,0.0012967993970960379
loss/val_lead_var/sithick/lead_08,95,1783432818.4615183,0.0014012003084644675
loss/val_lead_var/so/lead_01,95,1783432819.5584962,0.0002497223613318056
loss/val_lead_var/so/lead_02,95,1783432819.5870438,0.0004126765124965459
loss/val_lead_var/so/lead_03,95,1783432819.6158984,0.0005519087426364422
loss/val_lead_var/so/lead_04,95,1783432819.6470873,0.0006778884562663734
loss/val_lead_var/so/lead_05,95,1783432819.673255,0.0007937300833873451
loss/val_lead_var/so/lead_06,95,1783432819.7028399,0.0009008778724819422
loss/val_lead_var/so/lead_07,95,1783432819.7321362,0.0010004787473008037
loss/val_lead_var/so/lead_08,95,1783432819.7614403,0.0010934753809124231
loss/val_lead_var/thetao/lead_01,95,1783432818.6585245,0.0008902224362827837
loss/val_lead_var/thetao/lead_02,95,1783432818.8885424,0.0015151030384004116
loss/val_lead_var/thetao/lead_03,95,1783432818.9189224,0.002075709169730544
loss/val_lead_var/thetao/lead_04,95,1783432818.9513552,0.0025930460542440414
loss/val_lead_var/thetao/lead_05,95,1783432819.1901033,0.0030739426147192717
loss/val_lead_var/thetao/lead_06,95,1783432819.4345078,0.0035224214661866426
loss/val_lead_var/thetao/lead_07,95,1783432819.4737656,0.003941102419048548
loss/val_lead_var/thetao/lead_08,95,1783432819.5009398,0.004333059303462505
loss/val_lead_var/uo/lead_01,95,1783432820.0197608,0.004126791376620531
loss/val_lead_var/uo/lead_02,95,1783432820.0497515,0.005367124918848276
loss/val_lead_var/uo/lead_03,95,1783432820.0840633,0.006503547541797161
loss/val_lead_var/uo/lead_04,95,1783432820.1146793,0.007574325893074274
loss/val_lead_var/uo/lead_05,95,1783432820.1451528,0.008610155433416367
loss/val_lead_var/uo/lead_06,95,1783432820.175851,0.009610123001039028
loss/val_lead_var/uo/lead_07,95,1783432820.2048469,0.010557725094258785
loss/val_lead_var/uo/lead_08,95,1783432820.2351053,0.011464913375675678
loss/val_lead_var/vo/lead_01,95,1783432820.4920907,0.004279538057744503
loss/val_lead_var/vo/lead_02,95,1783432820.5121868,0.0056449975818395615
loss/val_lead_var/vo/lead_03,95,1783432820.5415838,0.006929127033799887
loss/val_lead_var/vo/lead_04,95,1783432820.5627577,0.008164074271917343
loss/val_lead_var/vo/lead_05,95,1783432820.584773,0.009367918595671654
loss/val_lead_var/vo/lead_06,95,1783432820.611968,0.010519139468669891
loss/val_lead_var/vo/lead_07,95,1783432820.6394205,0.011604051105678082
loss/val_lead_var/vo/lead_08,95,1783432820.6697283,0.012623585760593414
loss/val_lead_var/zos/lead_01,95,1783432818.4953516,0.0015075505943968892
loss/val_lead_var/zos/lead_02,95,1783432818.5128896,0.0021744046825915575
loss/val_lead_var/zos/lead_03,95,1783432818.5320072,0.002666285028681159
loss/val_lead_var/zos/lead_04,95,1783432818.549238,0.003092593513429165
loss/val_lead_var/zos/lead_05,95,1783432818.5675263,0.003486115951091051
loss/val_lead_var/zos/lead_06,95,1783432818.585116,0.0038521799724549055
loss/val_lead_var/zos/lead_07,95,1783432818.603109,0.004200087860226631
loss/val_lead_var/zos/lead_08,95,1783432818.6200438,0.004531713202595711
loss/val_norm,95,1783432816.459647,0.0023480430245399475
loss/val_norm_lead/lead_01,95,1783432816.4596741,0.0009760854882188141
loss/val_norm_lead/lead_02,95,1783432816.4596875,0.0014616117114201188
loss/val_norm_lead/lead_03,95,1783432816.4675403,0.0018758754013106227
loss/val_norm_lead/lead_04,95,1783432816.4878635,0.002250105608254671
loss/val_norm_lead/lead_05,95,1783432816.5090497,0.002596043050289154
loss/val_norm_lead/lead_06,95,1783432816.5319839,0.002917009172961116
loss/val_norm_lead/lead_07,95,1783432816.5561206,0.003214897820726037
loss/val_norm_lead/lead_08,95,1783432816.5848196,0.0034927164670079947
loss/val_norm_lead_var/siconc/lead_01,95,1783432816.8341203,0.0025690568145364523
loss/val_norm_lead_var/siconc/lead_02,95,1783432816.8580701,0.004198305308818817
loss/val_norm_lead_var/siconc/lead_03,95,1783432816.8822038,0.005411743652075529
loss/val_norm_lead_var/siconc/lead_04,95,1783432817.1122391,0.006376821082085371
loss/val_norm_lead_var/siconc/lead_05,95,1783432817.3425782,0.00716398935765028
loss/val_norm_lead_var/siconc/lead_06,95,1783432817.5764594,0.007814563810825348
loss/val_norm_lead_var/siconc/lead_07,95,1783432817.8071084,0.008354496210813522
loss/val_norm_lead_var/siconc/lead_08,95,1783432817.830076,0.008804887533187866
loss/val_norm_lead_var/sithick/lead_01,95,1783432818.0777767,0.0004003953654319048
loss/val_norm_lead_var/sithick/lead_02,95,1783432818.3042736,0.0006251682061702013
loss/val_norm_lead_var/sithick/lead_03,95,1783432818.3321643,0.0007949215359985828
loss/val_norm_lead_var/sithick/lead_04,95,1783432818.3662796,0.0009395226952619851
loss/val_norm_lead_var/sithick/lead_05,95,1783432818.4158928,0.001068337936885655
loss/val_norm_lead_var/sithick/lead_06,95,1783432818.439555,0.0011863565305247903
loss/val_norm_lead_var/sithick/lead_07,95,1783432818.4526086,0.0012967993970960379
loss/val_norm_lead_var/sithick/lead_08,95,1783432818.4679365,0.0014012003084644675
loss/val_norm_lead_var/so/lead_01,95,1783432819.56809,0.0002497223613318056
loss/val_norm_lead_var/so/lead_02,95,1783432819.596003,0.0004126765124965459
loss/val_norm_lead_var/so/lead_03,95,1783432819.6260536,0.0005519087426364422
loss/val_norm_lead_var/so/lead_04,95,1783432819.6569467,0.0006778884562663734
loss/val_norm_lead_var/so/lead_05,95,1783432819.6823466,0.0007937300833873451
loss/val_norm_lead_var/so/lead_06,95,1783432819.713371,0.0009008778724819422
loss/val_norm_lead_var/so/lead_07,95,1783432819.7420976,0.0010004787473008037
loss/val_norm_lead_var/so/lead_08,95,1783432819.7704165,0.0010934753809124231
loss/val_norm_lead_var/thetao/lead_01,95,1783432818.8689446,0.0008902224362827837
loss/val_norm_lead_var/thetao/lead_02,95,1783432818.898292,0.0015151030384004116
loss/val_norm_lead_var/thetao/lead_03,95,1783432818.9289274,0.002075709169730544
loss/val_norm_lead_var/thetao/lead_04,95,1783432818.9622595,0.0025930460542440414
loss/val_norm_lead_var/thetao/lead_05,95,1783432819.2025752,0.0030739426147192717
loss/val_norm_lead_var/thetao/lead_06,95,1783432819.4460573,0.0035224214661866426
loss/val_norm_lead_var/thetao/lead_07,95,1783432819.4826825,0.003941102419048548
loss/val_norm_lead_var/thetao/lead_08,95,1783432819.5105557,0.004333059303462505
loss/val_norm_lead_var/uo/lead_01,95,1783432820.0293546,0.004126791376620531
loss/val_norm_lead_var/uo/lead_02,95,1783432820.0608304,0.005367124918848276
loss/val_norm_lead_var/uo/lead_03,95,1783432820.0941503,0.006503547541797161
loss/val_norm_lead_var/uo/lead_04,95,1783432820.126107,0.007574325893074274
loss/val_norm_lead_var/uo/lead_05,95,1783432820.155316,0.008610155433416367
loss/val_norm_lead_var/uo/lead_06,95,1783432820.1867747,0.009610123001039028
loss/val_norm_lead_var/uo/lead_07,95,1783432820.21435,0.010557725094258785
loss/val_norm_lead_var/uo/lead_08,95,1783432820.2453153,0.011464913375675678
loss/val_norm_lead_var/vo/lead_01,95,1783432820.4984808,0.004279538057744503
loss/val_norm_lead_var/vo/lead_02,95,1783432820.5195787,0.0056449975818395615
loss/val_norm_lead_var/vo/lead_03,95,1783432820.5483718,0.006929127033799887
loss/val_norm_lead_var/vo/lead_04,95,1783432820.5697098,0.008164074271917343
loss/val_norm_lead_var/vo/lead_05,95,1783432820.5931065,0.009367918595671654
loss/val_norm_lead_var/vo/lead_06,95,1783432820.6203187,0.010519139468669891
loss/val_norm_lead_var/vo/lead_07,95,1783432820.6493783,0.011604051105678082
loss/val_norm_lead_var/vo/lead_08,95,1783432820.679436,0.012623585760593414
loss/val_norm_lead_var/zos/lead_01,95,1783432818.5001936,0.0015075505943968892
loss/val_norm_lead_var/zos/lead_02,95,1783432818.519761,0.0021744046825915575
loss/val_norm_lead_var/zos/lead_03,95,1783432818.5369418,0.002666285028681159
loss/val_norm_lead_var/zos/lead_04,95,1783432818.555596,0.003092593513429165
loss/val_norm_lead_var/zos/lead_05,95,1783432818.5734863,0.003486115951091051
loss/val_norm_lead_var/zos/lead_06,95,1783432818.5920696,0.0038521799724549055
loss/val_norm_lead_var/zos/lead_07,95,1783432818.6093664,0.004200087860226631
loss/val_norm_lead_var/zos/lead_08,95,1783432818.624907,0.004531713202595711
loss/val_norm_var/siconc,95,1783432816.8127913,0.006336732767522335
loss/val_norm_var/sithick,95,1783432817.8543198,0.0009640877251513302
loss/val_norm_var/so,95,1783432819.5396757,0.0007100947550497949
loss/val_norm_var/thetao,95,1783432818.6414034,0.0027430758345872164
loss/val_norm_var/uo,95,1783432820.0010018,0.007976838387548923
loss/val_norm_var/vo,95,1783432820.2735553,0.008641554042696953
loss/val_norm_var/zos,95,1783432818.4843104,0.00318886642344296
loss/val_var/siconc,95,1783432816.6019626,0.006336732767522335
loss/val_var/sithick,95,1783432817.8459766,0.0009640877251513302
loss/val_var/so,95,1783432819.5303843,0.0007100947550497949
loss/val_var/thetao,95,1783432818.6359975,0.0027430758345872164
loss/val_var/uo,95,1783432819.9915211,0.007976838387548923
loss/val_var/vo,95,1783432820.2631536,0.008641554042696953
loss/val_var/zos,95,1783432818.4790893,0.00318886642344296
loss/train,96,1783434925.2624533,0.0020771946292370558
loss/train,97,1783437027.466833,0.002081632614135742
loss/train,98,1783439130.4841115,0.0020761904306709766
loss/train,99,1783441237.7523108,0.002077631186693907
loss/ema_val,100,1783443743.9323635,0.0022959241177886724
loss/ema_val_denorm,100,1783443743.9323683,0.034261979162693024
loss/train,100,1783443344.8028018,0.0020792358554899693
loss/val,100,1783443743.9322941,0.0023390601854771376
loss/val_denorm,100,1783443743.932358,0.034878965467214584
loss/val_denorm_lead/lead_01,100,1783443743.9323814,0.012263793498277664
loss/val_denorm_lead/lead_02,100,1783443743.9323938,0.020139269530773163
loss/val_denorm_lead/lead_03,100,1783443743.9430428,0.02698390744626522
loss/val_denorm_lead/lead_04,100,1783443743.9554386,0.03321954980492592
loss/val_denorm_lead/lead_05,100,1783443743.9666023,0.03898013010621071
loss/val_denorm_lead/lead_06,100,1783443743.9816914,0.04431409388780594
loss/val_denorm_lead/lead_07,100,1783443743.989589,0.04926186800003052
loss/val_denorm_lead/lead_08,100,1783443744.062125,0.05386912077665329
loss/val_denorm_lead_var/siconc/lead_01,100,1783443744.2916305,0.002539840992540121
loss/val_denorm_lead_var/siconc/lead_02,100,1783443744.3130567,0.004142552148550749
loss/val_denorm_lead_var/siconc/lead_03,100,1783443744.3312826,0.005329509731382132
loss/val_denorm_lead_var/siconc/lead_04,100,1783443744.349127,0.006270894315093756
loss/val_denorm_lead_var/siconc/lead_05,100,1783443744.3674853,0.007037600036710501
loss/val_denorm_lead_var/siconc/lead_06,100,1783443744.3886282,0.00766904279589653
loss/val_denorm_lead_var/siconc/lead_07,100,1783443744.406518,0.008192296139895916
loss/val_denorm_lead_var/siconc/lead_08,100,1783443744.4263668,0.00862580630928278
loss/val_denorm_lead_var/sithick/lead_01,100,1783443744.466367,0.0030147123616188765
loss/val_denorm_lead_var/sithick/lead_02,100,1783443744.8894544,0.004679656587541103
loss/val_denorm_lead_var/sithick/lead_03,100,1783443744.9057078,0.0059122201055288315
loss/val_denorm_lead_var/sithick/lead_04,100,1783443744.9145668,0.006949498783797026
loss/val_denorm_lead_var/sithick/lead_05,100,1783443744.9242744,0.007868087850511074
loss/val_denorm_lead_var/sithick/lead_06,100,1783443744.9349923,0.00870446301996708
loss/val_denorm_lead_var/sithick/lead_07,100,1783443744.9512029,0.009480578824877739
loss/val_denorm_lead_var/sithick/lead_08,100,1783443744.966477,0.010210740379989147
loss/val_denorm_lead_var/so/lead_01,100,1783443746.0935972,0.007998567074537277
loss/val_denorm_lead_var/so/lead_02,100,1783443746.1112943,0.01315445639193058
loss/val_denorm_lead_var/so/lead_03,100,1783443746.1306064,0.017482435330748558
loss/val_denorm_lead_var/so/lead_04,100,1783443746.1442814,0.021358145400881767
loss/val_denorm_lead_var/so/lead_05,100,1783443746.1587133,0.024899300187826157
loss/val_denorm_lead_var/so/lead_06,100,1783443746.1744869,0.028158996254205704
loss/val_denorm_lead_var/so/lead_07,100,1783443746.1918454,0.031176703050732613
loss/val_denorm_lead_var/so/lead_08,100,1783443746.2069829,0.033985793590545654
loss/val_denorm_lead_var/thetao/lead_01,100,1783443745.9665377,0.02982051484286785
loss/val_denorm_lead_var/thetao/lead_02,100,1783443745.9804304,0.05061079189181328
loss/val_denorm_lead_var/thetao/lead_03,100,1783443745.9931734,0.06916773319244385
loss/val_denorm_lead_var/thetao/lead_04,100,1783443746.0060236,0.08625573664903641
loss/val_denorm_lead_var/thetao/lead_05,100,1783443746.021373,0.10211413353681564
loss/val_denorm_lead_var/thetao/lead_06,100,1783443746.0347993,0.11682678014039993
loss/val_denorm_lead_var/thetao/lead_07,100,1783443746.0470366,0.13047412037849426
loss/val_denorm_lead_var/thetao/lead_08,100,1783443746.0619202,0.14316979050636292
loss/val_denorm_lead_var/uo/lead_01,100,1783443746.2332761,0.00854195561259985
loss/val_denorm_lead_var/uo/lead_02,100,1783443746.247178,0.010897261090576649
loss/val_denorm_lead_var/uo/lead_03,100,1783443746.2613642,0.013006477616727352
loss/val_denorm_lead_var/uo/lead_04,100,1783443746.2791476,0.014998179860413074
loss/val_denorm_lead_var/uo/lead_05,100,1783443746.2963972,0.016927406191825867
loss/val_denorm_lead_var/uo/lead_06,100,1783443746.3166654,0.01878846250474453
loss/val_denorm_lead_var/uo/lead_07,100,1783443746.5371249,0.020552003756165504
loss/val_denorm_lead_var/uo/lead_08,100,1783443746.552894,0.022225396707654
loss/val_denorm_lead_var/vo/lead_01,100,1783443746.5862627,0.008624866604804993
loss/val_denorm_lead_var/vo/lead_02,100,1783443746.6050155,0.011215045116841793
loss/val_denorm_lead_var/vo/lead_03,100,1783443746.6234224,0.013630885630846024
loss/val_denorm_lead_var/vo/lead_04,100,1783443746.6414287,0.015934985131025314
loss/val_denorm_lead_var/vo/lead_05,100,1783443746.659964,0.018174074590206146
loss/val_denorm_lead_var/vo/lead_06,100,1783443746.8848536,0.02032245695590973
loss/val_denorm_lead_var/vo/lead_07,100,1783443746.9047582,0.02235514484345913
loss/val_denorm_lead_var/vo/lead_08,100,1783443746.924765,0.024278419092297554
loss/val_denorm_lead_var/zos/lead_01,100,1783443745.0025194,0.005898163188248873
loss/val_denorm_lead_var/zos/lead_02,100,1783443745.0197773,0.008521068841218948
loss/val_denorm_lead_var/zos/lead_03,100,1783443745.0325313,0.010466466657817364
loss/val_denorm_lead_var/zos/lead_04,100,1783443745.2508168,0.012171417474746704
loss/val_denorm_lead_var/zos/lead_05,100,1783443745.4685507,0.013755911961197853
loss/val_denorm_lead_var/zos/lead_06,100,1783443745.6879907,0.015226831659674644
loss/val_denorm_lead_var/zos/lead_07,100,1783443745.7052252,0.016621315851807594
loss/val_denorm_lead_var/zos/lead_08,100,1783443745.72431,0.017952051013708115
loss/val_denorm_var/siconc,100,1783443744.0735197,0.006225942634046078
loss/val_denorm_var/sithick,100,1783443744.4444702,0.007102494593709707
loss/val_denorm_var/so,100,1783443746.077734,0.022276800125837326
loss/val_denorm_var/thetao,100,1783443745.9528883,0.09105495363473892
loss/val_denorm_var/uo,100,1783443746.2196476,0.015742143616080284
loss/val_denorm_var/vo,100,1783443746.5680466,0.016816984862089157
loss/val_denorm_var/zos,100,1783443744.9846597,0.012576653622090816
loss/val_lead/lead_01,100,1783443743.9323728,0.0009744505514390767
loss/val_lead/lead_02,100,1783443743.9323854,0.0014578434638679028
loss/val_lead/lead_03,100,1783443743.9325502,0.001869755913503468
loss/val_lead/lead_04,100,1783443743.9477246,0.002241829177364707
loss/val_lead/lead_05,100,1783443743.9591334,0.0025861086323857307
loss/val_lead/lead_06,100,1783443743.9707096,0.0029052377212792635
loss/val_lead/lead_07,100,1783443743.9849775,0.0032009975984692574
loss/val_lead/lead_08,100,1783443743.9917474,0.003476258832961321
loss/val_lead_var/siconc/lead_01,100,1783443744.0781322,0.002539838431403041
loss/val_lead_var/siconc/lead_02,100,1783443744.2995276,0.004142547957599163
loss/val_lead_var/siconc/lead_03,100,1783443744.3189666,0.005329504143446684
loss/val_lead_var/siconc/lead_04,100,1783443744.337111,0.006270888261497021
loss/val_lead_var/siconc/lead_05,100,1783443744.3558946,0.007037593051791191
loss/val_lead_var/siconc/lead_06,100,1783443744.3747919,0.007669034879654646
loss/val_lead_var/siconc/lead_07,100,1783443744.3945704,0.008192288689315319
loss/val_lead_var/siconc/lead_08,100,1783443744.4136634,0.008625796996057034
loss/val_lead_var/sithick/lead_01,100,1783443744.4511812,0.00039554352406412363
loss/val_lead_var/sithick/lead_02,100,1783443744.6760137,0.0006139915203675628
loss/val_lead_var/sithick/lead_03,100,1783443744.8946104,0.0007757092826068401
loss/val_lead_var/sithick/lead_04,100,1783443744.9086113,0.0009118048474192619
loss/val_lead_var/sithick/lead_05,100,1783443744.9173179,0.0010323277674615383
loss/val_lead_var/sithick/lead_06,100,1783443744.9277198,0.0011420638766139746
loss/val_lead_var/sithick/lead_07,100,1783443744.9397247,0.0012438937555998564
loss/val_lead_var/sithick/lead_08,100,1783443744.9558694,0.0013396941358223557
loss/val_lead_var/so/lead_01,100,1783443746.0828798,0.0002492109197191894
loss/val_lead_var/so/lead_02,100,1783443746.0998082,0.0004123307589907199
loss/val_lead_var/so/lead_03,100,1783443746.117374,0.0005514905788004398
loss/val_lead_var/so/lead_04,100,1783443746.1354895,0.0006772816414013505
loss/val_lead_var/so/lead_05,100,1783443746.1488671,0.0007928773993626237
loss/val_lead_var/so/lead_06,100,1783443746.1638312,0.0008996715769171715
loss/val_lead_var/so/lead_07,100,1783443746.1811724,0.0009987711673602462
loss/val_lead_var/so/lead_08,100,1783443746.1965148,0.0010911845602095127
loss/val_lead_var/thetao/lead_01,100,1783443745.9568093,0.0008890550816431642
loss/val_lead_var/thetao/lead_02,100,1783443745.9709005,0.0015126366633921862
loss/val_lead_var/thetao/lead_03,100,1783443745.9848466,0.002072208793833852
loss/val_lead_var/thetao/lead_04,100,1783443745.9970748,0.0025892825797200203
loss/val_lead_var/thetao/lead_05,100,1783443746.0106091,0.003070513252168894
loss/val_lead_var/thetao/lead_06,100,1783443746.02531,0.003518026089295745
loss/val_lead_var/thetao/lead_07,100,1783443746.0386617,0.003933966625481844
loss/val_lead_var/thetao/lead_08,100,1783443746.0517194,0.004321677144616842
loss/val_lead_var/uo/lead_01,100,1783443746.2238996,0.004126761108636856
loss/val_lead_var/uo/lead_02,100,1783443746.2374554,0.005366590339690447
loss/val_lead_var/uo/lead_03,100,1783443746.2518497,0.006496727466583252
loss/val_lead_var/uo/lead_04,100,1783443746.267066,0.00756326038390398
loss/val_lead_var/uo/lead_05,100,1783443746.2854452,0.0085982047021389
loss/val_lead_var/uo/lead_06,100,1783443746.3037133,0.009596962481737137
loss/val_lead_var/uo/lead_07,100,1783443746.5255666,0.010542725212872028
loss/val_lead_var/uo/lead_08,100,1783443746.542942,0.011441260576248169
loss/val_lead_var/vo/lead_01,100,1783443746.5741637,0.0042738220654428005
loss/val_lead_var/vo/lead_02,100,1783443746.5929708,0.005623518489301205
loss/val_lead_var/vo/lead_03,100,1783443746.611884,0.006897042505443096
loss/val_lead_var/vo/lead_04,100,1783443746.6291835,0.008113643154501915
loss/val_lead_var/vo/lead_05,100,1783443746.6478562,0.009297861717641354
loss/val_lead_var/vo/lead_06,100,1783443746.666428,0.010434913448989391
loss/val_lead_var/vo/lead_07,100,1783443746.8918386,0.011510897427797318
loss/val_lead_var/vo/lead_08,100,1783443746.9107141,0.012527864426374435
loss/val_lead_var/zos/lead_01,100,1783443744.9902487,0.0015211955178529024
loss/val_lead_var/zos/lead_02,100,1783443745.0084646,0.002197669353336096
loss/val_lead_var/zos/lead_03,100,1783443745.0236568,0.002699407050386071
loss/val_lead_var/zos/lead_04,100,1783443745.039469,0.0031391307711601257
loss/val_lead_var/zos/lead_05,100,1783443745.2559938,0.0035477878991514444
loss/val_lead_var/zos/lead_06,100,1783443745.6769946,0.003927153069525957
loss/val_lead_var/zos/lead_07,100,1783443745.693323,0.004286804236471653
loss/val_lead_var/zos/lead_08,100,1783443745.711179,0.004630014766007662
loss/val_norm,100,1783443743.9323492,0.0023390601854771376
loss/val_norm_lead/lead_01,100,1783443743.9323769,0.0009744505514390767
loss/val_norm_lead/lead_02,100,1783443743.9323897,0.0014578434638679028
loss/val_norm_lead/lead_03,100,1783443743.9385664,0.001869755913503468
loss/val_norm_lead/lead_04,100,1783443743.9516003,0.002241829177364707
loss/val_norm_lead/lead_05,100,1783443743.9624,0.0025861086323857307
loss/val_norm_lead/lead_06,100,1783443743.9759312,0.0029052377212792635
loss/val_norm_lead/lead_07,100,1783443743.987424,0.0032009975984692574
loss/val_norm_lead/lead_08,100,1783443743.9939868,0.003476258832961321
loss/val_norm_lead_var/siconc/lead_01,100,1783443744.082843,0.002539838431403041
loss/val_norm_lead_var/siconc/lead_02,100,1783443744.3070772,0.004142547957599163
loss/val_norm_lead_var/siconc/lead_03,100,1783443744.3255,0.005329504143446684
loss/val_norm_lead_var/siconc/lead_04,100,1783443744.343255,0.006270888261497021
loss/val_norm_lead_var/siconc/lead_05,100,1783443744.3613384,0.007037593051791191
loss/val_norm_lead_var/siconc/lead_06,100,1783443744.38234,0.007669034879654646
loss/val_norm_lead_var/siconc/lead_07,100,1783443744.4004364,0.008192288689315319
loss/val_norm_lead_var/siconc/lead_08,100,1783443744.4206479,0.008625796996057034
loss/val_norm_lead_var/sithick/lead_01,100,1783443744.4590468,0.00039554352406412363
loss/val_norm_lead_var/sithick/lead_02,100,1783443744.8836691,0.0006139915203675628
loss/val_norm_lead_var/sithick/lead_03,100,1783443744.900258,0.0007757092826068401
loss/val_norm_lead_var/sithick/lead_04,100,1783443744.911583,0.0009118048474192619
loss/val_norm_lead_var/sithick/lead_05,100,1783443744.9210134,0.0010323277674615383
loss/val_norm_lead_var/sithick/lead_06,100,1783443744.9310195,0.0011420638766139746
loss/val_norm_lead_var/sithick/lead_07,100,1783443744.9451413,0.0012438937555998564
loss/val_norm_lead_var/sithick/lead_08,100,1783443744.9608395,0.0013396941358223557
loss/val_norm_lead_var/so/lead_01,100,1783443746.088578,0.0002492109197191894
loss/val_norm_lead_var/so/lead_02,100,1783443746.1058607,0.0004123307589907199
loss/val_norm_lead_var/so/lead_03,100,1783443746.1237307,0.0005514905788004398
loss/val_norm_lead_var/so/lead_04,100,1783443746.1400197,0.0006772816414013505
loss/val_norm_lead_var/so/lead_05,100,1783443746.1539102,0.0007928773993626237
loss/val_norm_lead_var/so/lead_06,100,1783443746.1683958,0.0008996715769171715
loss/val_norm_lead_var/so/lead_07,100,1783443746.1868553,0.0009987711673602462
loss/val_norm_lead_var/so/lead_08,100,1783443746.2013319,0.0010911845602095127
loss/val_norm_lead_var/thetao/lead_01,100,1783443745.96104,0.0008890550816431642
loss/val_norm_lead_var/thetao/lead_02,100,1783443745.9753165,0.0015126366633921862
loss/val_norm_lead_var/thetao/lead_03,100,1783443745.989038,0.002072208793833852
loss/val_norm_lead_var/thetao/lead_04,100,1783443746.001275,0.0025892825797200203
loss/val_norm_lead_var/thetao/lead_05,100,1783443746.015921,0.003070513252168894
loss/val_norm_lead_var/thetao/lead_06,100,1783443746.0303946,0.003518026089295745
loss/val_norm_lead_var/thetao/lead_07,100,1783443746.042734,0.003933966625481844
loss/val_norm_lead_var/thetao/lead_08,100,1783443746.0560672,0.004321677144616842
loss/val_norm_lead_var/uo/lead_01,100,1783443746.228677,0.004126761108636856
loss/val_norm_lead_var/uo/lead_02,100,1783443746.2418256,0.005366590339690447
loss/val_norm_lead_var/uo/lead_03,100,1783443746.2561047,0.006496727466583252
loss/val_norm_lead_var/uo/lead_04,100,1783443746.2733824,0.00756326038390398
loss/val_norm_lead_var/uo/lead_05,100,1783443746.291302,0.0085982047021389
loss/val_norm_lead_var/uo/lead_06,100,1783443746.3102314,0.009596962481737137
loss/val_norm_lead_var/uo/lead_07,100,1783443746.531538,0.010542725212872028
loss/val_norm_lead_var/uo/lead_08,100,1783443746.5473793,0.011441260576248169
loss/val_norm_lead_var/vo/lead_01,100,1783443746.5805054,0.0042738220654428005
loss/val_norm_lead_var/vo/lead_02,100,1783443746.5985572,0.005623518489301205
loss/val_norm_lead_var/vo/lead_03,100,1783443746.616986,0.006897042505443096
loss/val_norm_lead_var/vo/lead_04,100,1783443746.6354408,0.008113643154501915
loss/val_norm_lead_var/vo/lead_05,100,1783443746.6537387,0.009297861717641354
loss/val_norm_lead_var/vo/lead_06,100,1783443746.8773506,0.010434913448989391
loss/val_norm_lead_var/vo/lead_07,100,1783443746.8979416,0.011510897427797318
loss/val_norm_lead_var/vo/lead_08,100,1783443746.918505,0.012527864426374435
loss/val_norm_lead_var/zos/lead_01,100,1783443744.9961662,0.0015211955178529024
loss/val_norm_lead_var/zos/lead_02,100,1783443745.0145557,0.002197669353336096
loss/val_norm_lead_var/zos/lead_03,100,1783443745.027445,0.002699407050386071
loss/val_norm_lead_var/zos/lead_04,100,1783443745.246513,0.0031391307711601257
loss/val_norm_lead_var/zos/lead_05,100,1783443745.2607057,0.0035477878991514444
loss/val_norm_lead_var/zos/lead_06,100,1783443745.6819928,0.003927153069525957
loss/val_norm_lead_var/zos/lead_07,100,1783443745.6993344,0.004286804236471653
loss/val_norm_lead_var/zos/lead_08,100,1783443745.7174842,0.004630014766007662
loss/val_norm_var/siconc,100,1783443744.0695724,0.006225936580449343
loss/val_norm_var/sithick,100,1783443744.4384847,0.000931878574192524
loss/val_norm_var/so,100,1783443746.0721617,0.0007091023144312203
loss/val_norm_var/thetao,100,1783443745.9473217,0.0027384208515286446
loss/val_norm_var/uo,100,1783443746.2158458,0.007966561242938042
loss/val_norm_var/vo,100,1783443746.5623746,0.0085849454626441
loss/val_norm_var/zos,100,1783443744.9783533,0.0032436454202979803
loss/val_var/siconc,100,1783443744.0658937,0.006225936580449343
loss/val_var/sithick,100,1783443744.4328082,0.000931878574192524
loss/val_var/so,100,1783443746.066911,0.0007091023144312203
loss/val_var/thetao,100,1783443745.9357305,0.0027384208515286446
loss/val_var/uo,100,1783443746.211363,0.007966561242938042
loss/val_var/vo,100,1783443746.5569198,0.0085849454626441
loss/val_var/zos,100,1783443744.972682,0.0032436454202979803
