tag,step,wall_time,value
loss/train,1,1783027456.2375124,0.0016471061389893293
loss/train,2,1783029128.062426,0.001623835414648056
loss/train,3,1783030793.1682508,0.0016133226454257965
loss/train,4,1783032456.1706288,0.0016098974738270044
loss/ema_val,5,1783034524.4153526,0.0017245764611288905
loss/ema_val_denorm,5,1783034524.4153597,0.024561360478401184
loss/train,5,1783034124.3949285,0.0016061628703027964
loss/val,5,1783034524.415258,0.001746159279718995
loss/val_denorm,5,1783034524.4153442,0.024782216176390648
loss/val_denorm_lead/lead_01,5,1783034524.415379,0.012690522707998753
loss/val_denorm_lead/lead_02,5,1783034524.4153974,0.021441997960209846
loss/val_denorm_lead/lead_03,5,1783034524.4318068,0.029054326936602592
loss/val_denorm_lead/lead_04,5,1783034524.4489472,0.035942018032073975
loss/val_denorm_lead_var/siconc/lead_01,5,1783034524.4787486,0.002497189911082387
loss/val_denorm_lead_var/siconc/lead_02,5,1783034524.694758,0.004107165150344372
loss/val_denorm_lead_var/siconc/lead_03,5,1783034524.707163,0.005321149248629808
loss/val_denorm_lead_var/siconc/lead_04,5,1783034524.7226737,0.006309932097792625
loss/val_denorm_lead_var/sithick/lead_01,5,1783034524.7503724,0.002972444286569953
loss/val_denorm_lead_var/sithick/lead_02,5,1783034524.7621753,0.004815375432372093
loss/val_denorm_lead_var/sithick/lead_03,5,1783034524.7772942,0.006218324415385723
loss/val_denorm_lead_var/sithick/lead_04,5,1783034524.7930136,0.007412061560899019
loss/val_denorm_lead_var/so/lead_01,5,1783034525.0222523,0.008081676438450813
loss/val_denorm_lead_var/so/lead_02,5,1783034525.0333283,0.013735909946262836
loss/val_denorm_lead_var/so/lead_03,5,1783034525.0463283,0.01857791282236576
loss/val_denorm_lead_var/so/lead_04,5,1783034525.059454,0.022926656529307365
loss/val_denorm_lead_var/thetao/lead_01,5,1783034524.9507446,0.03148462623357773
loss/val_denorm_lead_var/thetao/lead_02,5,1783034524.9649196,0.05453266575932503
loss/val_denorm_lead_var/thetao/lead_03,5,1783034524.979773,0.07496490329504013
loss/val_denorm_lead_var/thetao/lead_04,5,1783034524.9963193,0.09359265863895416
loss/val_denorm_lead_var/uo/lead_01,5,1783034525.1024957,0.008474666625261307
loss/val_denorm_lead_var/uo/lead_02,5,1783034525.1165857,0.011526641435921192
loss/val_denorm_lead_var/uo/lead_03,5,1783034525.1291275,0.014141403138637543
loss/val_denorm_lead_var/uo/lead_04,5,1783034525.1436625,0.016527069732546806
loss/val_denorm_lead_var/vo/lead_01,5,1783034525.1742313,0.00860772654414177
loss/val_denorm_lead_var/vo/lead_02,5,1783034525.1908133,0.012105637229979038
loss/val_denorm_lead_var/vo/lead_03,5,1783034525.2097583,0.015123429708182812
loss/val_denorm_lead_var/vo/lead_04,5,1783034525.2282717,0.01786426082253456
loss/val_denorm_lead_var/zos/lead_01,5,1783034524.8280094,0.006054589990526438
loss/val_denorm_lead_var/zos/lead_02,5,1783034524.8433018,0.009073575958609581
loss/val_denorm_lead_var/zos/lead_03,5,1783034524.858733,0.011361166834831238
loss/val_denorm_lead_var/zos/lead_04,5,1783034524.8784056,0.013332135044038296
loss/val_denorm_var/siconc,5,1783034524.4636793,0.004558859393000603
loss/val_denorm_var/sithick,5,1783034524.737627,0.00535455159842968
loss/val_denorm_var/so,5,1783034525.0100632,0.015830539166927338
loss/val_denorm_var/thetao,5,1783034524.8922672,0.06364371627569199
loss/val_denorm_var/uo,5,1783034525.0795302,0.012667445465922356
loss/val_denorm_var/vo,5,1783034525.1583126,0.013425263576209545
loss/val_denorm_var/zos,5,1783034524.809417,0.00995536707341671
loss/val_lead/lead_01,5,1783034524.4153662,0.000990588334389031
loss/val_lead/lead_02,5,1783034524.4153852,0.001545653329230845
loss/val_lead/lead_03,5,1783034524.4155867,0.002014756202697754
loss/val_lead/lead_04,5,1783034524.4376516,0.0024336392525583506
loss/val_lead_var/siconc/lead_01,5,1783034524.4689245,0.0024971873499453068
loss/val_lead_var/siconc/lead_02,5,1783034524.4837768,0.004107160959392786
loss/val_lead_var/siconc/lead_03,5,1783034524.698362,0.005321144126355648
loss/val_lead_var/siconc/lead_04,5,1783034524.7116096,0.00630992604419589
loss/val_lead_var/sithick/lead_01,5,1783034524.7425828,0.00038999776006676257
loss/val_lead_var/sithick/lead_02,5,1783034524.7542498,0.0006317984079942107
loss/val_lead_var/sithick/lead_03,5,1783034524.766982,0.0008158715791068971
loss/val_lead_var/sithick/lead_04,5,1783034524.782453,0.0009724951232783496
loss/val_lead_var/so/lead_01,5,1783034525.0146,0.00025204848498106003
loss/val_lead_var/so/lead_02,5,1783034525.026175,0.0004309851210564375
loss/val_lead_var/so/lead_03,5,1783034525.037454,0.0005863257101736963
loss/val_lead_var/so/lead_04,5,1783034525.0502822,0.0007269461639225483
loss/val_lead_var/thetao/lead_01,5,1783034524.896981,0.0009411678183823824
loss/val_lead_var/thetao/lead_02,5,1783034524.9550126,0.0016335053369402885
loss/val_lead_var/thetao/lead_03,5,1783034524.9701195,0.002250225283205509
loss/val_lead_var/thetao/lead_04,5,1783034524.984466,0.0028143413364887238
loss/val_lead_var/uo/lead_01,5,1783034525.086953,0.004142679274082184
loss/val_lead_var/uo/lead_02,5,1783034525.1071494,0.005744272377341986
loss/val_lead_var/uo/lead_03,5,1783034525.1204174,0.007138666696846485
loss/val_lead_var/uo/lead_04,5,1783034525.13392,0.008410601876676083
loss/val_lead_var/vo/lead_01,5,1783034525.1634421,0.004309153649955988
loss/val_lead_var/vo/lead_02,5,1783034525.1793342,0.006128889974206686
loss/val_lead_var/vo/lead_03,5,1783034525.1973338,0.007716080639511347
loss/val_lead_var/vo/lead_04,5,1783034525.215131,0.009158819913864136
loss/val_lead_var/zos/lead_01,5,1783034524.815657,0.001561539713293314
loss/val_lead_var/zos/lead_02,5,1783034524.8331566,0.0023401665966957808
loss/val_lead_var/zos/lead_03,5,1783034524.8479795,0.002930158982053399
loss/val_lead_var/zos/lead_04,5,1783034524.8646364,0.0034384916070848703
loss/val_norm,5,1783034524.415325,0.001746159279718995
loss/val_norm_lead/lead_01,5,1783034524.4153728,0.000990588334389031
loss/val_norm_lead/lead_02,5,1783034524.4153914,0.001545653329230845
loss/val_norm_lead/lead_03,5,1783034524.426661,0.002014756202697754
loss/val_norm_lead/lead_04,5,1783034524.4438925,0.0024336392525583506
loss/val_norm_lead_var/siconc/lead_01,5,1783034524.4738572,0.0024971873499453068
loss/val_norm_lead_var/siconc/lead_02,5,1783034524.4891932,0.004107160959392786
loss/val_norm_lead_var/siconc/lead_03,5,1783034524.7027545,0.005321144126355648
loss/val_norm_lead_var/siconc/lead_04,5,1783034524.716967,0.00630992604419589
loss/val_norm_lead_var/sithick/lead_01,5,1783034524.7465544,0.00038999776006676257
loss/val_norm_lead_var/sithick/lead_02,5,1783034524.7581937,0.0006317984079942107
loss/val_norm_lead_var/sithick/lead_03,5,1783034524.772256,0.0008158715791068971
loss/val_norm_lead_var/sithick/lead_04,5,1783034524.7874458,0.0009724951232783496
loss/val_norm_lead_var/so/lead_01,5,1783034525.018379,0.00025204848498106003
loss/val_norm_lead_var/so/lead_02,5,1783034525.0299497,0.0004309851210564375
loss/val_norm_lead_var/so/lead_03,5,1783034525.041708,0.0005863257101736963
loss/val_norm_lead_var/so/lead_04,5,1783034525.0545468,0.0007269461639225483
loss/val_norm_lead_var/thetao/lead_01,5,1783034524.9023767,0.0009411678183823824
loss/val_norm_lead_var/thetao/lead_02,5,1783034524.9596088,0.0016335053369402885
loss/val_norm_lead_var/thetao/lead_03,5,1783034524.974757,0.002250225283205509
loss/val_norm_lead_var/thetao/lead_04,5,1783034524.9901764,0.0028143413364887238
loss/val_norm_lead_var/uo/lead_01,5,1783034525.0958316,0.004142679274082184
loss/val_norm_lead_var/uo/lead_02,5,1783034525.1125405,0.005744272377341986
loss/val_norm_lead_var/uo/lead_03,5,1783034525.124793,0.007138666696846485
loss/val_norm_lead_var/uo/lead_04,5,1783034525.1386275,0.008410601876676083
loss/val_norm_lead_var/vo/lead_01,5,1783034525.1691859,0.004309153649955988
loss/val_norm_lead_var/vo/lead_02,5,1783034525.1850026,0.006128889974206686
loss/val_norm_lead_var/vo/lead_03,5,1783034525.2039135,0.007716080639511347
loss/val_norm_lead_var/vo/lead_04,5,1783034525.2215638,0.009158819913864136
loss/val_norm_lead_var/zos/lead_01,5,1783034524.8224142,0.001561539713293314
loss/val_norm_lead_var/zos/lead_02,5,1783034524.8383067,0.0023401665966957808
loss/val_norm_lead_var/zos/lead_03,5,1783034524.8533537,0.002930158982053399
loss/val_norm_lead_var/zos/lead_04,5,1783034524.8710253,0.0034384916070848703
loss/val_norm_var/siconc,5,1783034524.45881,0.00455885473638773
loss/val_norm_var/sithick,5,1783034524.733069,0.0007025407394394279
loss/val_norm_var/so,5,1783034525.0057797,0.0004990763845853508
loss/val_norm_var/thetao,5,1783034524.887508,0.0019098100019618869
loss/val_norm_var/uo,5,1783034525.0726638,0.006359055172652006
loss/val_norm_var/vo,5,1783034525.1531978,0.006828235927969217
loss/val_norm_var/zos,5,1783034524.8035984,0.002567589282989502
loss/val_var/siconc,5,1783034524.4541223,0.00455885473638773
loss/val_var/sithick,5,1783034524.7280467,0.0007025407394394279
loss/val_var/so,5,1783034525.0012681,0.0004990763845853508
loss/val_var/thetao,5,1783034524.8831172,0.0019098100019618869
loss/val_var/uo,5,1783034525.0657246,0.006359055172652006
loss/val_var/vo,5,1783034525.1484582,0.006828235927969217
loss/val_var/zos,5,1783034524.7978232,0.002567589282989502
loss/train,6,1783036188.0016499,0.0016003884375095367
loss/train,7,1783037855.4237158,0.0015948798973113298
loss/train,8,1783039524.3625338,0.0015872274525463581
loss/train,9,1783041193.484928,0.0015828764298930764
loss/ema_val,10,1783043260.1328323,0.0016985913971439004
loss/ema_val_denorm,10,1783043260.1328373,0.02429032512009144
loss/train,10,1783042859.7544549,0.001576948445290327
loss/val,10,1783043260.1327066,0.001728524686768651
loss/val_denorm,10,1783043260.1328263,0.024617113173007965
loss/val_denorm_lead/lead_01,10,1783043260.1328523,0.012648590840399265
loss/val_denorm_lead/lead_02,10,1783043260.1328673,0.0212967861443758
loss/val_denorm_lead/lead_03,10,1783043260.14727,0.02883795276284218
loss/val_denorm_lead/lead_04,10,1783043260.1708276,0.03568512573838234
loss/val_denorm_lead_var/siconc/lead_01,10,1783043260.2139978,0.0025138729251921177
loss/val_denorm_lead_var/siconc/lead_02,10,1783043260.2401586,0.004125877749174833
loss/val_denorm_lead_var/siconc/lead_03,10,1783043260.263163,0.005341432522982359
loss/val_denorm_lead_var/siconc/lead_04,10,1783043260.2883005,0.006330719217658043
loss/val_denorm_lead_var/sithick/lead_01,10,1783043260.338072,0.0029832914005964994
loss/val_denorm_lead_var/sithick/lead_02,10,1783043260.3629117,0.004794745240360498
loss/val_denorm_lead_var/sithick/lead_03,10,1783043260.3819268,0.006177916657179594
loss/val_denorm_lead_var/sithick/lead_04,10,1783043260.40215,0.007357570808380842
loss/val_denorm_lead_var/so/lead_01,10,1783043261.0744305,0.00807125773280859
loss/val_denorm_lead_var/so/lead_02,10,1783043261.1031966,0.013686512596905231
loss/val_denorm_lead_var/so/lead_03,10,1783043261.1283436,0.018473539501428604
loss/val_denorm_lead_var/so/lead_04,10,1783043261.1593673,0.022775324061512947
loss/val_denorm_lead_var/thetao/lead_01,10,1783043260.7705345,0.031354814767837524
loss/val_denorm_lead_var/thetao/lead_02,10,1783043260.7866235,0.05414262041449547
loss/val_denorm_lead_var/thetao/lead_03,10,1783043261.0128078,0.0744236558675766
loss/val_denorm_lead_var/thetao/lead_04,10,1783043261.03143,0.09298117458820343
loss/val_denorm_lead_var/uo/lead_01,10,1783043261.2192729,0.008497895672917366
loss/val_denorm_lead_var/uo/lead_02,10,1783043261.2359424,0.011459464207291603
loss/val_denorm_lead_var/uo/lead_03,10,1783043261.252827,0.014048858545720577
loss/val_denorm_lead_var/uo/lead_04,10,1783043261.2678814,0.01643802784383297
loss/val_denorm_lead_var/vo/lead_01,10,1783043261.300618,0.008487687446177006
loss/val_denorm_lead_var/vo/lead_02,10,1783043261.3170736,0.01171791646629572
loss/val_denorm_lead_var/vo/lead_03,10,1783043261.3318012,0.014635685831308365
loss/val_denorm_lead_var/vo/lead_04,10,1783043261.3484583,0.017377614974975586
loss/val_denorm_lead_var/zos/lead_01,10,1783043260.4564342,0.005994676146656275
loss/val_denorm_lead_var/zos/lead_02,10,1783043260.4896195,0.008939951658248901
loss/val_denorm_lead_var/zos/lead_03,10,1783043260.520902,0.011186985298991203
loss/val_denorm_lead_var/zos/lead_04,10,1783043260.5459146,0.013139738701283932
loss/val_denorm_var/siconc,10,1783043260.1899645,0.00457797572016716
loss/val_denorm_var/sithick,10,1783043260.3152926,0.005328380968421698
loss/val_denorm_var/so,10,1783043261.0495095,0.015751658007502556
loss/val_denorm_var/thetao,10,1783043260.760782,0.06322556734085083
loss/val_denorm_var/uo,10,1783043261.192569,0.012611061334609985
loss/val_denorm_var/vo,10,1783043261.28304,0.013054725714027882
loss/val_denorm_var/zos,10,1783043260.4291544,0.0098153380677104
loss/val_lead/lead_01,10,1783043260.1328423,0.000985701335594058
loss/val_lead/lead_02,10,1783043260.1328576,0.0015280479565262794
loss/val_lead/lead_03,10,1783043260.133256,0.0019914822187274694
loss/val_lead/lead_04,10,1783043260.1568818,0.002408867236226797
loss/val_lead_var/siconc/lead_01,10,1783043260.1987445,0.002513870596885681
loss/val_lead_var/siconc/lead_02,10,1783043260.2241106,0.0041258735582232475
loss/val_lead_var/siconc/lead_03,10,1783043260.2489474,0.005341426935046911
loss/val_lead_var/siconc/lead_04,10,1783043260.2704568,0.006330713164061308
loss/val_lead_var/sithick/lead_01,10,1783043260.3225195,0.0003914209664799273
loss/val_lead_var/sithick/lead_02,10,1783043260.348038,0.0006290916935540736
loss/val_lead_var/sithick/lead_03,10,1783043260.3691125,0.0008105698507279158
loss/val_lead_var/sithick/lead_04,10,1783043260.387757,0.0009653456509113312
loss/val_lead_var/so/lead_01,10,1783043261.0580378,0.00025157807976938784
loss/val_lead_var/so/lead_02,10,1783043261.0834136,0.0004291585646569729
loss/val_lead_var/so/lead_03,10,1783043261.111231,0.0005827240529470146
loss/val_lead_var/so/lead_04,10,1783043261.1394327,0.0007218621321953833
loss/val_lead_var/thetao/lead_01,10,1783043260.7628105,0.0009367187158204615
loss/val_lead_var/thetao/lead_02,10,1783043260.775189,0.0016210281755775213
loss/val_lead_var/thetao/lead_03,10,1783043260.9956143,0.002233111299574375
loss/val_lead_var/thetao/lead_04,10,1783043261.0195272,0.0027950159274041653
loss/val_lead_var/uo/lead_01,10,1783043261.2024188,0.004141169600188732
loss/val_lead_var/uo/lead_02,10,1783043261.2240524,0.005694636609405279
loss/val_lead_var/uo/lead_03,10,1783043261.2414649,0.0070779104717075825
loss/val_lead_var/uo/lead_04,10,1783043261.2580755,0.008352906443178654
loss/val_lead_var/vo/lead_01,10,1783043261.287911,0.004236191511154175
loss/val_lead_var/vo/lead_02,10,1783043261.3056643,0.005919056944549084
loss/val_lead_var/vo/lead_03,10,1783043261.3221998,0.007455739192664623
loss/val_lead_var/vo/lead_04,10,1783043261.3349252,0.008899330161511898
loss/val_lead_var/zos/lead_01,10,1783043260.4379573,0.0015460873255506158
loss/val_lead_var/zos/lead_02,10,1783043260.4670632,0.0023057032376527786
loss/val_lead_var/zos/lead_03,10,1783043260.5028288,0.0028852359391748905
loss/val_lead_var/zos/lead_04,10,1783043260.528404,0.0033888707403093576
loss/val_norm,10,1783043260.1328175,0.001728524686768651
loss/val_norm_lead/lead_01,10,1783043260.1328475,0.000985701335594058
loss/val_norm_lead/lead_02,10,1783043260.1328626,0.0015280479565262794
loss/val_norm_lead/lead_03,10,1783043260.139997,0.0019914822187274694
loss/val_norm_lead/lead_04,10,1783043260.1646702,0.002408867236226797
loss/val_norm_lead_var/siconc/lead_01,10,1783043260.2055805,0.002513870596885681
loss/val_norm_lead_var/siconc/lead_02,10,1783043260.2313313,0.0041258735582232475
loss/val_norm_lead_var/siconc/lead_03,10,1783043260.255221,0.005341426935046911
loss/val_norm_lead_var/siconc/lead_04,10,1783043260.279857,0.006330713164061308
loss/val_norm_lead_var/sithick/lead_01,10,1783043260.329273,0.0003914209664799273
loss/val_norm_lead_var/sithick/lead_02,10,1783043260.356868,0.0006290916935540736
loss/val_norm_lead_var/sithick/lead_03,10,1783043260.3758914,0.0008105698507279158
loss/val_norm_lead_var/sithick/lead_04,10,1783043260.3938782,0.0009653456509113312
loss/val_norm_lead_var/so/lead_01,10,1783043261.0663335,0.00025157807976938784
loss/val_norm_lead_var/so/lead_02,10,1783043261.0925615,0.0004291585646569729
loss/val_norm_lead_var/so/lead_03,10,1783043261.1199527,0.0005827240529470146
loss/val_norm_lead_var/so/lead_04,10,1783043261.1492999,0.0007218621321953833
loss/val_norm_lead_var/thetao/lead_01,10,1783043260.765186,0.0009367187158204615
loss/val_norm_lead_var/thetao/lead_02,10,1783043260.7798102,0.0016210281755775213
loss/val_norm_lead_var/thetao/lead_03,10,1783043261.003367,0.002233111299574375
loss/val_norm_lead_var/thetao/lead_04,10,1783043261.0254953,0.0027950159274041653
loss/val_norm_lead_var/uo/lead_01,10,1783043261.21165,0.004141169600188732
loss/val_norm_lead_var/uo/lead_02,10,1783043261.2307322,0.005694636609405279
loss/val_norm_lead_var/uo/lead_03,10,1783043261.2473495,0.0070779104717075825
loss/val_norm_lead_var/uo/lead_04,10,1783043261.2632377,0.008352906443178654
loss/val_norm_lead_var/vo/lead_01,10,1783043261.294389,0.004236191511154175
loss/val_norm_lead_var/vo/lead_02,10,1783043261.3100388,0.005919056944549084
loss/val_norm_lead_var/vo/lead_03,10,1783043261.3265755,0.007455739192664623
loss/val_norm_lead_var/vo/lead_04,10,1783043261.3406866,0.008899330161511898
loss/val_norm_lead_var/zos/lead_01,10,1783043260.4459229,0.0015460873255506158
loss/val_norm_lead_var/zos/lead_02,10,1783043260.477514,0.0023057032376527786
loss/val_norm_lead_var/zos/lead_03,10,1783043260.5119984,0.0028852359391748905
loss/val_norm_lead_var/zos/lead_04,10,1783043260.53859,0.0033888707403093576
loss/val_norm_var/siconc,10,1783043260.184058,0.004577971063554287
loss/val_norm_var/sithick,10,1783043260.3066964,0.0006991070113144815
loss/val_norm_var/so,10,1783043261.0435474,0.0004963307292200625
loss/val_norm_var/thetao,10,1783043260.7596118,0.0018964685732498765
loss/val_norm_var/uo,10,1783043261.1826992,0.006316655781120062
loss/val_norm_var/vo,10,1783043261.2776127,0.006627579219639301
loss/val_norm_var/zos,10,1783043260.4212992,0.0025314742233604193
loss/val_var/siconc,10,1783043260.1772432,0.004577971063554287
loss/val_var/sithick,10,1783043260.2981079,0.0006991070113144815
loss/val_var/so,10,1783043261.0366774,0.0004963307292200625
loss/val_var/thetao,10,1783043260.756351,0.0018964685732498765
loss/val_var/uo,10,1783043261.1714554,0.006316655781120062
loss/val_var/vo,10,1783043261.2735038,0.006627579219639301
loss/val_var/zos,10,1783043260.4121997,0.0025314742233604193
loss/train,11,1783044928.8977392,0.0015694116009399295
loss/train,12,1783046596.5760381,0.0015634845476597548
loss/train,13,1783048267.918102,0.0015570296673104167
loss/train,14,1783049937.1560125,0.0015531003009527922
loss/ema_val,15,1783052007.9967778,0.0016732239164412022
loss/ema_val_denorm,15,1783052007.9967828,0.02403532713651657
loss/train,15,1783051607.2411122,0.0015462058363482356
loss/val,15,1783052007.9967096,0.0017004854744300246
loss/val_denorm,15,1783052007.996772,0.024313481524586678
loss/val_denorm_lead/lead_01,15,1783052007.9967983,0.012530269101262093
loss/val_denorm_lead/lead_02,15,1783052007.9968128,0.021025631576776505
loss/val_denorm_lead/lead_03,15,1783052008.0052466,0.028461413457989693
loss/val_denorm_lead/lead_04,15,1783052008.01861,0.03523661196231842
loss/val_denorm_lead_var/siconc/lead_01,15,1783052008.0438197,0.0025295212399214506
loss/val_denorm_lead_var/siconc/lead_02,15,1783052008.0531695,0.004160634241998196
loss/val_denorm_lead_var/siconc/lead_03,15,1783052008.062159,0.005392518360167742
loss/val_denorm_lead_var/siconc/lead_04,15,1783052008.2727985,0.0063926768489181995
loss/val_denorm_lead_var/sithick/lead_01,15,1783052008.2926397,0.002961693797260523
loss/val_denorm_lead_var/sithick/lead_02,15,1783052008.2996392,0.004739874973893166
loss/val_denorm_lead_var/sithick/lead_03,15,1783052008.3082685,0.006098469719290733
loss/val_denorm_lead_var/sithick/lead_04,15,1783052008.313763,0.0072569530457258224
loss/val_denorm_lead_var/so/lead_01,15,1783052008.6669154,0.008047124370932579
loss/val_denorm_lead_var/so/lead_02,15,1783052008.6816957,0.013605508022010326
loss/val_denorm_lead_var/so/lead_03,15,1783052008.6899948,0.018341809511184692
loss/val_denorm_lead_var/so/lead_04,15,1783052008.6988819,0.02260189689695835
loss/val_denorm_lead_var/thetao/lead_01,15,1783052008.3803284,0.030970441177487373
loss/val_denorm_lead_var/thetao/lead_02,15,1783052008.4010775,0.05334369093179703
loss/val_denorm_lead_var/thetao/lead_03,15,1783052008.417612,0.07334423810243607
loss/val_denorm_lead_var/thetao/lead_04,15,1783052008.439053,0.09172852337360382
loss/val_denorm_lead_var/uo/lead_01,15,1783052008.7120986,0.008340117521584034
loss/val_denorm_lead_var/uo/lead_02,15,1783052008.7155552,0.011072536930441856
loss/val_denorm_lead_var/uo/lead_03,15,1783052008.720965,0.013559721410274506
loss/val_denorm_lead_var/uo/lead_04,15,1783052008.729883,0.015894146636128426
loss/val_denorm_lead_var/vo/lead_01,15,1783052008.7490566,0.008377408608794212
loss/val_denorm_lead_var/vo/lead_02,15,1783052008.7566147,0.011380252428352833
loss/val_denorm_lead_var/vo/lead_03,15,1783052008.7650726,0.014177295379340649
loss/val_denorm_lead_var/vo/lead_04,15,1783052008.7687433,0.016836104914546013
loss/val_denorm_lead_var/zos/lead_01,15,1783052008.331643,0.0059379334561526775
loss/val_denorm_lead_var/zos/lead_02,15,1783052008.3420866,0.008789585903286934
loss/val_denorm_lead_var/zos/lead_03,15,1783052008.3508794,0.010969755239784718
loss/val_denorm_lead_var/zos/lead_04,15,1783052008.3591666,0.012859190814197063
loss/val_denorm_var/siconc,15,1783052008.0324547,0.004618837498128414
loss/val_denorm_var/sithick,15,1783052008.283913,0.005264247767627239
loss/val_denorm_var/so,15,1783052008.4477475,0.015649084001779556
loss/val_denorm_var/thetao,15,1783052008.367555,0.062346722930669785
loss/val_denorm_var/uo,15,1783052008.7062352,0.012216630391776562
loss/val_denorm_var/vo,15,1783052008.7396102,0.012692765332758427
loss/val_denorm_var/zos,15,1783052008.322164,0.009639116935431957
loss/val_lead/lead_01,15,1783052007.9967885,0.0009751978795975447
loss/val_lead/lead_02,15,1783052007.9968033,0.0015019919956102967
loss/val_lead/lead_03,15,1783052007.9970636,0.0019566453993320465
loss/val_lead/lead_04,15,1783052008.0102487,0.0023681065067648888
loss/val_lead_var/siconc/lead_01,15,1783052008.0361204,0.0025295186787843704
loss/val_lead_var/siconc/lead_02,15,1783052008.046973,0.004160630516707897
loss/val_lead_var/siconc/lead_03,15,1783052008.0563502,0.005392512772232294
loss/val_lead_var/siconc/lead_04,15,1783052008.0652843,0.006392670329660177
loss/val_lead_var/sithick/lead_01,15,1783052008.2872684,0.00038858724292367697
loss/val_lead_var/sithick/lead_02,15,1783052008.294778,0.0006218924536369741
loss/val_lead_var/sithick/lead_03,15,1783052008.3021104,0.0008001460810191929
loss/val_lead_var/sithick/lead_04,15,1783052008.3102953,0.0009521441534161568
loss/val_lead_var/so/lead_01,15,1783052008.4504523,0.0002508823527023196
loss/val_lead_var/so/lead_02,15,1783052008.6744573,0.0004268147167749703
loss/val_lead_var/so/lead_03,15,1783052008.6845734,0.0005789185524918139
loss/val_lead_var/so/lead_04,15,1783052008.6929972,0.0007168660522438586
loss/val_lead_var/thetao/lead_01,15,1783052008.3713121,0.0009246926638297737
loss/val_lead_var/thetao/lead_02,15,1783052008.3853452,0.0015965355560183525
loss/val_lead_var/thetao/lead_03,15,1783052008.407371,0.002200267044827342
loss/val_lead_var/thetao/lead_04,15,1783052008.4257064,0.0027570289094001055
loss/val_lead_var/uo/lead_01,15,1783052008.7085824,0.0040557193569839
loss/val_lead_var/uo/lead_02,15,1783052008.7135317,0.005494756158441305
loss/val_lead_var/uo/lead_03,15,1783052008.7166848,0.00682454789057374
loss/val_lead_var/uo/lead_04,15,1783052008.7240934,0.008071173913776875
loss/val_lead_var/vo/lead_01,15,1783052008.7421095,0.004174876492470503
loss/val_lead_var/vo/lead_02,15,1783052008.7522478,0.005742446985095739
loss/val_lead_var/vo/lead_03,15,1783052008.759012,0.007216187193989754
loss/val_lead_var/vo/lead_04,15,1783052008.766849,0.008617580868303776
loss/val_lead_var/zos/lead_01,15,1783052008.3250515,0.0015314527554437518
loss/val_lead_var/zos/lead_02,15,1783052008.335403,0.002266922499984503
loss/val_lead_var/zos/lead_03,15,1783052008.344757,0.0028292101342231035
loss/val_lead_var/zos/lead_04,15,1783052008.35413,0.0033165146596729755
loss/val_norm,15,1783052007.9967635,0.0017004854744300246
loss/val_norm_lead/lead_01,15,1783052007.9967933,0.0009751978795975447
loss/val_norm_lead/lead_02,15,1783052007.996808,0.0015019919956102967
loss/val_norm_lead/lead_03,15,1783052008.0011792,0.0019566453993320465
loss/val_norm_lead/lead_04,15,1783052008.014607,0.0023681065067648888
loss/val_norm_lead_var/siconc/lead_01,15,1783052008.039909,0.0025295186787843704
loss/val_norm_lead_var/siconc/lead_02,15,1783052008.0503836,0.004160630516707897
loss/val_norm_lead_var/siconc/lead_03,15,1783052008.059169,0.005392512772232294
loss/val_norm_lead_var/siconc/lead_04,15,1783052008.2692575,0.006392670329660177
loss/val_norm_lead_var/sithick/lead_01,15,1783052008.2901607,0.00038858724292367697
loss/val_norm_lead_var/sithick/lead_02,15,1783052008.2971914,0.0006218924536369741
loss/val_norm_lead_var/sithick/lead_03,15,1783052008.3047695,0.0008001460810191929
loss/val_norm_lead_var/sithick/lead_04,15,1783052008.3120277,0.0009521441534161568
loss/val_norm_lead_var/so/lead_01,15,1783052008.6578643,0.0002508823527023196
loss/val_norm_lead_var/so/lead_02,15,1783052008.67794,0.0004268147167749703
loss/val_norm_lead_var/so/lead_03,15,1783052008.6878626,0.0005789185524918139
loss/val_norm_lead_var/so/lead_04,15,1783052008.696069,0.0007168660522438586
loss/val_norm_lead_var/thetao/lead_01,15,1783052008.375869,0.0009246926638297737
loss/val_norm_lead_var/thetao/lead_02,15,1783052008.3930762,0.0015965355560183525
loss/val_norm_lead_var/thetao/lead_03,15,1783052008.4113908,0.002200267044827342
loss/val_norm_lead_var/thetao/lead_04,15,1783052008.4346364,0.0027570289094001055
loss/val_norm_lead_var/uo/lead_01,15,1783052008.7103875,0.0040557193569839
loss/val_norm_lead_var/uo/lead_02,15,1783052008.7146406,0.005494756158441305
loss/val_norm_lead_var/uo/lead_03,15,1783052008.7188458,0.00682454789057374
loss/val_norm_lead_var/uo/lead_04,15,1783052008.7263799,0.008071173913776875
loss/val_norm_lead_var/vo/lead_01,15,1783052008.7456698,0.004174876492470503
loss/val_norm_lead_var/vo/lead_02,15,1783052008.7545846,0.005742446985095739
loss/val_norm_lead_var/vo/lead_03,15,1783052008.761772,0.007216187193989754
loss/val_norm_lead_var/vo/lead_04,15,1783052008.7678661,0.008617580868303776
loss/val_norm_lead_var/zos/lead_01,15,1783052008.328456,0.0015314527554437518
loss/val_norm_lead_var/zos/lead_02,15,1783052008.3391173,0.002266922499984503
loss/val_norm_lead_var/zos/lead_03,15,1783052008.347556,0.0028292101342231035
loss/val_norm_lead_var/zos/lead_04,15,1783052008.3565125,0.0033165146596729755
loss/val_norm_var/siconc,15,1783052008.027878,0.004618833307176828
loss/val_norm_var/sithick,15,1783052008.280278,0.0006906924536451697
loss/val_norm_var/so,15,1783052008.4451656,0.0004933704040013254
loss/val_norm_var/thetao,15,1783052008.3650782,0.0018696311162784696
loss/val_norm_var/uo,15,1783052008.703838,0.006111549213528633
loss/val_norm_var/vo,15,1783052008.7366202,0.006437772884964943
loss/val_norm_var/zos,15,1783052008.3197117,0.002486024983227253
loss/val_var/siconc,15,1783052008.0230036,0.004618833307176828
loss/val_var/sithick,15,1783052008.276125,0.0006906924536451697
loss/val_var/so,15,1783052008.4425511,0.0004933704040013254
loss/val_var/thetao,15,1783052008.3628893,0.0018696311162784696
loss/val_var/uo,15,1783052008.7017066,0.006111549213528633
loss/val_var/vo,15,1783052008.7334542,0.006437772884964943
loss/val_var/zos,15,1783052008.3168042,0.002486024983227253
loss/train,16,1783053679.5742564,0.0015433182707056403
loss/train,17,1783055348.0910249,0.00153833138756454
loss/train,18,1783057019.934989,0.0015361341647803783
loss/train,19,1783058694.0872571,0.0015317625366151333
loss/ema_val,20,1783060766.3470037,0.001657375367358327
loss/ema_val_denorm,20,1783060766.347009,0.023870671167969704
loss/train,20,1783060365.3185594,0.0015298491343855858
loss/val,20,1783060766.3469455,0.0016887596575543284
loss/val_denorm,20,1783060766.3469975,0.02414811961352825
loss/val_denorm_lead/lead_01,20,1783060766.3470244,0.01247328706085682
loss/val_denorm_lead/lead_02,20,1783060766.3470385,0.020896930247545242
loss/val_denorm_lead/lead_03,20,1783060766.3557196,0.028253832831978798
loss/val_denorm_lead/lead_04,20,1783060766.3682923,0.034968432039022446
loss/val_denorm_lead_var/siconc/lead_01,20,1783060766.3915768,0.0025331152137368917
loss/val_denorm_lead_var/siconc/lead_02,20,1783060766.4030046,0.004166427068412304
loss/val_denorm_lead_var/siconc/lead_03,20,1783060766.4173217,0.005397017113864422
loss/val_denorm_lead_var/siconc/lead_04,20,1783060766.4314194,0.006390566471964121
loss/val_denorm_lead_var/sithick/lead_01,20,1783060766.459596,0.0029864341486245394
loss/val_denorm_lead_var/sithick/lead_02,20,1783060766.4734921,0.00477453600615263
loss/val_denorm_lead_var/sithick/lead_03,20,1783060766.4870393,0.006144477520138025
loss/val_denorm_lead_var/sithick/lead_04,20,1783060766.5020692,0.007309540640562773
loss/val_denorm_lead_var/so/lead_01,20,1783060767.3421414,0.008029929362237453
loss/val_denorm_lead_var/so/lead_02,20,1783060767.3534884,0.013551506213843822
loss/val_denorm_lead_var/so/lead_03,20,1783060767.3678513,0.01824604533612728
loss/val_denorm_lead_var/so/lead_04,20,1783060767.38164,0.022470759227871895
loss/val_denorm_lead_var/thetao/lead_01,20,1783060767.0599673,0.03076222725212574
loss/val_denorm_lead_var/thetao/lead_02,20,1783060767.075059,0.052934832870960236
loss/val_denorm_lead_var/thetao/lead_03,20,1783060767.0913868,0.07271428406238556
loss/val_denorm_lead_var/thetao/lead_04,20,1783060767.1069527,0.09092536568641663
loss/val_denorm_lead_var/uo/lead_01,20,1783060767.412094,0.008330191485583782
loss/val_denorm_lead_var/uo/lead_02,20,1783060767.4270105,0.011013519018888474
loss/val_denorm_lead_var/uo/lead_03,20,1783060767.4399285,0.013426732271909714
loss/val_denorm_lead_var/uo/lead_04,20,1783060767.451757,0.01570480316877365
loss/val_denorm_lead_var/vo/lead_01,20,1783060767.6840148,0.008304598741233349
loss/val_denorm_lead_var/vo/lead_02,20,1783060767.699457,0.011217370629310608
loss/val_denorm_lead_var/vo/lead_03,20,1783060767.7140348,0.013943023979663849
loss/val_denorm_lead_var/vo/lead_04,20,1783060767.7283864,0.01657492108643055
loss/val_denorm_lead_var/zos/lead_01,20,1783060766.5247269,0.005949655082076788
loss/val_denorm_lead_var/zos/lead_02,20,1783060766.804932,0.00876559130847454
loss/val_denorm_lead_var/zos/lead_03,20,1783060766.8190482,0.010913224890828133
loss/val_denorm_lead_var/zos/lead_04,20,1783060766.8315556,0.012798348441720009
loss/val_denorm_var/siconc,20,1783060766.3800883,0.004621781408786774
loss/val_denorm_var/sithick,20,1783060766.445559,0.005303747020661831
loss/val_denorm_var/so,20,1783060767.1241658,0.015574559569358826
loss/val_denorm_var/thetao,20,1783060766.8437939,0.0618341788649559
loss/val_denorm_var/uo,20,1783060767.3973694,0.012118811719119549
loss/val_denorm_var/vo,20,1783060767.6680596,0.012509978376328945
loss/val_denorm_var/zos,20,1783060766.5136204,0.00960670504719019
loss/val_lead/lead_01,20,1783060766.3470147,0.0009716860949993134
loss/val_lead/lead_02,20,1783060766.347029,0.0014928843593224883
loss/val_lead/lead_03,20,1783060766.347291,0.0019415098940953612
loss/val_lead/lead_04,20,1783060766.3601797,0.002348958281800151
loss/val_lead_var/siconc/lead_01,20,1783060766.383785,0.0025331126525998116
loss/val_lead_var/siconc/lead_02,20,1783060766.3953333,0.004166422877460718
loss/val_lead_var/siconc/lead_03,20,1783060766.40795,0.005397011525928974
loss/val_lead_var/siconc/lead_04,20,1783060766.4222362,0.006390560418367386
loss/val_lead_var/sithick/lead_01,20,1783060766.4502487,0.0003918333095498383
loss/val_lead_var/sithick/lead_02,20,1783060766.4642055,0.0006264401599764824
loss/val_lead_var/sithick/lead_03,20,1783060766.4775777,0.0008061824482865632
loss/val_lead_var/sithick/lead_04,20,1783060766.4928143,0.0009590439149178565
loss/val_lead_var/so/lead_01,20,1783060767.1309454,0.00025018828455358744
loss/val_lead_var/so/lead_02,20,1783060767.3461666,0.0004248887416906655
loss/val_lead_var/so/lead_03,20,1783060767.3578537,0.000575624406337738
loss/val_lead_var/so/lead_04,20,1783060767.3723967,0.0007124143885448575
loss/val_lead_var/thetao/lead_01,20,1783060766.847723,0.0009182020439766347
loss/val_lead_var/thetao/lead_02,20,1783060767.0645812,0.001584130572155118
loss/val_lead_var/thetao/lead_03,20,1783060767.080658,0.00218121986836195
loss/val_lead_var/thetao/lead_04,20,1783060767.0963824,0.00273273978382349
loss/val_lead_var/uo/lead_01,20,1783060767.4020293,0.004043131601065397
loss/val_lead_var/uo/lead_02,20,1783060767.4171531,0.005457742139697075
loss/val_lead_var/uo/lead_03,20,1783060767.4319985,0.006751033011823893
loss/val_lead_var/uo/lead_04,20,1783060767.4440334,0.007969320751726627
loss/val_lead_var/vo/lead_01,20,1783060767.6733797,0.004136734176427126
loss/val_lead_var/vo/lead_02,20,1783060767.6890466,0.005659326910972595
loss/val_lead_var/vo/lead_03,20,1783060767.7043147,0.007097763009369373
loss/val_lead_var/vo/lead_04,20,1783060767.7185798,0.008485555648803711
loss/val_lead_var/zos/lead_01,20,1783060766.5177875,0.0015344758285209537
loss/val_lead_var/zos/lead_02,20,1783060766.5914853,0.0022607343271374702
loss/val_lead_var/zos/lead_03,20,1783060766.8097782,0.002814630512148142
loss/val_lead_var/zos/lead_04,20,1783060766.8232062,0.0033008228056132793
loss/val_norm,20,1783060766.3469896,0.0016887596575543284
loss/val_norm_lead/lead_01,20,1783060766.3470194,0.0009716860949993134
loss/val_norm_lead/lead_02,20,1783060766.3470335,0.0014928843593224883
loss/val_norm_lead/lead_03,20,1783060766.3516307,0.0019415098940953612
loss/val_norm_lead/lead_04,20,1783060766.3641894,0.002348958281800151
loss/val_norm_lead_var/siconc/lead_01,20,1783060766.3875003,0.0025331126525998116
loss/val_norm_lead_var/siconc/lead_02,20,1783060766.3993058,0.004166422877460718
loss/val_norm_lead_var/siconc/lead_03,20,1783060766.412659,0.005397011525928974
loss/val_norm_lead_var/siconc/lead_04,20,1783060766.4269972,0.006390560418367386
loss/val_norm_lead_var/sithick/lead_01,20,1783060766.4548151,0.0003918333095498383
loss/val_norm_lead_var/sithick/lead_02,20,1783060766.4687011,0.0006264401599764824
loss/val_norm_lead_var/sithick/lead_03,20,1783060766.4819908,0.0008061824482865632
loss/val_norm_lead_var/sithick/lead_04,20,1783060766.4977386,0.0009590439149178565
loss/val_norm_lead_var/so/lead_01,20,1783060767.3378232,0.00025018828455358744
loss/val_norm_lead_var/so/lead_02,20,1783060767.349952,0.0004248887416906655
loss/val_norm_lead_var/so/lead_03,20,1783060767.3629098,0.000575624406337738
loss/val_norm_lead_var/so/lead_04,20,1783060767.3767586,0.0007124143885448575
loss/val_norm_lead_var/thetao/lead_01,20,1783060767.054844,0.0009182020439766347
loss/val_norm_lead_var/thetao/lead_02,20,1783060767.0699072,0.001584130572155118
loss/val_norm_lead_var/thetao/lead_03,20,1783060767.0860374,0.00218121986836195
loss/val_norm_lead_var/thetao/lead_04,20,1783060767.1014192,0.00273273978382349
loss/val_norm_lead_var/uo/lead_01,20,1783060767.4068675,0.004043131601065397
loss/val_norm_lead_var/uo/lead_02,20,1783060767.4220378,0.005457742139697075
loss/val_norm_lead_var/uo/lead_03,20,1783060767.435995,0.006751033011823893
loss/val_norm_lead_var/uo/lead_04,20,1783060767.4478512,0.007969320751726627
loss/val_norm_lead_var/vo/lead_01,20,1783060767.6787145,0.004136734176427126
loss/val_norm_lead_var/vo/lead_02,20,1783060767.6948185,0.005659326910972595
loss/val_norm_lead_var/vo/lead_03,20,1783060767.7090983,0.007097763009369373
loss/val_norm_lead_var/vo/lead_04,20,1783060767.7234888,0.008485555648803711
loss/val_norm_lead_var/zos/lead_01,20,1783060766.5217392,0.0015344758285209537
loss/val_norm_lead_var/zos/lead_02,20,1783060766.596422,0.0022607343271374702
loss/val_norm_lead_var/zos/lead_03,20,1783060766.81468,0.002814630512148142
loss/val_norm_lead_var/zos/lead_04,20,1783060766.8271677,0.0033008228056132793
loss/val_norm_var/siconc,20,1783060766.376387,0.004621776752173901
loss/val_norm_var/sithick,20,1783060766.4405825,0.0006958749727346003
loss/val_norm_var/so,20,1783060767.118418,0.0004907789407297969
loss/val_norm_var/thetao,20,1783060766.840178,0.0018540731398388743
loss/val_norm_var/uo,20,1783060767.392604,0.006055306643247604
loss/val_norm_var/vo,20,1783060767.6627736,0.006344845052808523
loss/val_norm_var/zos,20,1783060766.5098088,0.0024776658974587917
loss/val_var/siconc,20,1783060766.3723342,0.004621776752173901
loss/val_var/sithick,20,1783060766.435954,0.0006958749727346003
loss/val_var/so,20,1783060767.1127806,0.0004907789407297969
loss/val_var/thetao,20,1783060766.8360527,0.0018540731398388743
loss/val_var/uo,20,1783060767.3871996,0.006055306643247604
loss/val_var/vo,20,1783060767.4553337,0.006344845052808523
loss/val_var/zos,20,1783060766.5058987,0.0024776658974587917
loss/train,21,1783062440.7397707,0.0015254933387041092
loss/train,22,1783064118.741342,0.001523308688774705
loss/train,23,1783065802.540696,0.0015214337036013603
loss/train,24,1783067484.3902502,0.0015180277405306697
loss/ema_val,25,1783069570.8486717,0.0016465180087834597
loss/ema_val_denorm,25,1783069570.8486774,0.023747757077217102
loss/train,25,1783069169.689464,0.0015176695305854082
loss/val,25,1783069570.8486116,0.0016727512702345848
loss/val_denorm,25,1783069570.8486657,0.024018222466111183
loss/val_denorm_lead/lead_01,25,1783069570.8486924,0.012416081503033638
loss/val_denorm_lead/lead_02,25,1783069570.8487084,0.020793937146663666
loss/val_denorm_lead/lead_03,25,1783069570.8641605,0.02809598110616207
loss/val_denorm_lead/lead_04,25,1783069570.886555,0.03476689010858536
loss/val_denorm_lead_var/siconc/lead_01,25,1783069570.9258947,0.002486522775143385
loss/val_denorm_lead_var/siconc/lead_02,25,1783069570.9384592,0.004079126287251711
loss/val_denorm_lead_var/siconc/lead_03,25,1783069570.9586186,0.005275408737361431
loss/val_denorm_lead_var/siconc/lead_04,25,1783069570.9787316,0.006241057068109512
loss/val_denorm_lead_var/sithick/lead_01,25,1783069571.2118602,0.002927722642198205
loss/val_denorm_lead_var/sithick/lead_02,25,1783069571.2238512,0.004647578112781048
loss/val_denorm_lead_var/sithick/lead_03,25,1783069571.2442887,0.005963760428130627
loss/val_denorm_lead_var/sithick/lead_04,25,1783069571.266612,0.007088205311447382
loss/val_denorm_lead_var/so/lead_01,25,1783069571.6920478,0.008018476888537407
loss/val_denorm_lead_var/so/lead_02,25,1783069571.7010748,0.01351135317236185
loss/val_denorm_lead_var/so/lead_03,25,1783069571.7108905,0.018180400133132935
loss/val_denorm_lead_var/so/lead_04,25,1783069571.924291,0.02238468825817108
loss/val_denorm_lead_var/thetao/lead_01,25,1783069571.6303678,0.0306117981672287
loss/val_denorm_lead_var/thetao/lead_02,25,1783069571.6422443,0.052701111882925034
loss/val_denorm_lead_var/thetao/lead_03,25,1783069571.653103,0.0723452940583229
loss/val_denorm_lead_var/thetao/lead_04,25,1783069571.665945,0.09045066684484482
loss/val_denorm_lead_var/uo/lead_01,25,1783069571.9568877,0.008219832554459572
loss/val_denorm_lead_var/uo/lead_02,25,1783069571.9749303,0.010858803056180477
loss/val_denorm_lead_var/uo/lead_03,25,1783069571.9859989,0.013261995278298855
loss/val_denorm_lead_var/uo/lead_04,25,1783069571.994377,0.015544261783361435
loss/val_denorm_lead_var/vo/lead_01,25,1783069572.0195873,0.00833941251039505
loss/val_denorm_lead_var/vo/lead_02,25,1783069572.035879,0.011253923177719116
loss/val_denorm_lead_var/vo/lead_03,25,1783069572.0572278,0.013958198018372059
loss/val_denorm_lead_var/vo/lead_04,25,1783069572.0715418,0.016552139073610306
loss/val_denorm_lead_var/zos/lead_01,25,1783069571.3745544,0.005867199040949345
loss/val_denorm_lead_var/zos/lead_02,25,1783069571.588201,0.008642368018627167
loss/val_denorm_lead_var/zos/lead_03,25,1783069571.5977876,0.010740012861788273
loss/val_denorm_lead_var/zos/lead_04,25,1783069571.6078734,0.012582703493535519
loss/val_denorm_var/siconc,25,1783069570.9079516,0.004520528484135866
loss/val_denorm_var/sithick,25,1783069571.1986437,0.005156816449016333
loss/val_denorm_var/so,25,1783069571.6796215,0.015523729845881462
loss/val_denorm_var/thetao,25,1783069571.620002,0.06152721866965294
loss/val_denorm_var/uo,25,1783069571.9414742,0.011971223168075085
loss/val_denorm_var/vo,25,1783069572.0058486,0.012525917962193489
loss/val_denorm_var/zos,25,1783069571.3548229,0.009458070620894432
loss/val_lead/lead_01,25,1783069570.8486824,0.0009638635092414916
loss/val_lead/lead_02,25,1783069570.8486974,0.001479190425015986
loss/val_lead/lead_03,25,1783069570.8488688,0.0019224375719204545
loss/val_lead/lead_04,25,1783069570.8707263,0.0023255134001374245
loss/val_lead_var/siconc/lead_01,25,1783069570.9147866,0.0024865204468369484
loss/val_lead_var/siconc/lead_02,25,1783069570.9290268,0.004079122096300125
loss/val_lead_var/siconc/lead_03,25,1783069570.9434958,0.005275403615087271
loss/val_lead_var/siconc/lead_04,25,1783069570.9654403,0.00624105054885149
loss/val_lead_var/sithick/lead_01,25,1783069571.2050624,0.00038413010770455003
loss/val_lead_var/sithick/lead_02,25,1783069571.215835,0.0006097826990298927
loss/val_lead_var/sithick/lead_03,25,1783069571.230416,0.0007824716158211231
loss/val_lead_var/sithick/lead_04,25,1783069571.2509553,0.0009300037636421621
loss/val_lead_var/so/lead_01,25,1783069571.6844406,0.00024979011504910886
loss/val_lead_var/so/lead_02,25,1783069571.6938813,0.00042350610601715744
loss/val_lead_var/so/lead_03,25,1783069571.7054732,0.0005733809666708112
loss/val_lead_var/so/lead_04,25,1783069571.713579,0.000709516229107976
loss/val_lead_var/thetao/lead_01,25,1783069571.624042,0.0009132134728133678
loss/val_lead_var/thetao/lead_02,25,1783069571.6347034,0.001576321548782289
loss/val_lead_var/thetao/lead_03,25,1783069571.6462996,0.002169143408536911
loss/val_lead_var/thetao/lead_04,25,1783069571.6560504,0.00271749054081738
loss/val_lead_var/uo/lead_01,25,1783069571.9468253,0.003985716961324215
loss/val_lead_var/uo/lead_02,25,1783069571.9625835,0.005374466069042683
loss/val_lead_var/uo/lead_03,25,1783069571.9781773,0.006662157829850912
loss/val_lead_var/uo/lead_04,25,1783069571.9889972,0.007883187383413315
loss/val_lead_var/vo/lead_01,25,1783069572.0103486,0.00414878549054265
loss/val_lead_var/vo/lead_02,25,1783069572.0259967,0.0056693414226174355
loss/val_lead_var/vo/lead_03,25,1783069572.0423665,0.0070954421535134315
loss/val_lead_var/vo/lead_04,25,1783069572.0629623,0.00846386794000864
loss/val_lead_var/zos/lead_01,25,1783069571.3619175,0.0015132095431908965
loss/val_lead_var/zos/lead_02,25,1783069571.581493,0.002228953642770648
loss/val_lead_var/zos/lead_03,25,1783069571.5918946,0.0027699570637196302
loss/val_lead_var/zos/lead_04,25,1783069571.6011834,0.003245205618441105
loss/val_norm,25,1783069570.8486571,0.0016727512702345848
loss/val_norm_lead/lead_01,25,1783069570.8486874,0.0009638635092414916
loss/val_norm_lead/lead_02,25,1783069570.8487022,0.001479190425015986
loss/val_norm_lead/lead_03,25,1783069570.85806,0.0019224375719204545
loss/val_norm_lead/lead_04,25,1783069570.8781273,0.0023255134001374245
loss/val_norm_lead_var/siconc/lead_01,25,1783069570.92182,0.0024865204468369484
loss/val_norm_lead_var/siconc/lead_02,25,1783069570.9336574,0.004079122096300125
loss/val_norm_lead_var/siconc/lead_03,25,1783069570.9510927,0.005275403615087271
loss/val_norm_lead_var/siconc/lead_04,25,1783069570.9721353,0.00624105054885149
loss/val_norm_lead_var/sithick/lead_01,25,1783069571.2090454,0.00038413010770455003
loss/val_norm_lead_var/sithick/lead_02,25,1783069571.2198584,0.0006097826990298927
loss/val_norm_lead_var/sithick/lead_03,25,1783069571.2378285,0.0007824716158211231
loss/val_norm_lead_var/sithick/lead_04,25,1783069571.2577238,0.0009300037636421621
loss/val_norm_lead_var/so/lead_01,25,1783069571.6878002,0.00024979011504910886
loss/val_norm_lead_var/so/lead_02,25,1783069571.6961775,0.00042350610601715744
loss/val_norm_lead_var/so/lead_03,25,1783069571.7081304,0.0005733809666708112
loss/val_norm_lead_var/so/lead_04,25,1783069571.718264,0.000709516229107976
loss/val_norm_lead_var/thetao/lead_01,25,1783069571.6275818,0.0009132134728133678
loss/val_norm_lead_var/thetao/lead_02,25,1783069571.6378562,0.001576321548782289
loss/val_norm_lead_var/thetao/lead_03,25,1783069571.6498659,0.002169143408536911
loss/val_norm_lead_var/thetao/lead_04,25,1783069571.6596994,0.00271749054081738
loss/val_norm_lead_var/uo/lead_01,25,1783069571.951864,0.003985716961324215
loss/val_norm_lead_var/uo/lead_02,25,1783069571.9692516,0.005374466069042683
loss/val_norm_lead_var/uo/lead_03,25,1783069571.9817348,0.006662157829850912
loss/val_norm_lead_var/uo/lead_04,25,1783069571.991806,0.007883187383413315
loss/val_norm_lead_var/vo/lead_01,25,1783069572.0146832,0.00414878549054265
loss/val_norm_lead_var/vo/lead_02,25,1783069572.0313244,0.0056693414226174355
loss/val_norm_lead_var/vo/lead_03,25,1783069572.0488718,0.0070954421535134315
loss/val_norm_lead_var/vo/lead_04,25,1783069572.0676618,0.00846386794000864
loss/val_norm_lead_var/zos/lead_01,25,1783069571.3683124,0.0015132095431908965
loss/val_norm_lead_var/zos/lead_02,25,1783069571.585197,0.002228953642770648
loss/val_norm_lead_var/zos/lead_03,25,1783069571.5948255,0.0027699570637196302
loss/val_norm_lead_var/zos/lead_04,25,1783069571.6047027,0.003245205618441105
loss/val_norm_var/siconc,25,1783069570.8998353,0.00452052429318428
loss/val_norm_var/sithick,25,1783069571.193632,0.0006765970611013472
loss/val_norm_var/so,25,1783069571.6740992,0.0004890483687631786
loss/val_norm_var/thetao,25,1783069571.614725,0.0018440423300489783
loss/val_norm_var/uo,25,1783069571.9349802,0.005976382177323103
loss/val_norm_var/vo,25,1783069572.0015314,0.006344359368085861
loss/val_norm_var/zos,25,1783069571.3516688,0.0024393314961344004
loss/val_var/siconc,25,1783069570.8928735,0.00452052429318428
loss/val_var/sithick,25,1783069570.985271,0.0006765970611013472
loss/val_var/so,25,1783069571.670549,0.0004890483687631786
loss/val_var/thetao,25,1783069571.6112597,0.0018440423300489783
loss/val_var/uo,25,1783069571.9316895,0.005976382177323103
loss/val_var/vo,25,1783069571.9976606,0.006344359368085861
loss/val_var/zos,25,1783069571.273851,0.0024393314961344004
loss/train,26,1783071256.2941031,0.0015156068839132786
loss/train,27,1783072940.3621395,0.0015131490072235465
loss/train,28,1783074623.334166,0.0015111402608454227
loss/train,29,1783076303.05498,0.0015102473553270102
loss/ema_val,30,1783078387.948137,0.0016388731310144067
loss/ema_val_denorm,30,1783078387.9481428,0.023647600784897804
loss/train,30,1783077986.6406076,0.001506465021520853
loss/val,30,1783078387.9480867,0.0016703881556168199
loss/val_denorm,30,1783078387.948131,0.02395610697567463
loss/val_denorm_lead/lead_01,30,1783078387.948157,0.012388348579406738
loss/val_denorm_lead/lead_02,30,1783078387.9481714,0.020732402801513672
loss/val_denorm_lead/lead_03,30,1783078387.9534056,0.02801969088613987
loss/val_denorm_lead/lead_04,30,1783078387.9588974,0.03468398004770279
loss/val_denorm_lead_var/siconc/lead_01,30,1783078387.9695191,0.002497466979548335
loss/val_denorm_lead_var/siconc/lead_02,30,1783078387.9759808,0.004104671534150839
loss/val_denorm_lead_var/siconc/lead_03,30,1783078387.983322,0.005315697751939297
loss/val_denorm_lead_var/siconc/lead_04,30,1783078387.9922495,0.006296845618635416
loss/val_denorm_lead_var/sithick/lead_01,30,1783078388.0048358,0.0029707106295973063
loss/val_denorm_lead_var/sithick/lead_02,30,1783078388.0095017,0.004726083483546972
loss/val_denorm_lead_var/sithick/lead_03,30,1783078388.1045866,0.006056078709661961
loss/val_denorm_lead_var/sithick/lead_04,30,1783078388.108733,0.007182994391769171
loss/val_denorm_lead_var/so/lead_01,30,1783078388.607765,0.008016330190002918
loss/val_denorm_lead_var/so/lead_02,30,1783078388.6158028,0.013498254120349884
loss/val_denorm_lead_var/so/lead_03,30,1783078388.625575,0.018159175291657448
loss/val_denorm_lead_var/so/lead_04,30,1783078388.6325376,0.022358207032084465
loss/val_denorm_lead_var/thetao/lead_01,30,1783078388.572002,0.03048050031065941
loss/val_denorm_lead_var/thetao/lead_02,30,1783078388.5828276,0.052451130002737045
loss/val_denorm_lead_var/thetao/lead_03,30,1783078388.5883193,0.07205215841531754
loss/val_denorm_lead_var/thetao/lead_04,30,1783078388.5950181,0.0901363417506218
loss/val_denorm_lead_var/uo/lead_01,30,1783078388.6422045,0.00822879746556282
loss/val_denorm_lead_var/uo/lead_02,30,1783078388.6464052,0.010814670473337173
loss/val_denorm_lead_var/uo/lead_03,30,1783078388.6491377,0.01318821869790554
loss/val_denorm_lead_var/uo/lead_04,30,1783078388.655128,0.01546476036310196
loss/val_denorm_lead_var/vo/lead_01,30,1783078388.6698747,0.008292673155665398
loss/val_denorm_lead_var/vo/lead_02,30,1783078388.6743138,0.011161895468831062
loss/val_denorm_lead_var/vo/lead_03,30,1783078388.678663,0.013848948292434216
loss/val_denorm_lead_var/vo/lead_04,30,1783078388.6835735,0.016460582613945007
loss/val_denorm_lead_var/zos/lead_01,30,1783078388.1199536,0.005882222205400467
loss/val_denorm_lead_var/zos/lead_02,30,1783078388.1298478,0.008650063537061214
loss/val_denorm_lead_var/zos/lead_03,30,1783078388.3440297,0.010737214237451553
loss/val_denorm_lead_var/zos/lead_04,30,1783078388.3529572,0.01256912387907505
loss/val_denorm_var/siconc,30,1783078387.9643753,0.004553670529276133
loss/val_denorm_var/sithick,30,1783078387.998976,0.0052339667454361916
loss/val_denorm_var/so,30,1783078388.6014009,0.015507991425693035
loss/val_denorm_var/thetao,30,1783078388.3596466,0.0612800307571888
loss/val_denorm_var/uo,30,1783078388.6370087,0.01192411221563816
loss/val_denorm_var/vo,30,1783078388.661554,0.012441025115549564
loss/val_denorm_var/zos,30,1783078388.1136036,0.009459655731916428
loss/val_lead/lead_01,30,1783078387.9481478,0.0009633609442971647
loss/val_lead/lead_02,30,1783078387.948162,0.0014766788808628917
loss/val_lead/lead_03,30,1783078387.9484484,0.0019190219463780522
loss/val_lead/lead_04,30,1783078387.9554696,0.00232249079272151
loss/val_lead_var/siconc/lead_01,30,1783078387.965892,0.0024974646512418985
loss/val_lead_var/siconc/lead_02,30,1783078387.9716253,0.004104667343199253
loss/val_lead_var/siconc/lead_03,30,1783078387.9781747,0.005315692629665136
loss/val_lead_var/siconc/lead_04,30,1783078387.986262,0.006296839565038681
loss/val_lead_var/sithick/lead_01,30,1783078388.0007796,0.0003897703136317432
loss/val_lead_var/sithick/lead_02,30,1783078388.0060554,0.0006200829520821571
loss/val_lead_var/sithick/lead_03,30,1783078388.0112472,0.0007945841643959284
loss/val_lead_var/sithick/lead_04,30,1783078388.1066968,0.0009424404706805944
loss/val_lead_var/so/lead_01,30,1783078388.603599,0.00024956752895377576
loss/val_lead_var/so/lead_02,30,1783078388.6110818,0.00042305546230636537
loss/val_lead_var/so/lead_03,30,1783078388.619039,0.000572734687011689
loss/val_lead_var/so/lead_04,30,1783078388.6278117,0.0007086878176778555
loss/val_lead_var/thetao/lead_01,30,1783078388.3621287,0.0009094005799852312
loss/val_lead_var/thetao/lead_02,30,1783078388.5766537,0.0015691856388002634
loss/val_lead_var/thetao/lead_03,30,1783078388.584785,0.002160853473469615
loss/val_lead_var/thetao/lead_04,30,1783078388.5907717,0.0027084853500127792
loss/val_lead_var/uo/lead_01,30,1783078388.6380413,0.00398975657299161
loss/val_lead_var/uo/lead_02,30,1783078388.644036,0.0053532542660832405
loss/val_lead_var/uo/lead_03,30,1783078388.6474285,0.006622771266847849
loss/val_lead_var/uo/lead_04,30,1783078388.6502426,0.007837417535483837
loss/val_lead_var/vo/lead_01,30,1783078388.6636126,0.00412719463929534
loss/val_lead_var/vo/lead_02,30,1783078388.6713233,0.005627617705613375
loss/val_lead_var/vo/lead_03,30,1783078388.6755419,0.007045871578156948
loss/val_lead_var/vo/lead_04,30,1783078388.680747,0.008422556333243847
loss/val_lead_var/zos/lead_01,30,1783078388.1151702,0.0015170841943472624
loss/val_lead_var/zos/lead_02,30,1783078388.1224005,0.0022309382911771536
loss/val_lead_var/zos/lead_03,30,1783078388.3389266,0.002769235521554947
loss/val_lead_var/zos/lead_04,30,1783078388.3467853,0.0032417033798992634
loss/val_norm,30,1783078387.9481227,0.0016703881556168199
loss/val_norm_lead/lead_01,30,1783078387.9481525,0.0009633609442971647
loss/val_norm_lead/lead_02,30,1783078387.9481664,0.0014766788808628917
loss/val_norm_lead/lead_03,30,1783078387.950243,0.0019190219463780522
loss/val_norm_lead/lead_04,30,1783078387.9574366,0.00232249079272151
loss/val_norm_lead_var/siconc/lead_01,30,1783078387.9677095,0.0024974646512418985
loss/val_norm_lead_var/siconc/lead_02,30,1783078387.9738963,0.004104667343199253
loss/val_norm_lead_var/siconc/lead_03,30,1783078387.9805999,0.005315692629665136
loss/val_norm_lead_var/siconc/lead_04,30,1783078387.9892256,0.006296839565038681
loss/val_norm_lead_var/sithick/lead_01,30,1783078388.0030224,0.0003897703136317432
loss/val_norm_lead_var/sithick/lead_02,30,1783078388.0076485,0.0006200829520821571
loss/val_norm_lead_var/sithick/lead_03,30,1783078388.012792,0.0007945841643959284
loss/val_norm_lead_var/sithick/lead_04,30,1783078388.1076155,0.0009424404706805944
loss/val_norm_lead_var/so/lead_01,30,1783078388.6057274,0.00024956752895377576
loss/val_norm_lead_var/so/lead_02,30,1783078388.6133132,0.00042305546230636537
loss/val_norm_lead_var/so/lead_03,30,1783078388.6223798,0.000572734687011689
loss/val_norm_lead_var/so/lead_04,30,1783078388.630823,0.0007086878176778555
loss/val_norm_lead_var/thetao/lead_01,30,1783078388.5671458,0.0009094005799852312
loss/val_norm_lead_var/thetao/lead_02,30,1783078388.5803833,0.0015691856388002634
loss/val_norm_lead_var/thetao/lead_03,30,1783078388.586674,0.002160853473469615
loss/val_norm_lead_var/thetao/lead_04,30,1783078388.5929654,0.0027084853500127792
loss/val_norm_lead_var/uo/lead_01,30,1783078388.6400163,0.00398975657299161
loss/val_norm_lead_var/uo/lead_02,30,1783078388.6453433,0.0053532542660832405
loss/val_norm_lead_var/uo/lead_03,30,1783078388.648178,0.006622771266847849
loss/val_norm_lead_var/uo/lead_04,30,1783078388.6532354,0.007837417535483837
loss/val_norm_lead_var/vo/lead_01,30,1783078388.6669667,0.00412719463929534
loss/val_norm_lead_var/vo/lead_02,30,1783078388.6728039,0.005627617705613375
loss/val_norm_lead_var/vo/lead_03,30,1783078388.6769054,0.007045871578156948
loss/val_norm_lead_var/vo/lead_04,30,1783078388.6821685,0.008422556333243847
loss/val_norm_lead_var/zos/lead_01,30,1783078388.117378,0.0015170841943472624
loss/val_norm_lead_var/zos/lead_02,30,1783078388.1257102,0.0022309382911771536
loss/val_norm_lead_var/zos/lead_03,30,1783078388.3411908,0.002769235521554947
loss/val_norm_lead_var/zos/lead_04,30,1783078388.3493705,0.0032417033798992634
loss/val_norm_var/siconc,30,1783078387.9616623,0.0045536658726632595
loss/val_norm_var/sithick,30,1783078387.9975471,0.000686719489749521
loss/val_norm_var/so,30,1783078388.5991523,0.0004885114030912519
loss/val_norm_var/thetao,30,1783078388.3577735,0.0018369812751188874
loss/val_norm_var/uo,30,1783078388.6351376,0.00595079967752099
loss/val_norm_var/vo,30,1783078388.6599133,0.006305810064077377
loss/val_norm_var/zos,30,1783078388.1118917,0.0024397403467446566
loss/val_var/siconc,30,1783078387.9603426,0.0045536658726632595
loss/val_var/sithick,30,1783078387.9952378,0.000686719489749521
loss/val_var/so,30,1783078388.5970483,0.0004885114030912519
loss/val_var/thetao,30,1783078388.355417,0.0018369812751188874
loss/val_var/uo,30,1783078388.6339753,0.00595079967752099
loss/val_var/vo,30,1783078388.657265,0.006305810064077377
loss/val_var/zos,30,1783078388.1103656,0.0024397403467446566
loss/train,31,1783080060.951589,0.0015066377818584442
loss/train,32,1783081731.7336996,0.0015055304393172264
loss/train,33,1783083408.7787328,0.0015023862943053246
loss/train,34,1783085091.6442032,0.0015013967640697956
loss/ema_val,35,1783087176.962024,0.0016332981176674366
loss/ema_val_denorm,35,1783087176.9620292,0.02357182838022709
loss/train,35,1783086775.1074646,0.0015014013042673469
loss/val,35,1783087176.9619765,0.0016609232407063246
loss/val_denorm,35,1783087176.9620185,0.023864567279815674
loss/val_denorm_lead/lead_01,35,1783087176.962044,0.012346391566097736
loss/val_denorm_lead/lead_02,35,1783087176.9620583,0.02065584436058998
loss/val_denorm_lead/lead_03,35,1783087176.9750102,0.02790830470621586
loss/val_denorm_lead/lead_04,35,1783087176.9950163,0.03454773128032684
loss/val_denorm_lead_var/siconc/lead_01,35,1783087177.0356445,0.0024791432078927755
loss/val_denorm_lead_var/siconc/lead_02,35,1783087177.058042,0.004072627983987331
loss/val_denorm_lead_var/siconc/lead_03,35,1783087177.0785227,0.005269376095384359
loss/val_denorm_lead_var/siconc/lead_04,35,1783087177.0981934,0.006235732231289148
loss/val_denorm_lead_var/sithick/lead_01,35,1783087177.1378345,0.0029226818587630987
loss/val_denorm_lead_var/sithick/lead_02,35,1783087177.2235732,0.004628673195838928
loss/val_denorm_lead_var/sithick/lead_03,35,1783087177.2397804,0.005914691835641861
loss/val_denorm_lead_var/sithick/lead_04,35,1783087177.2485392,0.007003481965512037
loss/val_denorm_lead_var/so/lead_01,35,1783087177.6594124,0.007991080172359943
loss/val_denorm_lead_var/so/lead_02,35,1783087177.679526,0.013449608348309994
loss/val_denorm_lead_var/so/lead_03,35,1783087177.6898017,0.01809319294989109
loss/val_denorm_lead_var/so/lead_04,35,1783087177.6979754,0.022281408309936523
loss/val_denorm_lead_var/thetao/lead_01,35,1783087177.3798249,0.030390964820981026
loss/val_denorm_lead_var/thetao/lead_02,35,1783087177.5952704,0.052289929240942
loss/val_denorm_lead_var/thetao/lead_03,35,1783087177.610484,0.07181091606616974
loss/val_denorm_lead_var/thetao/lead_04,35,1783087177.6275415,0.08984284847974777
loss/val_denorm_lead_var/uo/lead_01,35,1783087177.7359962,0.008170404471457005
loss/val_denorm_lead_var/uo/lead_02,35,1783087177.7514665,0.010744288563728333
loss/val_denorm_lead_var/uo/lead_03,35,1783087177.7719867,0.013081173412501812
loss/val_denorm_lead_var/uo/lead_04,35,1783087177.7886417,0.015320790000259876
loss/val_denorm_lead_var/vo/lead_01,35,1783087177.8022487,0.008283397182822227
loss/val_denorm_lead_var/vo/lead_02,35,1783087177.8232212,0.011111430823802948
loss/val_denorm_lead_var/vo/lead_03,35,1783087177.8462782,0.013762868009507656
loss/val_denorm_lead_var/vo/lead_04,35,1783087177.86865,0.016345186159014702
loss/val_denorm_lead_var/zos/lead_01,35,1783087177.280852,0.005868992302566767
loss/val_denorm_lead_var/zos/lead_02,35,1783087177.301604,0.008646148256957531
loss/val_denorm_lead_var/zos/lead_03,35,1783087177.3212197,0.010732857510447502
loss/val_denorm_lead_var/zos/lead_04,35,1783087177.3423865,0.012559470720589161
loss/val_denorm_var/siconc,35,1783087177.015616,0.004514219705015421
loss/val_denorm_var/sithick,35,1783087177.1187835,0.005117382388561964
loss/val_denorm_var/so,35,1783087177.6470175,0.0154538219794631
loss/val_denorm_var/thetao,35,1783087177.3636386,0.06108366325497627
loss/val_denorm_var/uo,35,1783087177.7161064,0.011829163879156113
loss/val_denorm_var/vo,35,1783087177.7953002,0.012375720776617527
loss/val_denorm_var/zos,35,1783087177.2607667,0.009451867081224918
loss/val_lead/lead_01,35,1783087176.9620342,0.0009590187692083418
loss/val_lead/lead_02,35,1783087176.962049,0.0014689943054690957
loss/val_lead/lead_03,35,1783087176.9623077,0.001907707774080336
loss/val_lead/lead_04,35,1783087176.982202,0.0023079724051058292
loss/val_lead_var/siconc/lead_01,35,1783087177.0222695,0.002479140879586339
loss/val_lead_var/siconc/lead_02,35,1783087177.042375,0.004072623793035746
loss/val_lead_var/siconc/lead_03,35,1783087177.064961,0.005269370973110199
loss/val_lead_var/siconc/lead_04,35,1783087177.0861387,0.006235725712031126
loss/val_lead_var/sithick/lead_01,35,1783087177.1257956,0.00038346872315742075
loss/val_lead_var/sithick/lead_02,35,1783087177.2111087,0.0006073022959753871
loss/val_lead_var/sithick/lead_03,35,1783087177.2291987,0.0007760335574857891
loss/val_lead_var/sithick/lead_04,35,1783087177.2427247,0.0009188876720145345
loss/val_lead_var/so/lead_01,35,1783087177.6499188,0.0002489728503860533
loss/val_lead_var/so/lead_02,35,1783087177.6653166,0.00042167268111370504
loss/val_lead_var/so/lead_03,35,1783087177.683998,0.0005707956152036786
loss/val_lead_var/so/lead_04,35,1783087177.6923604,0.0007064489764161408
loss/val_lead_var/thetao/lead_01,35,1783087177.3694818,0.0009066503844223917
loss/val_lead_var/thetao/lead_02,35,1783087177.3843904,0.0015642800135537982
loss/val_lead_var/thetao/lead_03,35,1783087177.5990887,0.0021534969564527273
loss/val_lead_var/thetao/lead_04,35,1783087177.6162155,0.0026995809748768806
loss/val_lead_var/uo/lead_01,35,1783087177.72293,0.0039597791619598866
loss/val_lead_var/uo/lead_02,35,1783087177.7412577,0.005315542686730623
loss/val_lead_var/uo/lead_03,35,1783087177.758322,0.0065689897164702415
loss/val_lead_var/uo/lead_04,35,1783087177.7802691,0.007765992544591427
loss/val_lead_var/vo/lead_01,35,1783087177.7974002,0.004119557328522205
loss/val_lead_var/vo/lead_02,35,1783087177.8093722,0.005597587674856186
loss/val_lead_var/vo/lead_03,35,1783087177.830659,0.006997679825872183
loss/val_lead_var/vo/lead_04,35,1783087177.8534176,0.008360696025192738
loss/val_lead_var/zos/lead_01,35,1783087177.2675295,0.001513672061264515
loss/val_lead_var/zos/lead_02,35,1783087177.287555,0.0022299285046756268
loss/val_lead_var/zos/lead_03,35,1783087177.308155,0.0027681116480380297
loss/val_lead_var/zos/lead_04,35,1783087177.32855,0.0032392137218266726
loss/val_norm,35,1783087176.9620109,0.0016609232407063246
loss/val_norm_lead/lead_01,35,1783087176.9620392,0.0009590187692083418
loss/val_norm_lead/lead_02,35,1783087176.9620533,0.0014689943054690957
loss/val_norm_lead/lead_03,35,1783087176.968261,0.001907707774080336
loss/val_norm_lead/lead_04,35,1783087176.9886377,0.0023079724051058292
loss/val_norm_lead_var/siconc/lead_01,35,1783087177.028836,0.002479140879586339
loss/val_norm_lead_var/siconc/lead_02,35,1783087177.0502045,0.004072623793035746
loss/val_norm_lead_var/siconc/lead_03,35,1783087177.0716395,0.005269370973110199
loss/val_norm_lead_var/siconc/lead_04,35,1783087177.0915835,0.006235725712031126
loss/val_norm_lead_var/sithick/lead_01,35,1783087177.1313365,0.00038346872315742075
loss/val_norm_lead_var/sithick/lead_02,35,1783087177.2168162,0.0006073022959753871
loss/val_norm_lead_var/sithick/lead_03,35,1783087177.2361748,0.0007760335574857891
loss/val_norm_lead_var/sithick/lead_04,35,1783087177.2459424,0.0009188876720145345
loss/val_norm_lead_var/so/lead_01,35,1783087177.6534255,0.0002489728503860533
loss/val_norm_lead_var/so/lead_02,35,1783087177.673324,0.00042167268111370504
loss/val_norm_lead_var/so/lead_03,35,1783087177.686988,0.0005707956152036786
loss/val_norm_lead_var/so/lead_04,35,1783087177.695104,0.0007064489764161408
loss/val_norm_lead_var/thetao/lead_01,35,1783087177.3749785,0.0009066503844223917
loss/val_norm_lead_var/thetao/lead_02,35,1783087177.3902497,0.0015642800135537982
loss/val_norm_lead_var/thetao/lead_03,35,1783087177.6038568,0.0021534969564527273
loss/val_norm_lead_var/thetao/lead_04,35,1783087177.621646,0.0026995809748768806
loss/val_norm_lead_var/uo/lead_01,35,1783087177.7296653,0.0039597791619598866
loss/val_norm_lead_var/uo/lead_02,35,1783087177.7441592,0.005315542686730623
loss/val_norm_lead_var/uo/lead_03,35,1783087177.7645967,0.0065689897164702415
loss/val_norm_lead_var/uo/lead_04,35,1783087177.7854133,0.007765992544591427
loss/val_norm_lead_var/vo/lead_01,35,1783087177.7989347,0.004119557328522205
loss/val_norm_lead_var/vo/lead_02,35,1783087177.816779,0.005597587674856186
loss/val_norm_lead_var/vo/lead_03,35,1783087177.838797,0.006997679825872183
loss/val_norm_lead_var/vo/lead_04,35,1783087177.8611066,0.008360696025192738
loss/val_norm_lead_var/zos/lead_01,35,1783087177.2741096,0.001513672061264515
loss/val_norm_lead_var/zos/lead_02,35,1783087177.2942915,0.0022299285046756268
loss/val_norm_lead_var/zos/lead_03,35,1783087177.314329,0.0027681116480380297
loss/val_norm_lead_var/zos/lead_04,35,1783087177.3357322,0.0032392137218266726
loss/val_norm_var/siconc,35,1783087177.0088582,0.004514215514063835
loss/val_norm_var/sithick,35,1783087177.1126237,0.00067142304033041
loss/val_norm_var/so,35,1783087177.640283,0.00048697253805585206
loss/val_norm_var/thetao,35,1783087177.3557124,0.0018310020677745342
loss/val_norm_var/uo,35,1783087177.7103605,0.005902575794607401
loss/val_norm_var/vo,35,1783087177.7930295,0.00626888033002615
loss/val_norm_var/zos,35,1783087177.2542188,0.002437731483951211
loss/val_var/siconc,35,1783087177.0022619,0.004514215514063835
loss/val_var/sithick,35,1783087177.1047451,0.00067142304033041
loss/val_var/so,35,1783087177.633585,0.00048697253805585206
loss/val_var/thetao,35,1783087177.3483217,0.0018310020677745342
loss/val_var/uo,35,1783087177.7029128,0.005902575794607401
loss/val_var/vo,35,1783087177.7908497,0.00626888033002615
loss/val_var/zos,35,1783087177.2511764,0.002437731483951211
loss/train,36,1783088856.7656403,0.0014992202632129192
loss/train,37,1783090531.8795211,0.001498265890404582
loss/train,38,1783092176.7711887,0.0014980270061641932
loss/train,39,1783093842.1174748,0.0014956026570871472
loss/ema_val,40,1783095927.977774,0.0016280191484838724
loss/ema_val_denorm,40,1783095927.9777782,0.023493334650993347
loss/train,40,1783095521.202617,0.0014944487484171987
loss/val,40,1783095927.9777303,0.0016579022631049156
loss/val_denorm,40,1783095927.977769,0.023816989734768867
loss/val_denorm_lead/lead_01,40,1783095927.977791,0.012282856740057468
loss/val_denorm_lead/lead_02,40,1783095927.9778032,0.020588427782058716
loss/val_denorm_lead/lead_03,40,1783095928.1979856,0.027865614742040634
loss/val_denorm_lead/lead_04,40,1783095928.2134035,0.034531060606241226
loss/val_denorm_lead_var/siconc/lead_01,40,1783095928.2414112,0.0024763024412095547
loss/val_denorm_lead_var/siconc/lead_02,40,1783095928.255356,0.004075908567756414
loss/val_denorm_lead_var/siconc/lead_03,40,1783095928.2707467,0.0052869850769639015
loss/val_denorm_lead_var/siconc/lead_04,40,1783095928.2870882,0.0062732575461268425
loss/val_denorm_lead_var/sithick/lead_01,40,1783095928.3758147,0.002957551507279277
loss/val_denorm_lead_var/sithick/lead_02,40,1783095928.3893511,0.004690398462116718
loss/val_denorm_lead_var/sithick/lead_03,40,1783095928.4037569,0.006027377676218748
loss/val_denorm_lead_var/sithick/lead_04,40,1783095928.4190137,0.007176476065069437
loss/val_denorm_lead_var/so/lead_01,40,1783095928.7747009,0.007971115410327911
loss/val_denorm_lead_var/so/lead_02,40,1783095928.7871413,0.013429255224764347
loss/val_denorm_lead_var/so/lead_03,40,1783095928.7992578,0.0180697999894619
loss/val_denorm_lead_var/so/lead_04,40,1783095928.847083,0.022249603644013405
loss/val_denorm_lead_var/thetao/lead_01,40,1783095928.722122,0.030166061595082283
loss/val_denorm_lead_var/thetao/lead_02,40,1783095928.730373,0.052036646753549576
loss/val_denorm_lead_var/thetao/lead_03,40,1783095928.739264,0.07164660841226578
loss/val_denorm_lead_var/thetao/lead_04,40,1783095928.750874,0.0897798016667366
loss/val_denorm_lead_var/uo/lead_01,40,1783095929.0790973,0.008158717304468155
loss/val_denorm_lead_var/uo/lead_02,40,1783095929.095492,0.010706420056521893
loss/val_denorm_lead_var/uo/lead_03,40,1783095929.1136959,0.013026859611272812
loss/val_denorm_lead_var/uo/lead_04,40,1783095929.1320055,0.015256361104547977
loss/val_denorm_lead_var/vo/lead_01,40,1783095929.3717115,0.00818044412881136
loss/val_denorm_lead_var/vo/lead_02,40,1783095929.3937538,0.011013982817530632
loss/val_denorm_lead_var/vo/lead_03,40,1783095929.4151871,0.013655614107847214
loss/val_denorm_lead_var/vo/lead_04,40,1783095929.637326,0.01621009036898613
loss/val_denorm_lead_var/zos/lead_01,40,1783095928.6560361,0.005872935056686401
loss/val_denorm_lead_var/zos/lead_02,40,1783095928.6758678,0.008665544912219048
loss/val_denorm_lead_var/zos/lead_03,40,1783095928.695498,0.010770324617624283
loss/val_denorm_lead_var/zos/lead_04,40,1783095928.7068129,0.0126200495287776
loss/val_denorm_var/siconc,40,1783095928.2271993,0.004528113640844822
loss/val_denorm_var/sithick,40,1783095928.3623595,0.005212950985878706
loss/val_denorm_var/so,40,1783095928.7630587,0.015429943799972534
loss/val_denorm_var/thetao,40,1783095928.7147796,0.060907281935214996
loss/val_denorm_var/uo,40,1783095928.8543823,0.01178708951920271
loss/val_denorm_var/vo,40,1783095929.150426,0.012265033088624477
loss/val_denorm_var/zos,40,1783095928.43552,0.009482213295996189
loss/val_lead/lead_01,40,1783095927.9777827,0.000954792951233685
loss/val_lead/lead_02,40,1783095927.9777951,0.0014649422373622656
loss/val_lead/lead_03,40,1783095927.9780948,0.0019050214905291796
loss/val_lead/lead_04,40,1783095928.2030137,0.0023068522568792105
loss/val_lead_var/siconc/lead_01,40,1783095928.2317545,0.0024762998800724745
loss/val_lead_var/siconc/lead_02,40,1783095928.2450464,0.004075904842466116
loss/val_lead_var/siconc/lead_03,40,1783095928.260867,0.005286979954689741
loss/val_lead_var/siconc/lead_04,40,1783095928.2765317,0.0062732514925301075
loss/val_lead_var/sithick/lead_01,40,1783095928.366701,0.0003880437579937279
loss/val_lead_var/sithick/lead_02,40,1783095928.3799498,0.0006154009606689215
loss/val_lead_var/sithick/lead_03,40,1783095928.3943455,0.0007908184779807925
loss/val_lead_var/sithick/lead_04,40,1783095928.4091737,0.0009415852255187929
loss/val_lead_var/so/lead_01,40,1783095928.7668974,0.00024812648189254105
loss/val_lead_var/so/lead_02,40,1783095928.7782862,0.0004208468599244952
loss/val_lead_var/so/lead_03,40,1783095928.791555,0.0005699088796973228
loss/val_lead_var/so/lead_04,40,1783095928.8035858,0.0007053075823932886
loss/val_lead_var/thetao/lead_01,40,1783095928.7168713,0.0008998772245831788
loss/val_lead_var/thetao/lead_02,40,1783095928.7247334,0.001556386356242001
loss/val_lead_var/thetao/lead_03,40,1783095928.7328932,0.002147829858586192
loss/val_lead_var/thetao/lead_04,40,1783095928.742742,0.0026964712888002396
loss/val_lead_var/uo/lead_01,40,1783095929.0610204,0.003953417297452688
loss/val_lead_var/uo/lead_02,40,1783095929.0853422,0.0052967313677072525
loss/val_lead_var/uo/lead_03,40,1783095929.1013656,0.006538718473166227
loss/val_lead_var/uo/lead_04,40,1783095929.1196551,0.007730251643806696
loss/val_lead_var/vo/lead_01,40,1783095929.1575305,0.004069559741765261
loss/val_lead_var/vo/lead_02,40,1783095929.3789382,0.005550024565309286
loss/val_lead_var/vo/lead_03,40,1783095929.4002585,0.006945726461708546
loss/val_lead_var/vo/lead_04,40,1783095929.4218416,0.008292961865663528
loss/val_lead_var/zos/lead_01,40,1783095928.6423755,0.0015146889491006732
loss/val_lead_var/zos/lead_02,40,1783095928.6617184,0.002234931103885174
loss/val_lead_var/zos/lead_03,40,1783095928.680856,0.00277777505107224
loss/val_lead_var/zos/lead_04,40,1783095928.6999216,0.003254837589338422
loss/val_norm,40,1783095927.9777622,0.0016579022631049156
loss/val_norm_lead/lead_01,40,1783095927.9777868,0.000954792951233685
loss/val_norm_lead/lead_02,40,1783095927.9777992,0.0014649422373622656
loss/val_norm_lead/lead_03,40,1783095928.1913133,0.0019050214905291796
loss/val_norm_lead/lead_04,40,1783095928.2097394,0.0023068522568792105
loss/val_norm_lead_var/siconc/lead_01,40,1783095928.2367418,0.0024762998800724745
loss/val_norm_lead_var/siconc/lead_02,40,1783095928.2506988,0.004075904842466116
loss/val_norm_lead_var/siconc/lead_03,40,1783095928.2652285,0.005286979954689741
loss/val_norm_lead_var/siconc/lead_04,40,1783095928.2806277,0.0062732514925301075
loss/val_norm_lead_var/sithick/lead_01,40,1783095928.371368,0.0003880437579937279
loss/val_norm_lead_var/sithick/lead_02,40,1783095928.3850188,0.0006154009606689215
loss/val_norm_lead_var/sithick/lead_03,40,1783095928.3989952,0.0007908184779807925
loss/val_norm_lead_var/sithick/lead_04,40,1783095928.4130135,0.0009415852255187929
loss/val_norm_lead_var/so/lead_01,40,1783095928.7707276,0.00024812648189254105
loss/val_norm_lead_var/so/lead_02,40,1783095928.7823403,0.0004208468599244952
loss/val_norm_lead_var/so/lead_03,40,1783095928.7957723,0.0005699088796973228
loss/val_norm_lead_var/so/lead_04,40,1783095928.8079686,0.0007053075823932886
loss/val_norm_lead_var/thetao/lead_01,40,1783095928.7197256,0.0008998772245831788
loss/val_norm_lead_var/thetao/lead_02,40,1783095928.7277434,0.001556386356242001
loss/val_norm_lead_var/thetao/lead_03,40,1783095928.735873,0.002147829858586192
loss/val_norm_lead_var/thetao/lead_04,40,1783095928.7471368,0.0026964712888002396
loss/val_norm_lead_var/uo/lead_01,40,1783095929.0667593,0.003953417297452688
loss/val_norm_lead_var/uo/lead_02,40,1783095929.0907197,0.0052967313677072525
loss/val_norm_lead_var/uo/lead_03,40,1783095929.1071825,0.006538718473166227
loss/val_norm_lead_var/uo/lead_04,40,1783095929.1255429,0.007730251643806696
loss/val_norm_lead_var/vo/lead_01,40,1783095929.1648526,0.004069559741765261
loss/val_norm_lead_var/vo/lead_02,40,1783095929.3865077,0.005550024565309286
loss/val_norm_lead_var/vo/lead_03,40,1783095929.408018,0.006945726461708546
loss/val_norm_lead_var/vo/lead_04,40,1783095929.4289675,0.008292961865663528
loss/val_norm_lead_var/zos/lead_01,40,1783095928.6500144,0.0015146889491006732
loss/val_norm_lead_var/zos/lead_02,40,1783095928.668997,0.002234931103885174
loss/val_norm_lead_var/zos/lead_03,40,1783095928.6885374,0.00277777505107224
loss/val_norm_lead_var/zos/lead_04,40,1783095928.7036703,0.003254837589338422
loss/val_norm_var/siconc,40,1783095928.2230823,0.004528108984231949
loss/val_norm_var/sithick,40,1783095928.3560228,0.0006839621346443892
loss/val_norm_var/so,40,1783095928.7588081,0.0004860474437009543
loss/val_norm_var/thetao,40,1783095928.7122972,0.0018251411383971572
loss/val_norm_var/uo,40,1783095928.8516603,0.005879779811948538
loss/val_norm_var/vo,40,1783095929.1439743,0.006214567925781012
loss/val_norm_var/zos,40,1783095928.4291918,0.002445558086037636
loss/val_var/siconc,40,1783095928.2184849,0.004528108984231949
loss/val_var/sithick,40,1783095928.2921064,0.0006839621346443892
loss/val_var/so,40,1783095928.7548249,0.0004860474437009543
loss/val_var/thetao,40,1783095928.710193,0.0018251411383971572
loss/val_var/uo,40,1783095928.8492856,0.005879779811948538
loss/val_var/vo,40,1783095929.1380255,0.006214567925781012
loss/val_var/zos,40,1783095928.424052,0.002445558086037636
loss/train,41,1783097576.132722,0.0014948751777410507
loss/train,42,1783099220.9333317,0.0014929493190720677
loss/train,43,1783100863.334268,0.0014913859777152538
loss/train,44,1783102509.1771746,0.0014915266074240208
loss/ema_val,45,1783104556.9916577,0.0016244594007730484
loss/ema_val_denorm,45,1783104556.9916623,0.023431463167071342
loss/train,45,1783104154.8537045,0.0014893078478053212
loss/val,45,1783104556.9916136,0.0016531863948330283
loss/val_denorm,45,1783104556.991653,0.02374800108373165
loss/val_denorm_lead/lead_01,45,1783104556.9916754,0.012281594797968864
loss/val_denorm_lead/lead_02,45,1783104556.9916883,0.02055136114358902
loss/val_denorm_lead/lead_03,45,1783104557.2166228,0.027774924412369728
loss/val_denorm_lead/lead_04,45,1783104557.236285,0.034384120255708694
loss/val_denorm_lead_var/siconc/lead_01,45,1783104557.2673497,0.0024794519413262606
loss/val_denorm_lead_var/siconc/lead_02,45,1783104557.2811706,0.004089145455509424
loss/val_denorm_lead_var/siconc/lead_03,45,1783104557.2972965,0.005310916807502508
loss/val_denorm_lead_var/siconc/lead_04,45,1783104557.3140075,0.006306214723736048
loss/val_denorm_lead_var/sithick/lead_01,45,1783104557.3383682,0.0029725823551416397
loss/val_denorm_lead_var/sithick/lead_02,45,1783104557.355456,0.004733622539788485
loss/val_denorm_lead_var/sithick/lead_03,45,1783104557.370683,0.0060845972038805485
loss/val_denorm_lead_var/sithick/lead_04,45,1783104557.3884482,0.007244255393743515
loss/val_denorm_lead_var/so/lead_01,45,1783104557.5919042,0.007956580258905888
loss/val_denorm_lead_var/so/lead_02,45,1783104557.60756,0.013395273126661777
loss/val_denorm_lead_var/so/lead_03,45,1783104557.6462739,0.018015209585428238
loss/val_denorm_lead_var/so/lead_04,45,1783104557.6678479,0.02218051441013813
loss/val_denorm_lead_var/thetao/lead_01,45,1783104557.518702,0.030182868242263794
loss/val_denorm_lead_var/thetao/lead_02,45,1783104557.5385158,0.05197102203965187
loss/val_denorm_lead_var/thetao/lead_03,45,1783104557.5518873,0.07141712307929993
loss/val_denorm_lead_var/thetao/lead_04,45,1783104557.566848,0.08935578912496567
loss/val_denorm_lead_var/uo/lead_01,45,1783104557.9141006,0.008212748914957047
loss/val_denorm_lead_var/uo/lead_02,45,1783104558.137763,0.010724040679633617
loss/val_denorm_lead_var/uo/lead_03,45,1783104558.148206,0.013023506850004196
loss/val_denorm_lead_var/uo/lead_04,45,1783104558.1533484,0.015213865786790848
loss/val_denorm_lead_var/vo/lead_01,45,1783104558.1629646,0.00821172259747982
loss/val_denorm_lead_var/vo/lead_02,45,1783104558.1694472,0.01097362395375967
loss/val_denorm_lead_var/vo/lead_03,45,1783104558.1851592,0.013574998825788498
loss/val_denorm_lead_var/vo/lead_04,45,1783104558.2026002,0.01614408940076828
loss/val_denorm_lead_var/zos/lead_01,45,1783104557.4188995,0.005816720891743898
loss/val_denorm_lead_var/zos/lead_02,45,1783104557.4332774,0.008528267033398151
loss/val_denorm_lead_var/zos/lead_03,45,1783104557.4510612,0.010563029907643795
loss/val_denorm_lead_var/zos/lead_04,45,1783104557.4708655,0.012347896583378315
loss/val_denorm_var/siconc,45,1783104557.2532601,0.004546432290226221
loss/val_denorm_var/sithick,45,1783104557.3223555,0.005258764605969191
loss/val_denorm_var/so,45,1783104557.579146,0.015386894345283508
loss/val_denorm_var/thetao,45,1783104557.490995,0.06073170155286789
loss/val_denorm_var/uo,45,1783104557.6883776,0.01179354079067707
loss/val_denorm_var/vo,45,1783104558.1578894,0.012226108461618423
loss/val_denorm_var/zos,45,1783104557.405158,0.009313978254795074
loss/val_lead/lead_01,45,1783104556.991667,0.0009553604177199304
loss/val_lead/lead_02,45,1783104556.9916797,0.0014615851687267423
loss/val_lead/lead_03,45,1783104556.9919972,0.001898292452096939
loss/val_lead/lead_04,45,1783104557.2228353,0.0022975075989961624
loss/val_lead_var/siconc/lead_01,45,1783104557.2577431,0.0024794493801891804
loss/val_lead_var/siconc/lead_02,45,1783104557.2718422,0.0040891412645578384
loss/val_lead_var/siconc/lead_03,45,1783104557.2860138,0.005310911685228348
loss/val_lead_var/siconc/lead_04,45,1783104557.3027742,0.006306208670139313
loss/val_lead_var/sithick/lead_01,45,1783104557.3277888,0.0003900158917531371
loss/val_lead_var/sithick/lead_02,45,1783104557.3445423,0.0006210720748640597
loss/val_lead_var/sithick/lead_03,45,1783104557.3599415,0.0007983259856700897
loss/val_lead_var/sithick/lead_04,45,1783104557.3764358,0.0009504781919531524
loss/val_lead_var/so/lead_01,45,1783104557.5828109,0.0002478310198057443
loss/val_lead_var/so/lead_02,45,1783104557.5975554,0.00041992150363512337
loss/val_lead_var/so/lead_03,45,1783104557.633639,0.0005682780174538493
loss/val_lead_var/so/lead_04,45,1783104557.6531975,0.0007031479035504162
loss/val_lead_var/thetao/lead_01,45,1783104557.497835,0.0009003313607536256
loss/val_lead_var/thetao/lead_02,45,1783104557.5234227,0.0015546141657978296
loss/val_lead_var/thetao/lead_03,45,1783104557.541813,0.0021416298113763332
loss/val_lead_var/thetao/lead_04,45,1783104557.557806,0.0026849035639315844
loss/val_lead_var/uo/lead_01,45,1783104557.6969178,0.003969638608396053
loss/val_lead_var/uo/lead_02,45,1783104557.9216208,0.005296309944242239
loss/val_lead_var/uo/lead_03,45,1783104558.1415935,0.006528282072395086
loss/val_lead_var/uo/lead_04,45,1783104558.1502426,0.00770186074078083
loss/val_lead_var/vo/lead_01,45,1783104558.1593657,0.004080876242369413
loss/val_lead_var/vo/lead_02,45,1783104558.1649284,0.005524911917746067
loss/val_lead_var/vo/lead_03,45,1783104558.1745389,0.0069000450894236565
loss/val_lead_var/vo/lead_04,45,1783104558.1906483,0.00825442187488079
loss/val_lead_var/zos/lead_01,45,1783104557.4084446,0.0015001908177509904
loss/val_lead_var/zos/lead_02,45,1783104557.42367,0.002199525712057948
loss/val_lead_var/zos/lead_03,45,1783104557.4386923,0.0027243115473538637
loss/val_lead_var/zos/lead_04,45,1783104557.457696,0.003184646600857377
loss/val_norm,45,1783104556.9916458,0.0016531863948330283
loss/val_norm_lead/lead_01,45,1783104556.9916713,0.0009553604177199304
loss/val_norm_lead/lead_02,45,1783104556.9916842,0.0014615851687267423
loss/val_norm_lead/lead_03,45,1783104557.00101,0.001898292452096939
loss/val_norm_lead/lead_04,45,1783104557.2295432,0.0022975075989961624
loss/val_norm_lead_var/siconc/lead_01,45,1783104557.2627697,0.0024794493801891804
loss/val_norm_lead_var/siconc/lead_02,45,1783104557.276383,0.0040891412645578384
loss/val_norm_lead_var/siconc/lead_03,45,1783104557.291644,0.005310911685228348
loss/val_norm_lead_var/siconc/lead_04,45,1783104557.308161,0.006306208670139313
loss/val_norm_lead_var/sithick/lead_01,45,1783104557.3331666,0.0003900158917531371
loss/val_norm_lead_var/sithick/lead_02,45,1783104557.349569,0.0006210720748640597
loss/val_norm_lead_var/sithick/lead_03,45,1783104557.364837,0.0007983259856700897
loss/val_norm_lead_var/sithick/lead_04,45,1783104557.3826852,0.0009504781919531524
loss/val_norm_lead_var/so/lead_01,45,1783104557.5871422,0.0002478310198057443
loss/val_norm_lead_var/so/lead_02,45,1783104557.6026359,0.00041992150363512337
loss/val_norm_lead_var/so/lead_03,45,1783104557.6399562,0.0005682780174538493
loss/val_norm_lead_var/so/lead_04,45,1783104557.659842,0.0007031479035504162
loss/val_norm_lead_var/thetao/lead_01,45,1783104557.5116892,0.0009003313607536256
loss/val_norm_lead_var/thetao/lead_02,45,1783104557.5289001,0.0015546141657978296
loss/val_norm_lead_var/thetao/lead_03,45,1783104557.5461433,0.0021416298113763332
loss/val_norm_lead_var/thetao/lead_04,45,1783104557.5622425,0.0026849035639315844
loss/val_norm_lead_var/uo/lead_01,45,1783104557.905392,0.003969638608396053
loss/val_norm_lead_var/uo/lead_02,45,1783104557.9287586,0.005296309944242239
loss/val_norm_lead_var/uo/lead_03,45,1783104558.1461413,0.006528282072395086
loss/val_norm_lead_var/uo/lead_04,45,1783104558.1517594,0.00770186074078083
loss/val_norm_lead_var/vo/lead_01,45,1783104558.1616168,0.004080876242369413
loss/val_norm_lead_var/vo/lead_02,45,1783104558.167299,0.005524911917746067
loss/val_norm_lead_var/vo/lead_03,45,1783104558.1799688,0.0069000450894236565
loss/val_norm_lead_var/vo/lead_04,45,1783104558.1967914,0.00825442187488079
loss/val_norm_lead_var/zos/lead_01,45,1783104557.4137902,0.0015001908177509904
loss/val_norm_lead_var/zos/lead_02,45,1783104557.4281666,0.002199525712057948
loss/val_norm_lead_var/zos/lead_03,45,1783104557.4451532,0.0027243115473538637
loss/val_norm_lead_var/zos/lead_04,45,1783104557.4644709,0.003184646600857377
loss/val_norm_var/siconc,45,1783104557.248548,0.004546427633613348
loss/val_norm_var/sithick,45,1783104557.3195157,0.0006899730651639402
loss/val_norm_var/so,45,1783104557.5754192,0.0004847946111112833
loss/val_norm_var/thetao,45,1783104557.4843643,0.0018203697400167584
loss/val_norm_var/uo,45,1783104557.681734,0.005874022841453552
loss/val_norm_var/vo,45,1783104558.1563425,0.006190063431859016
loss/val_norm_var/zos,45,1783104557.4003062,0.0024021686986088753
loss/val_var/siconc,45,1783104557.2423596,0.004546427633613348
loss/val_var/sithick,45,1783104557.3168545,0.0006899730651639402
loss/val_var/so,45,1783104557.5712798,0.0004847946111112833
loss/val_var/thetao,45,1783104557.4770174,0.0018203697400167584
loss/val_var/uo,45,1783104557.6745858,0.005874022841453552
loss/val_var/vo,45,1783104558.1547189,0.006190063431859016
loss/val_var/zos,45,1783104557.3940275,0.0024021686986088753
loss/train,46,1783106204.4520626,0.0014900137903168797
loss/train,47,1783107849.26345,0.0014898236840963364
loss/train,48,1783109496.57759,0.001488288166001439
loss/train,49,1783111142.3059134,0.0014866968849673867
loss/ema_val,50,1783113189.1472816,0.0016208034940063953
loss/ema_val_denorm,50,1783113189.1472862,0.023370400071144104
loss/train,50,1783112788.9611797,0.001486862893216312
loss/val,50,1783113189.1472394,0.0016462114872410893
loss/val_denorm,50,1783113189.1472766,0.023650478571653366
loss/val_denorm_lead/lead_01,50,1783113189.1472998,0.01223665103316307
loss/val_denorm_lead/lead_02,50,1783113189.1473134,0.02046979032456875
loss/val_denorm_lead/lead_03,50,1783113189.1527798,0.027655716985464096
loss/val_denorm_lead/lead_04,50,1783113189.156984,0.0342397540807724
loss/val_denorm_lead_var/siconc/lead_01,50,1783113189.164484,0.0024737271014600992
loss/val_denorm_lead_var/siconc/lead_02,50,1783113189.1723735,0.0040705399587750435
loss/val_denorm_lead_var/siconc/lead_03,50,1783113189.1767774,0.005271743517369032
loss/val_denorm_lead_var/siconc/lead_04,50,1783113189.1802428,0.006242634262889624
loss/val_denorm_lead_var/sithick/lead_01,50,1783113189.1872866,0.0029192822985351086
loss/val_denorm_lead_var/sithick/lead_02,50,1783113189.1979952,0.0045981984585523605
loss/val_denorm_lead_var/sithick/lead_03,50,1783113189.2016172,0.005871729925274849
loss/val_denorm_lead_var/sithick/lead_04,50,1783113189.205663,0.006951112300157547
loss/val_denorm_lead_var/so/lead_01,50,1783113189.2653303,0.007959029637277126
loss/val_denorm_lead_var/so/lead_02,50,1783113189.2708054,0.013381091877818108
loss/val_denorm_lead_var/so/lead_03,50,1783113189.274361,0.017985019832849503
loss/val_denorm_lead_var/so/lead_04,50,1783113189.2779424,0.022137338295578957
loss/val_denorm_lead_var/thetao/lead_01,50,1783113189.2346394,0.030017409473657608
loss/val_denorm_lead_var/thetao/lead_02,50,1783113189.2431092,0.051716648042201996
loss/val_denorm_lead_var/thetao/lead_03,50,1783113189.2473052,0.07107240706682205
loss/val_denorm_lead_var/thetao/lead_04,50,1783113189.2510872,0.08897378295660019
loss/val_denorm_lead_var/uo/lead_01,50,1783113189.2875462,0.008139894343912601
loss/val_denorm_lead_var/uo/lead_02,50,1783113189.291735,0.010669606737792492
loss/val_denorm_lead_var/uo/lead_03,50,1783113189.295223,0.012983595952391624
loss/val_denorm_lead_var/uo/lead_04,50,1783113189.2986739,0.015201389789581299
loss/val_denorm_lead_var/vo/lead_01,50,1783113189.3069937,0.008231149055063725
loss/val_denorm_lead_var/vo/lead_02,50,1783113189.3104718,0.011022588238120079
loss/val_denorm_lead_var/vo/lead_03,50,1783113189.3140168,0.013624272309243679
loss/val_denorm_lead_var/vo/lead_04,50,1783113189.317826,0.016141237691044807
loss/val_denorm_lead_var/zos/lead_01,50,1783113189.2135885,0.005818220321089029
loss/val_denorm_lead_var/zos/lead_02,50,1783113189.2178283,0.008498134091496468
loss/val_denorm_lead_var/zos/lead_03,50,1783113189.221611,0.010508401319384575
loss/val_denorm_lead_var/zos/lead_04,50,1783113189.2251456,0.012283317744731903
loss/val_denorm_var/siconc,50,1783113189.1609104,0.004514661151915789
loss/val_denorm_var/sithick,50,1783113189.1836596,0.005085080862045288
loss/val_denorm_var/so,50,1783113189.2545152,0.015365620143711567
loss/val_denorm_var/thetao,50,1783113189.2307076,0.060445062816143036
loss/val_denorm_var/uo,50,1783113189.2818286,0.011748622171580791
loss/val_denorm_var/vo,50,1783113189.3021033,0.012254811823368073
loss/val_denorm_var/zos,50,1783113189.209296,0.00927701871842146
loss/val_lead/lead_01,50,1783113189.147291,0.0009522595792077482
loss/val_lead/lead_02,50,1783113189.1473048,0.001456370111554861
loss/val_lead/lead_03,50,1783113189.147641,0.0018901336006820202
loss/val_lead/lead_04,50,1783113189.154242,0.002286082599312067
loss/val_lead_var/siconc/lead_01,50,1783113189.1620455,0.002473724540323019
loss/val_lead_var/siconc/lead_02,50,1783113189.1690826,0.004070536233484745
loss/val_lead_var/siconc/lead_03,50,1783113189.1737769,0.0052717383950948715
loss/val_lead_var/siconc/lead_04,50,1783113189.1780462,0.006242627743631601
loss/val_lead_var/sithick/lead_01,50,1783113189.1847749,0.0003830227069556713
loss/val_lead_var/sithick/lead_02,50,1783113189.1915832,0.0006033038953319192
loss/val_lead_var/sithick/lead_03,50,1783113189.1992757,0.0007703968440182507
loss/val_lead_var/sithick/lead_04,50,1783113189.2030115,0.0009120165486820042
loss/val_lead_var/so/lead_01,50,1783113189.2559083,0.0002479862014297396
loss/val_lead_var/so/lead_02,50,1783113189.2664776,0.0004196136724203825
loss/val_lead_var/so/lead_03,50,1783113189.2723515,0.000567575974855572
loss/val_lead_var/so/lead_04,50,1783113189.2754354,0.0007021846831776202
loss/val_lead_var/thetao/lead_01,50,1783113189.23209,0.0008955021039582789
loss/val_lead_var/thetao/lead_02,50,1783113189.236169,0.0015472696395590901
loss/val_lead_var/thetao/lead_03,50,1783113189.2443569,0.002131677931174636
loss/val_lead_var/thetao/lead_04,50,1783113189.2484958,0.002674040151759982
loss/val_lead_var/uo/lead_01,50,1783113189.283365,0.003937608562409878
loss/val_lead_var/uo/lead_02,50,1783113189.2889493,0.00526943476870656
loss/val_lead_var/uo/lead_03,50,1783113189.2929213,0.006505858153104782
loss/val_lead_var/uo/lead_04,50,1783113189.2963796,0.007689267862588167
loss/val_lead_var/vo/lead_01,50,1783113189.3035681,0.004087963607162237
loss/val_lead_var/vo/lead_02,50,1783113189.3080173,0.0055452617816627026
loss/val_lead_var/vo/lead_03,50,1783113189.3116915,0.006919998209923506
loss/val_lead_var/vo/lead_04,50,1783113189.3154197,0.008250811137259007
loss/val_lead_var/zos/lead_01,50,1783113189.2105513,0.0015005775494500995
loss/val_lead_var/zos/lead_02,50,1783113189.2153077,0.0021917540580034256
loss/val_lead_var/zos/lead_03,50,1783113189.2189848,0.002710222266614437
loss/val_lead_var/zos/lead_04,50,1783113189.2228134,0.0031679910607635975
loss/val_norm,50,1783113189.1472695,0.0016462114872410893
loss/val_norm_lead/lead_01,50,1783113189.1472957,0.0009522595792077482
loss/val_norm_lead/lead_02,50,1783113189.147309,0.001456370111554861
loss/val_norm_lead/lead_03,50,1783113189.1504054,0.0018901336006820202
loss/val_norm_lead/lead_04,50,1783113189.1556845,0.002286082599312067
loss/val_norm_lead_var/siconc/lead_01,50,1783113189.163194,0.002473724540323019
loss/val_norm_lead_var/siconc/lead_02,50,1783113189.1705606,0.004070536233484745
loss/val_norm_lead_var/siconc/lead_03,50,1783113189.175538,0.0052717383950948715
loss/val_norm_lead_var/siconc/lead_04,50,1783113189.1791723,0.006242627743631601
loss/val_norm_lead_var/sithick/lead_01,50,1783113189.1860685,0.0003830227069556713
loss/val_norm_lead_var/sithick/lead_02,50,1783113189.1943686,0.0006033038953319192
loss/val_norm_lead_var/sithick/lead_03,50,1783113189.200366,0.0007703968440182507
loss/val_norm_lead_var/sithick/lead_04,50,1783113189.204414,0.0009120165486820042
loss/val_norm_lead_var/so/lead_01,50,1783113189.263617,0.0002479862014297396
loss/val_norm_lead_var/so/lead_02,50,1783113189.2692626,0.0004196136724203825
loss/val_norm_lead_var/so/lead_03,50,1783113189.2734594,0.000567575974855572
loss/val_norm_lead_var/so/lead_04,50,1783113189.2765112,0.0007021846831776202
loss/val_norm_lead_var/thetao/lead_01,50,1783113189.2333899,0.0008955021039582789
loss/val_norm_lead_var/thetao/lead_02,50,1783113189.2404456,0.0015472696395590901
loss/val_norm_lead_var/thetao/lead_03,50,1783113189.2457602,0.002131677931174636
loss/val_norm_lead_var/thetao/lead_04,50,1783113189.2496843,0.002674040151759982
loss/val_norm_lead_var/uo/lead_01,50,1783113189.2850516,0.003937608562409878
loss/val_norm_lead_var/uo/lead_02,50,1783113189.2903366,0.00526943476870656
loss/val_norm_lead_var/uo/lead_03,50,1783113189.2942934,0.006505858153104782
loss/val_norm_lead_var/uo/lead_04,50,1783113189.2974656,0.007689267862588167
loss/val_norm_lead_var/vo/lead_01,50,1783113189.3054366,0.004087963607162237
loss/val_norm_lead_var/vo/lead_02,50,1783113189.3092687,0.0055452617816627026
loss/val_norm_lead_var/vo/lead_03,50,1783113189.312798,0.006919998209923506
loss/val_norm_lead_var/vo/lead_04,50,1783113189.3168125,0.008250811137259007
loss/val_norm_lead_var/zos/lead_01,50,1783113189.211971,0.0015005775494500995
loss/val_norm_lead_var/zos/lead_02,50,1783113189.2165992,0.0021917540580034256
loss/val_norm_lead_var/zos/lead_03,50,1783113189.2203453,0.002710222266614437
loss/val_norm_lead_var/zos/lead_04,50,1783113189.2239406,0.0031679910607635975
loss/val_norm_var/siconc,50,1783113189.159815,0.004514656960964203
loss/val_norm_var/sithick,50,1783113189.1826563,0.0006671849987469614
loss/val_norm_var/so,50,1783113189.2532742,0.00048434012569487095
loss/val_norm_var/thetao,50,1783113189.2293663,0.001812122529372573
loss/val_norm_var/uo,50,1783113189.280477,0.005850542336702347
loss/val_norm_var/vo,50,1783113189.3010187,0.006201008800417185
loss/val_norm_var/zos,50,1783113189.2082553,0.0023926361463963985
loss/val_var/siconc,50,1783113189.1583364,0.004514656960964203
loss/val_var/sithick,50,1783113189.1814282,0.0006671849987469614
loss/val_var/so,50,1783113189.2523177,0.00048434012569487095
loss/val_var/thetao,50,1783113189.2280352,0.001812122529372573
loss/val_var/uo,50,1783113189.2792408,0.005850542336702347
loss/val_var/vo,50,1783113189.2998004,0.006201008800417185
loss/val_var/zos,50,1783113189.2069545,0.0023926361463963985
loss/train,51,1783114838.8143647,0.0014843251556158066
loss/train,52,1783116485.6492405,0.0014842684613540769
loss/train,53,1783118132.230027,0.0014831864973530173
loss/train,54,1783119778.0045469,0.0014821694931015372
loss/ema_val,55,1783121822.544441,0.0016170770395547152
loss/ema_val_denorm,55,1783121822.544446,0.023305481299757957
loss/train,55,1783121422.650318,0.0014822217635810375
loss/val,55,1783121822.5444026,0.001645730808377266
loss/val_denorm,55,1783121822.544436,0.02362813614308834
loss/val_denorm_lead/lead_01,55,1783121822.544459,0.012216702103614807
loss/val_denorm_lead/lead_02,55,1783121822.5444722,0.0204345490783453
loss/val_denorm_lead/lead_03,55,1783121822.5496027,0.027633294463157654
loss/val_denorm_lead/lead_04,55,1783121822.5529032,0.03422800451517105
loss/val_denorm_lead_var/siconc/lead_01,55,1783121822.6631248,0.0024577523581683636
loss/val_denorm_lead_var/siconc/lead_02,55,1783121822.671009,0.004046212416142225
loss/val_denorm_lead_var/siconc/lead_03,55,1783121822.680332,0.005241680890321732
loss/val_denorm_lead_var/siconc/lead_04,55,1783121822.6870317,0.006207078229635954
loss/val_denorm_lead_var/sithick/lead_01,55,1783121822.695636,0.002943948842585087
loss/val_denorm_lead_var/sithick/lead_02,55,1783121822.700202,0.004645976237952709
loss/val_denorm_lead_var/sithick/lead_03,55,1783121822.7043595,0.005930073093622923
loss/val_denorm_lead_var/sithick/lead_04,55,1783121822.7092178,0.007018814329057932
loss/val_denorm_lead_var/so/lead_01,55,1783121822.7695131,0.007937946356832981
loss/val_denorm_lead_var/so/lead_02,55,1783121822.7804449,0.013350958935916424
loss/val_denorm_lead_var/so/lead_03,55,1783121822.7884235,0.017953036352992058
loss/val_denorm_lead_var/so/lead_04,55,1783121822.795858,0.022107064723968506
loss/val_denorm_lead_var/thetao/lead_01,55,1783121822.74003,0.02996877208352089
loss/val_denorm_lead_var/thetao/lead_02,55,1783121822.7445903,0.051596734672784805
loss/val_denorm_lead_var/thetao/lead_03,55,1783121822.748592,0.0710037425160408
loss/val_denorm_lead_var/thetao/lead_04,55,1783121822.7531395,0.08894430845975876
loss/val_denorm_lead_var/uo/lead_01,55,1783121822.8048916,0.008141675963997841
loss/val_denorm_lead_var/uo/lead_02,55,1783121822.8117626,0.010709728114306927
loss/val_denorm_lead_var/uo/lead_03,55,1783121822.8155608,0.013020669110119343
loss/val_denorm_lead_var/uo/lead_04,55,1783121822.82119,0.01524373609572649
loss/val_denorm_lead_var/vo/lead_01,55,1783121822.8310285,0.008215152658522129
loss/val_denorm_lead_var/vo/lead_02,55,1783121822.835443,0.01099086832255125
loss/val_denorm_lead_var/vo/lead_03,55,1783121822.8399887,0.01358684804290533
loss/val_denorm_lead_var/vo/lead_04,55,1783121822.845078,0.016089152544736862
loss/val_denorm_lead_var/zos/lead_01,55,1783121822.7179463,0.0058221896179020405
loss/val_denorm_lead_var/zos/lead_02,55,1783121822.7221708,0.008540520444512367
loss/val_denorm_lead_var/zos/lead_03,55,1783121822.7270489,0.01057161670178175
loss/val_denorm_lead_var/zos/lead_04,55,1783121822.731411,0.012354855425655842
loss/val_denorm_var/siconc,55,1783121822.6508067,0.004488180857151747
loss/val_denorm_var/sithick,55,1783121822.69119,0.005134703125804663
loss/val_denorm_var/so,55,1783121822.7632391,0.01533725205808878
loss/val_denorm_var/thetao,55,1783121822.7356322,0.06037839129567146
loss/val_denorm_var/uo,55,1783121822.8013635,0.011778952553868294
loss/val_denorm_var/vo,55,1783121822.8265538,0.012220505625009537
loss/val_denorm_var/zos,55,1783121822.7136745,0.00932229496538639
loss/val_lead/lead_01,55,1783121822.5444503,0.000951088557485491
loss/val_lead/lead_02,55,1783121822.5444634,0.001455716323107481
loss/val_lead/lead_03,55,1783121822.5447524,0.0018899335991591215
loss/val_lead/lead_04,55,1783121822.5506618,0.002286184811964631
loss/val_lead_var/siconc/lead_01,55,1783121822.6555371,0.002457750029861927
loss/val_lead_var/siconc/lead_02,55,1783121822.6645787,0.0040462082251906395
loss/val_lead_var/siconc/lead_03,55,1783121822.6735892,0.005241675302386284
loss/val_lead_var/siconc/lead_04,55,1783121822.6839213,0.006207071710377932
loss/val_lead_var/sithick/lead_01,55,1783121822.6924806,0.0003862590529024601
loss/val_lead_var/sithick/lead_02,55,1783121822.697503,0.0006095725111663342
loss/val_lead_var/sithick/lead_03,55,1783121822.701718,0.0007780516752973199
loss/val_lead_var/sithick/lead_04,55,1783121822.7056386,0.0009208993287757039
loss/val_lead_var/so/lead_01,55,1783121822.764484,0.000247312244027853
loss/val_lead_var/so/lead_02,55,1783121822.771989,0.00041861843783408403
loss/val_lead_var/so/lead_03,55,1783121822.785271,0.000566476839594543
loss/val_lead_var/so/lead_04,55,1783121822.790256,0.000701099808793515
loss/val_lead_var/thetao/lead_01,55,1783121822.736809,0.0008937183301895857
loss/val_lead_var/thetao/lead_02,55,1783121822.7413359,0.001543090445920825
loss/val_lead_var/thetao/lead_03,55,1783121822.745745,0.002128796186298132
loss/val_lead_var/thetao/lead_04,55,1783121822.75029,0.0026721388567239046
loss/val_lead_var/uo/lead_01,55,1783121822.8024545,0.0039416728541255
loss/val_lead_var/uo/lead_02,55,1783121822.8069801,0.0052947551012039185
loss/val_lead_var/uo/lead_03,55,1783121822.8130527,0.006534192711114883
loss/val_lead_var/uo/lead_04,55,1783121822.8178244,0.007725630421191454
loss/val_lead_var/vo/lead_01,55,1783121822.8277535,0.004082347732037306
loss/val_lead_var/vo/lead_02,55,1783121822.832513,0.0055321273393929005
loss/val_lead_var/vo/lead_03,55,1783121822.8366718,0.006903062108904123
loss/val_lead_var/vo/lead_04,55,1783121822.8419747,0.00822711642831564
loss/val_lead_var/zos/lead_01,55,1783121822.7155693,0.0015016011893749237
loss/val_lead_var/zos/lead_02,55,1783121822.7191448,0.002202685922384262
loss/val_lead_var/zos/lead_03,55,1783121822.7237685,0.0027265259996056557
loss/val_lead_var/zos/lead_04,55,1783121822.728492,0.003186441259458661
loss/val_norm,55,1783121822.5444288,0.001645730808377266
loss/val_norm_lead/lead_01,55,1783121822.5444546,0.000951088557485491
loss/val_norm_lead/lead_02,55,1783121822.544468,0.001455716323107481
loss/val_norm_lead/lead_03,55,1783121822.5474238,0.0018899335991591215
loss/val_norm_lead/lead_04,55,1783121822.5516953,0.002286184811964631
loss/val_norm_lead_var/siconc/lead_01,55,1783121822.6597033,0.002457750029861927
loss/val_norm_lead_var/siconc/lead_02,55,1783121822.6671321,0.0040462082251906395
loss/val_norm_lead_var/siconc/lead_03,55,1783121822.6760678,0.005241675302386284
loss/val_norm_lead_var/siconc/lead_04,55,1783121822.685795,0.006207071710377932
loss/val_norm_lead_var/sithick/lead_01,55,1783121822.6943662,0.0003862590529024601
loss/val_norm_lead_var/sithick/lead_02,55,1783121822.6989827,0.0006095725111663342
loss/val_norm_lead_var/sithick/lead_03,55,1783121822.7031515,0.0007780516752973199
loss/val_norm_lead_var/sithick/lead_04,55,1783121822.7073333,0.0009208993287757039
loss/val_norm_lead_var/so/lead_01,55,1783121822.7662024,0.000247312244027853
loss/val_norm_lead_var/so/lead_02,55,1783121822.7761476,0.00041861843783408403
loss/val_norm_lead_var/so/lead_03,55,1783121822.7871845,0.000566476839594543
loss/val_norm_lead_var/so/lead_04,55,1783121822.7946389,0.000701099808793515
loss/val_norm_lead_var/thetao/lead_01,55,1783121822.7380896,0.0008937183301895857
loss/val_norm_lead_var/thetao/lead_02,55,1783121822.7430234,0.001543090445920825
loss/val_norm_lead_var/thetao/lead_03,55,1783121822.746923,0.002128796186298132
loss/val_norm_lead_var/thetao/lead_04,55,1783121822.751498,0.0026721388567239046
loss/val_norm_lead_var/uo/lead_01,55,1783121822.8033516,0.0039416728541255
loss/val_norm_lead_var/uo/lead_02,55,1783121822.80969,0.0052947551012039185
loss/val_norm_lead_var/uo/lead_03,55,1783121822.81419,0.006534192711114883
loss/val_norm_lead_var/uo/lead_04,55,1783121822.8200126,0.007725630421191454
loss/val_norm_lead_var/vo/lead_01,55,1783121822.8290627,0.004082347732037306
loss/val_norm_lead_var/vo/lead_02,55,1783121822.8342507,0.0055321273393929005
loss/val_norm_lead_var/vo/lead_03,55,1783121822.8385253,0.006903062108904123
loss/val_norm_lead_var/vo/lead_04,55,1783121822.84387,0.00822711642831564
loss/val_norm_lead_var/zos/lead_01,55,1783121822.7167873,0.0015016011893749237
loss/val_norm_lead_var/zos/lead_02,55,1783121822.7203252,0.002202685922384262
loss/val_norm_lead_var/zos/lead_03,55,1783121822.7255812,0.0027265259996056557
loss/val_norm_lead_var/zos/lead_04,55,1783121822.7302027,0.003186441259458661
loss/val_norm_var/siconc,55,1783121822.646414,0.004488176200538874
loss/val_norm_var/sithick,55,1783121822.6899912,0.0006736956420354545
loss/val_norm_var/so,55,1783121822.7618961,0.000483376847114414
loss/val_norm_var/thetao,55,1783121822.733838,0.0018094360129907727
loss/val_norm_var/uo,55,1783121822.799185,0.005874062888324261
loss/val_norm_var/vo,55,1783121822.8239949,0.006186163518577814
loss/val_norm_var/zos,55,1783121822.7124155,0.0024043137673288584
loss/val_var/siconc,55,1783121822.640618,0.004488176200538874
loss/val_var/sithick,55,1783121822.6885893,0.0006736956420354545
loss/val_var/so,55,1783121822.7601843,0.000483376847114414
loss/val_var/thetao,55,1783121822.7325885,0.0018094360129907727
loss/val_var/uo,55,1783121822.7971988,0.005874062888324261
loss/val_var/vo,55,1783121822.8222363,0.006186163518577814
loss/val_var/zos,55,1783121822.7106519,0.0024043137673288584
loss/train,56,1783123468.3874917,0.001481302548199892
loss/train,57,1783125114.89394,0.0014822304947301745
loss/train,58,1783126761.8717945,0.0014802847290411592
loss/train,59,1783128410.4649312,0.0014807122061029077
loss/ema_val,60,1783130461.7180514,0.0016133124008774757
loss/ema_val_denorm,60,1783130461.718056,0.023243838921189308
loss/train,60,1783130061.1191938,0.001477941870689392
loss/val,60,1783130461.7180114,0.0016403081826865673
loss/val_denorm,60,1783130461.7180464,0.023515671491622925
loss/val_denorm_lead/lead_01,60,1783130461.7180703,0.012162583880126476
loss/val_denorm_lead/lead_02,60,1783130461.7180834,0.020333081483840942
loss/val_denorm_lead/lead_03,60,1783130461.724446,0.027492482215166092
loss/val_denorm_lead/lead_04,60,1783130461.7281008,0.03407454118132591
loss/val_denorm_lead_var/siconc/lead_01,60,1783130461.7340002,0.002473659347742796
loss/val_denorm_lead_var/siconc/lead_02,60,1783130461.7383058,0.004079862032085657
loss/val_denorm_lead_var/siconc/lead_03,60,1783130461.7430522,0.005288718268275261
loss/val_denorm_lead_var/siconc/lead_04,60,1783130461.7471783,0.0062693459913134575
loss/val_denorm_lead_var/sithick/lead_01,60,1783130461.7567816,0.0029219414573162794
loss/val_denorm_lead_var/sithick/lead_02,60,1783130461.7607918,0.004601482301950455
loss/val_denorm_lead_var/sithick/lead_03,60,1783130461.765781,0.005878659896552563
loss/val_denorm_lead_var/sithick/lead_04,60,1783130461.7703617,0.006967625115066767
loss/val_denorm_lead_var/so/lead_01,60,1783130461.8321433,0.007945450022816658
loss/val_denorm_lead_var/so/lead_02,60,1783130461.8353565,0.01334649883210659
loss/val_denorm_lead_var/so/lead_03,60,1783130461.838303,0.017940059304237366
loss/val_denorm_lead_var/so/lead_04,60,1783130461.841682,0.022094236686825752
loss/val_denorm_lead_var/thetao/lead_01,60,1783130461.7960508,0.029741138219833374
loss/val_denorm_lead_var/thetao/lead_02,60,1783130461.7992358,0.05120807886123657
loss/val_denorm_lead_var/thetao/lead_03,60,1783130461.8105278,0.07046195864677429
loss/val_denorm_lead_var/thetao/lead_04,60,1783130461.814292,0.08832670748233795
loss/val_denorm_lead_var/uo/lead_01,60,1783130461.848981,0.008134439587593079
loss/val_denorm_lead_var/uo/lead_02,60,1783130461.8520186,0.010638395324349403
loss/val_denorm_lead_var/uo/lead_03,60,1783130461.8548048,0.012924439273774624
loss/val_denorm_lead_var/uo/lead_04,60,1783130461.862265,0.015123704448342323
loss/val_denorm_lead_var/vo/lead_01,60,1783130461.868315,0.008137143217027187
loss/val_denorm_lead_var/vo/lead_02,60,1783130461.8721342,0.01086012739688158
loss/val_denorm_lead_var/vo/lead_03,60,1783130461.8756971,0.01344708539545536
loss/val_denorm_lead_var/vo/lead_04,60,1783130461.8791173,0.01598621904850006
loss/val_denorm_lead_var/zos/lead_01,60,1783130461.7798429,0.005830822512507439
loss/val_denorm_lead_var/zos/lead_02,60,1783130461.7833655,0.008583025075495243
loss/val_denorm_lead_var/zos/lead_03,60,1783130461.7864456,0.010640297085046768
loss/val_denorm_lead_var/zos/lead_04,60,1783130461.7898707,0.012474842369556427
loss/val_denorm_var/siconc,60,1783130461.7314708,0.004527896177023649
loss/val_denorm_var/sithick,60,1783130461.7521644,0.005092427134513855
loss/val_denorm_var/so,60,1783130461.8251913,0.015331560745835304
loss/val_denorm_var/thetao,60,1783130461.793047,0.05993447080254555
loss/val_denorm_var/uo,60,1783130461.8450487,0.011705244891345501
loss/val_denorm_var/vo,60,1783130461.865154,0.01210764329880476
loss/val_denorm_var/zos,60,1783130461.775191,0.009382246993482113
loss/val_lead/lead_01,60,1783130461.7180605,0.0009478608262725174
loss/val_lead/lead_02,60,1783130461.7180748,0.0014498247765004635
loss/val_lead/lead_03,60,1783130461.7185073,0.001883096992969513
loss/val_lead/lead_04,60,1783130461.7259812,0.0022804501932114363
loss/val_lead_var/siconc/lead_01,60,1783130461.7323005,0.0024736570194363594
loss/val_lead_var/siconc/lead_02,60,1783130461.7351327,0.004079857841134071
loss/val_lead_var/siconc/lead_03,60,1783130461.7398298,0.0052887131460011005
loss/val_lead_var/siconc/lead_04,60,1783130461.744466,0.006269339472055435
loss/val_lead_var/sithick/lead_01,60,1783130461.7538028,0.0003833715745713562
loss/val_lead_var/sithick/lead_02,60,1783130461.7581604,0.0006037347484380007
loss/val_lead_var/sithick/lead_03,60,1783130461.7623746,0.0007713060476817191
loss/val_lead_var/sithick/lead_04,60,1783130461.7673469,0.0009141830960288644
loss/val_lead_var/so/lead_01,60,1783130461.8284671,0.0002473927743267268
loss/val_lead_var/so/lead_02,60,1783130461.833274,0.0004182059783488512
loss/val_lead_var/so/lead_03,60,1783130461.8361764,0.0005657014553435147
loss/val_lead_var/so/lead_04,60,1783130461.8394802,0.0007002156926319003
loss/val_lead_var/thetao/lead_01,60,1783130461.7942252,0.0008870872552506626
loss/val_lead_var/thetao/lead_02,60,1783130461.7972035,0.0015317986253648996
loss/val_lead_var/thetao/lead_03,60,1783130461.8082674,0.0021129276137799025
loss/val_lead_var/thetao/lead_04,60,1783130461.8117976,0.002654032316058874
loss/val_lead_var/uo/lead_01,60,1783130461.8465743,0.003931049723178148
loss/val_lead_var/uo/lead_02,60,1783130461.8502462,0.005253187846392393
loss/val_lead_var/uo/lead_03,60,1783130461.8529518,0.006480804644525051
loss/val_lead_var/uo/lead_04,60,1783130461.8563008,0.007657248061150312
loss/val_lead_var/vo/lead_01,60,1783130461.8662052,0.004042452666908503
loss/val_lead_var/vo/lead_02,60,1783130461.8695388,0.005469192285090685
loss/val_lead_var/vo/lead_03,60,1783130461.8734138,0.0068364436738193035
loss/val_lead_var/vo/lead_04,60,1783130461.8768127,0.008176324889063835
loss/val_lead_var/zos/lead_01,60,1783130461.7768602,0.0015038277488201857
loss/val_lead_var/zos/lead_02,60,1783130461.781093,0.0022136482875794172
loss/val_lead_var/zos/lead_03,60,1783130461.7844298,0.0027442395221441984
loss/val_lead_var/zos/lead_04,60,1783130461.7877092,0.003217387245967984
loss/val_norm,60,1783130461.7180395,0.0016403081826865673
loss/val_norm_lead/lead_01,60,1783130461.7180653,0.0009478608262725174
loss/val_norm_lead/lead_02,60,1783130461.7180793,0.0014498247765004635
loss/val_norm_lead/lead_03,60,1783130461.7226176,0.001883096992969513
loss/val_norm_lead/lead_04,60,1783130461.7269635,0.0022804501932114363
loss/val_norm_lead_var/siconc/lead_01,60,1783130461.7331295,0.0024736570194363594
loss/val_norm_lead_var/siconc/lead_02,60,1783130461.7367,0.004079857841134071
loss/val_norm_lead_var/siconc/lead_03,60,1783130461.7414453,0.0052887131460011005
loss/val_norm_lead_var/siconc/lead_04,60,1783130461.7458968,0.006269339472055435
loss/val_norm_lead_var/sithick/lead_01,60,1783130461.7553399,0.0003833715745713562
loss/val_norm_lead_var/sithick/lead_02,60,1783130461.7594407,0.0006037347484380007
loss/val_norm_lead_var/sithick/lead_03,60,1783130461.764053,0.0007713060476817191
loss/val_norm_lead_var/sithick/lead_04,60,1783130461.7688653,0.0009141830960288644
loss/val_norm_lead_var/so/lead_01,60,1783130461.830792,0.0002473927743267268
loss/val_norm_lead_var/so/lead_02,60,1783130461.8343341,0.0004182059783488512
loss/val_norm_lead_var/so/lead_03,60,1783130461.8370638,0.0005657014553435147
loss/val_norm_lead_var/so/lead_04,60,1783130461.8405237,0.0007002156926319003
loss/val_norm_lead_var/thetao/lead_01,60,1783130461.79505,0.0008870872552506626
loss/val_norm_lead_var/thetao/lead_02,60,1783130461.7981865,0.0015317986253648996
loss/val_norm_lead_var/thetao/lead_03,60,1783130461.8094323,0.0021129276137799025
loss/val_norm_lead_var/thetao/lead_04,60,1783130461.812954,0.002654032316058874
loss/val_norm_lead_var/uo/lead_01,60,1783130461.8478053,0.003931049723178148
loss/val_norm_lead_var/uo/lead_02,60,1783130461.851138,0.005253187846392393
loss/val_norm_lead_var/uo/lead_03,60,1783130461.853914,0.006480804644525051
loss/val_norm_lead_var/uo/lead_04,60,1783130461.8601677,0.007657248061150312
loss/val_norm_lead_var/vo/lead_01,60,1783130461.8671467,0.004042452666908503
loss/val_norm_lead_var/vo/lead_02,60,1783130461.8708868,0.005469192285090685
loss/val_norm_lead_var/vo/lead_03,60,1783130461.8745687,0.0068364436738193035
loss/val_norm_lead_var/vo/lead_04,60,1783130461.87796,0.008176324889063835
loss/val_norm_lead_var/zos/lead_01,60,1783130461.7786043,0.0015038277488201857
loss/val_norm_lead_var/zos/lead_02,60,1783130461.7822394,0.0022136482875794172
loss/val_norm_lead_var/zos/lead_03,60,1783130461.7854984,0.0027442395221441984
loss/val_norm_lead_var/zos/lead_04,60,1783130461.7888255,0.003217387245967984
loss/val_norm_var/siconc,60,1783130461.730384,0.0045278919860720634
loss/val_norm_var/sithick,60,1783130461.7504544,0.0006681488594040275
loss/val_norm_var/so,60,1783130461.820241,0.00048287896788679063
loss/val_norm_var/thetao,60,1783130461.7919626,0.001796461408957839
loss/val_norm_var/uo,60,1783130461.8439007,0.005830572452396154
loss/val_norm_var/vo,60,1783130461.8641503,0.00613110326230526
loss/val_norm_var/zos,60,1783130461.773625,0.0024197755847126245
loss/val_var/siconc,60,1783130461.7292545,0.0045278919860720634
loss/val_var/sithick,60,1783130461.7487864,0.0006681488594040275
loss/val_var/so,60,1783130461.815459,0.00048287896788679063
loss/val_var/thetao,60,1783130461.7908747,0.001796461408957839
loss/val_var/uo,60,1783130461.8428237,0.005830572452396154
loss/val_var/vo,60,1783130461.863277,0.00613110326230526
loss/val_var/zos,60,1783130461.7719893,0.0024197755847126245
loss/train,61,1783132108.7207088,0.0014769862173125148
loss/train,62,1783133760.45045,0.0014748635003343225
loss/train,63,1783135410.6394918,0.0014753242721781135
loss/train,64,1783137055.6297653,0.0014739623293280602
loss/ema_val,65,1783139101.3863907,0.001609383150935173
loss/ema_val_denorm,65,1783139101.3863952,0.02318631298840046
loss/train,65,1783138702.5022464,0.0014734966680407524
loss/val,65,1783139101.3863437,0.0016415839781984687
loss/val_denorm,65,1783139101.386386,0.023520123213529587
loss/val_denorm_lead/lead_01,65,1783139101.3864074,0.012153430841863155
loss/val_denorm_lead/lead_02,65,1783139101.3864205,0.02032887190580368
loss/val_denorm_lead/lead_03,65,1783139101.3973806,0.027500150725245476
loss/val_denorm_lead/lead_04,65,1783139101.4070234,0.03409804403781891
loss/val_denorm_lead_var/siconc/lead_01,65,1783139101.501355,0.002458140254020691
loss/val_denorm_lead_var/siconc/lead_02,65,1783139101.5087008,0.004062899388372898
loss/val_denorm_lead_var/siconc/lead_03,65,1783139101.51428,0.0052796173840761185
loss/val_denorm_lead_var/siconc/lead_04,65,1783139101.5254326,0.006267948541790247
loss/val_denorm_lead_var/sithick/lead_01,65,1783139101.5528545,0.00295135541819036
loss/val_denorm_lead_var/sithick/lead_02,65,1783139101.5651717,0.004669958259910345
loss/val_denorm_lead_var/sithick/lead_03,65,1783139101.579548,0.005984834395349026
loss/val_denorm_lead_var/sithick/lead_04,65,1783139101.5926526,0.007110660430043936
loss/val_denorm_lead_var/so/lead_01,65,1783139101.8540967,0.007934472523629665
loss/val_denorm_lead_var/so/lead_02,65,1783139101.858591,0.013321478851139545
loss/val_denorm_lead_var/so/lead_03,65,1783139101.8639038,0.017907962203025818
loss/val_denorm_lead_var/so/lead_04,65,1783139101.8709195,0.022055668756365776
loss/val_denorm_lead_var/thetao/lead_01,65,1783139101.76654,0.02972792275249958
loss/val_denorm_lead_var/thetao/lead_02,65,1783139101.782062,0.05121978372335434
loss/val_denorm_lead_var/thetao/lead_03,65,1783139101.797635,0.07051721215248108
loss/val_denorm_lead_var/thetao/lead_04,65,1783139101.8135884,0.08844441920518875
loss/val_denorm_lead_var/uo/lead_01,65,1783139101.895579,0.008088093250989914
loss/val_denorm_lead_var/uo/lead_02,65,1783139101.9094899,0.010628163814544678
loss/val_denorm_lead_var/uo/lead_03,65,1783139101.92611,0.012941650114953518
loss/val_denorm_lead_var/uo/lead_04,65,1783139101.942,0.015177187509834766
loss/val_denorm_lead_var/vo/lead_01,65,1783139101.978638,0.008167070336639881
loss/val_denorm_lead_var/vo/lead_02,65,1783139101.9974887,0.010942996479570866
loss/val_denorm_lead_var/vo/lead_03,65,1783139102.012612,0.013532904908061028
loss/val_denorm_lead_var/vo/lead_04,65,1783139102.0274289,0.01605975441634655
loss/val_denorm_lead_var/zos/lead_01,65,1783139101.6170535,0.005798945669084787
loss/val_denorm_lead_var/zos/lead_02,65,1783139101.6302738,0.00852205976843834
loss/val_denorm_lead_var/zos/lead_03,65,1783139101.6426718,0.010575798340141773
loss/val_denorm_lead_var/zos/lead_04,65,1783139101.6559956,0.01240196730941534
loss/val_denorm_var/siconc,65,1783139101.4151382,0.0045171515084803104
loss/val_denorm_var/sithick,65,1783139101.5389278,0.005179202184081078
loss/val_denorm_var/so,65,1783139101.8313854,0.015304895117878914
loss/val_denorm_var/thetao,65,1783139101.6676455,0.05997733399271965
loss/val_denorm_var/uo,65,1783139101.8878565,0.011708773672580719
loss/val_denorm_var/vo,65,1783139101.9599915,0.012175682000815868
loss/val_denorm_var/zos,65,1783139101.604634,0.009324693121016026
loss/val_lead/lead_01,65,1783139101.3863993,0.0009466725750826299
loss/val_lead/lead_02,65,1783139101.3864117,0.0014503089478239417
loss/val_lead/lead_03,65,1783139101.3868408,0.0018852134235203266
loss/val_lead/lead_04,65,1783139101.4005663,0.002284141257405281
loss/val_lead_var/siconc/lead_01,65,1783139101.4183567,0.0024581379257142544
loss/val_lead_var/siconc/lead_02,65,1783139101.5038886,0.0040628956630826
loss/val_lead_var/siconc/lead_03,65,1783139101.5101235,0.005279612261801958
loss/val_lead_var/siconc/lead_04,65,1783139101.5178552,0.006267942022532225
loss/val_lead_var/sithick/lead_01,65,1783139101.543411,0.00038723082980141044
loss/val_lead_var/sithick/lead_02,65,1783139101.557388,0.0006127191008999944
loss/val_lead_var/sithick/lead_03,65,1783139101.569809,0.0007852365961298347
loss/val_lead_var/sithick/lead_04,65,1783139101.5841742,0.0009329499443992972
loss/val_lead_var/so/lead_01,65,1783139101.8428931,0.0002473138156346977
loss/val_lead_var/so/lead_02,65,1783139101.8557038,0.0004179171519353986
loss/val_lead_var/so/lead_03,65,1783139101.860187,0.0005653813132084906
loss/val_lead_var/so/lead_04,65,1783139101.8658507,0.0006998750614002347
loss/val_lead_var/thetao/lead_01,65,1783139101.671937,0.000886946392711252
loss/val_lead_var/thetao/lead_02,65,1783139101.7719643,0.0015326135326176882
loss/val_lead_var/thetao/lead_03,65,1783139101.787355,0.0021152952685952187
loss/val_lead_var/thetao/lead_04,65,1783139101.802837,0.0026584097649902105
loss/val_lead_var/uo/lead_01,65,1783139101.8905187,0.003914505708962679
loss/val_lead_var/uo/lead_02,65,1783139101.8983805,0.005250198300927877
loss/val_lead_var/uo/lead_03,65,1783139101.9161465,0.006487553007900715
loss/val_lead_var/uo/lead_04,65,1783139101.9308615,0.007679350208491087
loss/val_lead_var/vo/lead_01,65,1783139101.965899,0.0040550753474235535
loss/val_lead_var/vo/lead_02,65,1783139101.9855702,0.005503982771188021
loss/val_lead_var/vo/lead_03,65,1783139102.0021477,0.006872753147035837
loss/val_lead_var/vo/lead_04,65,1783139102.0180383,0.00820715632289648
loss/val_lead_var/zos/lead_01,65,1783139101.60835,0.0014956062659621239
loss/val_lead_var/zos/lead_02,65,1783139101.621765,0.002197924768552184
loss/val_lead_var/zos/lead_03,65,1783139101.634153,0.002727604703977704
loss/val_lead_var/zos/lead_04,65,1783139101.6470459,0.0031985919922590256
loss/val_norm,65,1783139101.3863795,0.0016415839781984687
loss/val_norm_lead/lead_01,65,1783139101.3864033,0.0009466725750826299
loss/val_norm_lead/lead_02,65,1783139101.3864162,0.0014503089478239417
loss/val_norm_lead/lead_03,65,1783139101.3940198,0.0018852134235203266
loss/val_norm_lead/lead_04,65,1783139101.4036515,0.002284141257405281
loss/val_norm_lead_var/siconc/lead_01,65,1783139101.4985647,0.0024581379257142544
loss/val_norm_lead_var/siconc/lead_02,65,1783139101.5064573,0.0040628956630826
loss/val_norm_lead_var/siconc/lead_03,65,1783139101.511834,0.005279612261801958
loss/val_norm_lead_var/siconc/lead_04,65,1783139101.5213268,0.006267942022532225
loss/val_norm_lead_var/sithick/lead_01,65,1783139101.5481327,0.00038723082980141044
loss/val_norm_lead_var/sithick/lead_02,65,1783139101.5613415,0.0006127191008999944
loss/val_norm_lead_var/sithick/lead_03,65,1783139101.5746624,0.0007852365961298347
loss/val_norm_lead_var/sithick/lead_04,65,1783139101.588567,0.0009329499443992972
loss/val_norm_lead_var/so/lead_01,65,1783139101.8491912,0.0002473138156346977
loss/val_norm_lead_var/so/lead_02,65,1783139101.8572302,0.0004179171519353986
loss/val_norm_lead_var/so/lead_03,65,1783139101.862021,0.0005653813132084906
loss/val_norm_lead_var/so/lead_04,65,1783139101.8680515,0.0006998750614002347
loss/val_norm_lead_var/thetao/lead_01,65,1783139101.7479954,0.000886946392711252
loss/val_norm_lead_var/thetao/lead_02,65,1783139101.7767684,0.0015326135326176882
loss/val_norm_lead_var/thetao/lead_03,65,1783139101.7927406,0.0021152952685952187
loss/val_norm_lead_var/thetao/lead_04,65,1783139101.8086026,0.0026584097649902105
loss/val_norm_lead_var/uo/lead_01,65,1783139101.8929682,0.003914505708962679
loss/val_norm_lead_var/uo/lead_02,65,1783139101.9024172,0.005250198300927877
loss/val_norm_lead_var/uo/lead_03,65,1783139101.9211643,0.006487553007900715
loss/val_norm_lead_var/uo/lead_04,65,1783139101.936339,0.007679350208491087
loss/val_norm_lead_var/vo/lead_01,65,1783139101.9721758,0.0040550753474235535
loss/val_norm_lead_var/vo/lead_02,65,1783139101.9921741,0.005503982771188021
loss/val_norm_lead_var/vo/lead_03,65,1783139102.0073285,0.006872753147035837
loss/val_norm_lead_var/vo/lead_04,65,1783139102.02271,0.00820715632289648
loss/val_norm_lead_var/zos/lead_01,65,1783139101.6126306,0.0014956062659621239
loss/val_norm_lead_var/zos/lead_02,65,1783139101.6264327,0.002197924768552184
loss/val_norm_lead_var/zos/lead_03,65,1783139101.638374,0.002727604703977704
loss/val_norm_lead_var/zos/lead_04,65,1783139101.651643,0.0031985919922590256
loss/val_norm_var/siconc,65,1783139101.4124656,0.004517146851867437
loss/val_norm_var/sithick,65,1783139101.534311,0.000679534103255719
loss/val_norm_var/so,65,1783139101.8254008,0.0004826218355447054
loss/val_norm_var/thetao,65,1783139101.6633759,0.0017983162542805076
loss/val_norm_var/uo,65,1783139101.883945,0.005832901690155268
loss/val_norm_var/vo,65,1783139101.9537463,0.006159741897135973
loss/val_norm_var/zos,65,1783139101.6010084,0.0024049319326877594
loss/val_var/siconc,65,1783139101.410317,0.004517146851867437
loss/val_var/sithick,65,1783139101.5295687,0.000679534103255719
loss/val_var/so,65,1783139101.8190475,0.0004826218355447054
loss/val_var/thetao,65,1783139101.659178,0.0017983162542805076
loss/val_var/uo,65,1783139101.8773208,0.005832901690155268
loss/val_var/vo,65,1783139101.9479399,0.006159741897135973
loss/val_var/zos,65,1783139101.5967793,0.0024049319326877594
loss/train,66,1783140750.8566287,0.001473927521146834
loss/train,67,1783142405.0539384,0.0014727578964084387
loss/train,68,1783144092.992604,0.001470657647587359
loss/train,69,1783145760.5465288,0.0014697248116135597
loss/ema_val,70,1783147843.8512661,0.0016060551861301064
loss/ema_val_denorm,70,1783147843.8512712,0.02313469722867012
loss/train,70,1783147440.9105434,0.0014703134074807167
loss/val,70,1783147843.8512056,0.0016377920983359218
loss/val_denorm,70,1783147843.8512602,0.023458637297153473
loss/val_denorm_lead/lead_01,70,1783147843.8512857,0.012108705937862396
loss/val_denorm_lead/lead_02,70,1783147843.851301,0.020268691703677177
loss/val_denorm_lead/lead_03,70,1783147843.8684537,0.027432642877101898
loss/val_denorm_lead/lead_04,70,1783147843.8939917,0.03402451053261757
loss/val_denorm_lead_var/siconc/lead_01,70,1783147843.9239995,0.002465552184730768
loss/val_denorm_lead_var/siconc/lead_02,70,1783147843.937,0.0040731243789196014
loss/val_denorm_lead_var/siconc/lead_03,70,1783147843.9486892,0.005283056292682886
loss/val_denorm_lead_var/siconc/lead_04,70,1783147843.9710767,0.006259160116314888
loss/val_denorm_lead_var/sithick/lead_01,70,1783147844.0143397,0.0029067443683743477
loss/val_denorm_lead_var/sithick/lead_02,70,1783147844.023217,0.004570576827973127
loss/val_denorm_lead_var/sithick/lead_03,70,1783147844.0405028,0.0058317650109529495
loss/val_denorm_lead_var/sithick/lead_04,70,1783147844.051705,0.006906349677592516
loss/val_denorm_lead_var/so/lead_01,70,1783147844.17713,0.007911751978099346
loss/val_denorm_lead_var/so/lead_02,70,1783147844.2017078,0.013284910470247269
loss/val_denorm_lead_var/so/lead_03,70,1783147844.220957,0.01786040887236595
loss/val_denorm_lead_var/so/lead_04,70,1783147844.2403138,0.02199724316596985
loss/val_denorm_lead_var/thetao/lead_01,70,1783147844.100485,0.029598824679851532
loss/val_denorm_lead_var/thetao/lead_02,70,1783147844.1093714,0.051085736602544785
loss/val_denorm_lead_var/thetao/lead_03,70,1783147844.1163979,0.07039374858140945
loss/val_denorm_lead_var/thetao/lead_04,70,1783147844.1384244,0.08833001554012299
loss/val_denorm_lead_var/uo/lead_01,70,1783147844.2801144,0.008116856217384338
loss/val_denorm_lead_var/uo/lead_02,70,1783147844.2936532,0.010610016994178295
loss/val_denorm_lead_var/uo/lead_03,70,1783147844.2975574,0.012888014316558838
loss/val_denorm_lead_var/uo/lead_04,70,1783147844.3012328,0.01509766560047865
loss/val_denorm_lead_var/vo/lead_01,70,1783147844.3111913,0.008130948059260845
loss/val_denorm_lead_var/vo/lead_02,70,1783147844.3149085,0.010889285244047642
loss/val_denorm_lead_var/vo/lead_03,70,1783147844.3295236,0.013499308377504349
loss/val_denorm_lead_var/vo/lead_04,70,1783147844.3648973,0.01604626700282097
loss/val_denorm_lead_var/zos/lead_01,70,1783147844.0611527,0.005799131002277136
loss/val_denorm_lead_var/zos/lead_02,70,1783147844.0678449,0.008523674681782722
loss/val_denorm_lead_var/zos/lead_03,70,1783147844.0714898,0.010596724227070808
loss/val_denorm_lead_var/zos/lead_04,70,1783147844.0891678,0.012459121644496918
loss/val_denorm_var/siconc,70,1783147843.9158964,0.00452022347599268
loss/val_denorm_var/sithick,70,1783147843.9927495,0.005053859204053879
loss/val_denorm_var/so,70,1783147844.1553087,0.015263578854501247
loss/val_denorm_var/thetao,70,1783147844.0931184,0.059852082282304764
loss/val_denorm_var/uo,70,1783147844.2601624,0.011678137816488743
loss/val_denorm_var/vo,70,1783147844.3060791,0.012141452170908451
loss/val_denorm_var/zos,70,1783147844.0578504,0.00934466253966093
loss/val_lead/lead_01,70,1783147843.851276,0.0009448588825762272
loss/val_lead/lead_02,70,1783147843.8512907,0.001446606358513236
loss/val_lead/lead_03,70,1783147843.8515413,0.0018806952284649014
loss/val_lead/lead_04,70,1783147843.877162,0.0022790078073740005
loss/val_lead_var/siconc/lead_01,70,1783147843.9181292,0.0024655498564243317
loss/val_lead_var/siconc/lead_02,70,1783147843.9284818,0.004073120187968016
loss/val_lead_var/siconc/lead_03,70,1783147843.9399202,0.005283051170408726
loss/val_lead_var/siconc/lead_04,70,1783147843.9566607,0.006259154062718153
loss/val_lead_var/sithick/lead_01,70,1783147844.000024,0.00038137767114676535
loss/val_lead_var/sithick/lead_02,70,1783147844.017194,0.0005996798281557858
loss/val_lead_var/sithick/lead_03,70,1783147844.028482,0.0007651532650925219
loss/val_lead_var/sithick/lead_04,70,1783147844.0450556,0.0009061435121111572
loss/val_lead_var/so/lead_01,70,1783147844.162995,0.0002464416029397398
loss/val_lead_var/so/lead_02,70,1783147844.1853185,0.0004165903083048761
loss/val_lead_var/so/lead_03,70,1783147844.2082617,0.0005636768182739615
loss/val_lead_var/so/lead_04,70,1783147844.2274396,0.0006977710290811956
loss/val_lead_var/thetao/lead_01,70,1783147844.0962255,0.0008829435682855546
loss/val_lead_var/thetao/lead_02,70,1783147844.1035783,0.001528282999061048
loss/val_lead_var/thetao/lead_03,70,1783147844.1113322,0.0021111543755978346
loss/val_lead_var/thetao/lead_04,70,1783147844.1228435,0.0026544753927737474
loss/val_lead_var/uo/lead_01,70,1783147844.2677057,0.003923009615391493
loss/val_lead_var/uo/lead_02,70,1783147844.285709,0.005240412894636393
loss/val_lead_var/uo/lead_03,70,1783147844.2946637,0.006465989165008068
loss/val_lead_var/uo/lead_04,70,1783147844.2986948,0.00764886848628521
loss/val_lead_var/vo/lead_01,70,1783147844.3077161,0.004040536470711231
loss/val_lead_var/vo/lead_02,70,1783147844.3119342,0.005484314635396004
loss/val_lead_var/vo/lead_03,70,1783147844.3194702,0.006863558664917946
loss/val_lead_var/vo/lead_04,70,1783147844.3340442,0.008208272978663445
loss/val_lead_var/zos/lead_01,70,1783147844.0587542,0.0014956542290747166
loss/val_lead_var/zos/lead_02,70,1783147844.0655313,0.002198341302573681
loss/val_lead_var/zos/lead_03,70,1783147844.069369,0.0027330017182976007
loss/val_lead_var/zos/lead_04,70,1783147844.072639,0.0032133327331393957
loss/val_norm,70,1783147843.8512523,0.0016377920983359218
loss/val_norm_lead/lead_01,70,1783147843.8512812,0.0009448588825762272
loss/val_norm_lead/lead_02,70,1783147843.8512957,0.001446606358513236
loss/val_norm_lead/lead_03,70,1783147843.8596647,0.0018806952284649014
loss/val_norm_lead/lead_04,70,1783147843.8857298,0.0022790078073740005
loss/val_norm_lead_var/siconc/lead_01,70,1783147843.9205701,0.0024655498564243317
loss/val_norm_lead_var/siconc/lead_02,70,1783147843.9327934,0.004073120187968016
loss/val_norm_lead_var/siconc/lead_03,70,1783147843.9423487,0.005283051170408726
loss/val_norm_lead_var/siconc/lead_04,70,1783147843.9629679,0.006259154062718153
loss/val_norm_lead_var/sithick/lead_01,70,1783147844.0078218,0.00038137767114676535
loss/val_norm_lead_var/sithick/lead_02,70,1783147844.018936,0.0005996798281557858
loss/val_norm_lead_var/sithick/lead_03,70,1783147844.0353277,0.0007651532650925219
loss/val_norm_lead_var/sithick/lead_04,70,1783147844.0482557,0.0009061435121111572
loss/val_norm_lead_var/so/lead_01,70,1783147844.1700876,0.0002464416029397398
loss/val_norm_lead_var/so/lead_02,70,1783147844.1928542,0.0004165903083048761
loss/val_norm_lead_var/so/lead_03,70,1783147844.2143424,0.0005636768182739615
loss/val_norm_lead_var/so/lead_04,70,1783147844.2341938,0.0006977710290811956
loss/val_norm_lead_var/thetao/lead_01,70,1783147844.098329,0.0008829435682855546
loss/val_norm_lead_var/thetao/lead_02,70,1783147844.1061685,0.001528282999061048
loss/val_norm_lead_var/thetao/lead_03,70,1783147844.1133907,0.0021111543755978346
loss/val_norm_lead_var/thetao/lead_04,70,1783147844.1306033,0.0026544753927737474
loss/val_norm_lead_var/uo/lead_01,70,1783147844.275444,0.003923009615391493
loss/val_norm_lead_var/uo/lead_02,70,1783147844.2901506,0.005240412894636393
loss/val_norm_lead_var/uo/lead_03,70,1783147844.29574,0.006465989165008068
loss/val_norm_lead_var/uo/lead_04,70,1783147844.2998955,0.00764886848628521
loss/val_norm_lead_var/vo/lead_01,70,1783147844.3094838,0.004040536470711231
loss/val_norm_lead_var/vo/lead_02,70,1783147844.3128302,0.005484314635396004
loss/val_norm_lead_var/vo/lead_03,70,1783147844.3239434,0.006863558664917946
loss/val_norm_lead_var/vo/lead_04,70,1783147844.3384748,0.008208272978663445
loss/val_norm_lead_var/zos/lead_01,70,1783147844.0595758,0.0014956542290747166
loss/val_norm_lead_var/zos/lead_02,70,1783147844.066411,0.002198341302573681
loss/val_norm_lead_var/zos/lead_03,70,1783147844.070313,0.0027330017182976007
loss/val_norm_lead_var/zos/lead_04,70,1783147844.0734997,0.0032133327331393957
loss/val_norm_var/siconc,70,1783147843.9106023,0.0045202188193798065
loss/val_norm_var/sithick,70,1783147843.9873085,0.0006630885764025152
loss/val_norm_var/so,70,1783147844.150076,0.00048111993237398565
loss/val_norm_var/thetao,70,1783147844.0915978,0.00179421401116997
loss/val_norm_var/uo,70,1783147844.253848,0.0058195702731609344
loss/val_norm_var/vo,70,1783147844.3044438,0.0061491709202528
loss/val_norm_var/zos,70,1783147844.0569496,0.0024100823793560266
loss/val_var/siconc,70,1783147843.9023962,0.0045202188193798065
loss/val_var/sithick,70,1783147843.9797862,0.0006630885764025152
loss/val_var/so,70,1783147844.1455414,0.00048111993237398565
loss/val_var/thetao,70,1783147844.0907514,0.00179421401116997
loss/val_var/uo,70,1783147844.246303,0.0058195702731609344
loss/val_var/vo,70,1783147844.3027349,0.0061491709202528
loss/val_var/zos,70,1783147844.056072,0.0024100823793560266
loss/train,71,1783149526.4902024,0.0014703491469845176
loss/train,72,1783151210.6038876,0.001468850765377283
loss/train,73,1783152881.1276855,0.0014700685860589147
loss/train,74,1783154566.9104335,0.0014665140770375729
loss/ema_val,75,1783156651.3964906,0.0016024780925363302
loss/ema_val_denorm,75,1783156651.3964958,0.023083863779902458
loss/train,75,1783156249.9061525,0.0014650293160229921
loss/val,75,1783156651.3964407,0.001627917867153883
loss/val_denorm,75,1783156651.3964846,0.023381710052490234
loss/val_denorm_lead/lead_01,75,1783156651.3965104,0.012092986144125462
loss/val_denorm_lead/lead_02,75,1783156651.3965254,0.020201485604047775
loss/val_denorm_lead/lead_03,75,1783156651.398366,0.027326669543981552
loss/val_denorm_lead/lead_04,75,1783156651.4004338,0.03390569984912872
loss/val_denorm_lead_var/siconc/lead_01,75,1783156651.405093,0.002419236581772566
loss/val_denorm_lead_var/siconc/lead_02,75,1783156651.407771,0.004007797688245773
loss/val_denorm_lead_var/siconc/lead_03,75,1783156651.411317,0.005208883434534073
loss/val_denorm_lead_var/siconc/lead_04,75,1783156651.4149241,0.006182210519909859
loss/val_denorm_lead_var/sithick/lead_01,75,1783156651.4201443,0.002934106858447194
loss/val_denorm_lead_var/sithick/lead_02,75,1783156651.4222174,0.004643504042178392
loss/val_denorm_lead_var/sithick/lead_03,75,1783156651.4243176,0.005943458992987871
loss/val_denorm_lead_var/sithick/lead_04,75,1783156651.4267232,0.007050295360386372
loss/val_denorm_lead_var/so/lead_01,75,1783156651.5399742,0.007922451011836529
loss/val_denorm_lead_var/so/lead_02,75,1783156651.5424924,0.01328741293400526
loss/val_denorm_lead_var/so/lead_03,75,1783156651.5452979,0.017851512879133224
loss/val_denorm_lead_var/so/lead_04,75,1783156651.5488138,0.021984586492180824
loss/val_denorm_lead_var/thetao/lead_01,75,1783156651.5276225,0.02953014150261879
loss/val_denorm_lead_var/thetao/lead_02,75,1783156651.5301728,0.050822604447603226
loss/val_denorm_lead_var/thetao/lead_03,75,1783156651.5325885,0.070010244846344
loss/val_denorm_lead_var/thetao/lead_04,75,1783156651.535092,0.08792079985141754
loss/val_denorm_lead_var/uo/lead_01,75,1783156651.553601,0.008074682205915451
loss/val_denorm_lead_var/uo/lead_02,75,1783156651.5562851,0.010576307773590088
loss/val_denorm_lead_var/uo/lead_03,75,1783156651.5589824,0.012857881374657154
loss/val_denorm_lead_var/uo/lead_04,75,1783156651.5615425,0.015076880343258381
loss/val_denorm_lead_var/vo/lead_01,75,1783156651.5664306,0.008129737339913845
loss/val_denorm_lead_var/vo/lead_02,75,1783156651.5686889,0.010879593901336193
loss/val_denorm_lead_var/vo/lead_03,75,1783156651.572145,0.013428748585283756
loss/val_denorm_lead_var/vo/lead_04,75,1783156651.5746794,0.015929266810417175
loss/val_denorm_lead_var/zos/lead_01,75,1783156651.4315844,0.005754740908741951
loss/val_denorm_lead_var/zos/lead_02,75,1783156651.433746,0.008396055549383163
loss/val_denorm_lead_var/zos/lead_03,75,1783156651.5201895,0.01038309559226036
loss/val_denorm_lead_var/zos/lead_04,75,1783156651.5227458,0.01215583086013794
loss/val_denorm_var/siconc,75,1783156651.4024715,0.0044545321725308895
loss/val_denorm_var/sithick,75,1783156651.4177933,0.00514284148812294
loss/val_denorm_var/so,75,1783156651.5374563,0.01526149082928896
loss/val_denorm_var/thetao,75,1783156651.5249965,0.05957094952464104
loss/val_denorm_var/uo,75,1783156651.5513406,0.011646438390016556
loss/val_denorm_var/vo,75,1783156651.5637743,0.012091836892068386
loss/val_denorm_var/zos,75,1783156651.4291668,0.009172431193292141
loss/val_lead/lead_01,75,1783156651.3965008,0.0009406392928212881
loss/val_lead/lead_02,75,1783156651.3965156,0.0014385889517143369
loss/val_lead/lead_03,75,1783156651.396772,0.001868383726105094
loss/val_lead/lead_04,75,1783156651.3989077,0.0022640598472207785
loss/val_lead_var/siconc/lead_01,75,1783156651.4033246,0.0024192340206354856
loss/val_lead_var/siconc/lead_02,75,1783156651.405928,0.0040077934972941875
loss/val_lead_var/siconc/lead_03,75,1783156651.4097784,0.0052088783122599125
loss/val_lead_var/siconc/lead_04,75,1783156651.4122891,0.006182204466313124
loss/val_lead_var/sithick/lead_01,75,1783156651.418704,0.0003849677450489253
loss/val_lead_var/sithick/lead_02,75,1783156651.4209423,0.0006092481780797243
loss/val_lead_var/sithick/lead_03,75,1783156651.4229898,0.0007798079750500619
loss/val_lead_var/sithick/lead_04,75,1783156651.4251158,0.0009250297443941236
loss/val_lead_var/so/lead_01,75,1783156651.538272,0.000246648007305339
loss/val_lead_var/so/lead_02,75,1783156651.540701,0.0004163363191764802
loss/val_lead_var/so/lead_03,75,1783156651.5432167,0.0005628307117149234
loss/val_lead_var/so/lead_04,75,1783156651.5472484,0.0006965873180888593
loss/val_lead_var/thetao/lead_01,75,1783156651.5259693,0.0008807634003460407
loss/val_lead_var/thetao/lead_02,75,1783156651.528442,0.0015202559297904372
loss/val_lead_var/thetao/lead_03,75,1783156651.5309567,0.002099445788189769
loss/val_lead_var/thetao/lead_04,75,1783156651.5334227,0.002641876693814993
loss/val_lead_var/uo/lead_01,75,1783156651.5521488,0.0039041335694491863
loss/val_lead_var/uo/lead_02,75,1783156651.554539,0.005221983417868614
loss/val_lead_var/uo/lead_03,75,1783156651.5572894,0.006442947778850794
loss/val_lead_var/uo/lead_04,75,1783156651.559823,0.0076285433024168015
loss/val_lead_var/vo/lead_01,75,1783156651.5646856,0.0040338365361094475
loss/val_lead_var/vo/lead_02,75,1783156651.567248,0.005468605551868677
loss/val_lead_var/vo/lead_03,75,1783156651.5699902,0.006816414650529623
loss/val_lead_var/vo/lead_04,75,1783156651.573032,0.00813855417072773
loss/val_lead_var/zos/lead_01,75,1783156651.4299972,0.0014842055970802903
loss/val_lead_var/zos/lead_02,75,1783156651.4322362,0.0021654271986335516
loss/val_lead_var/zos/lead_03,75,1783156651.5185275,0.002677904674783349
loss/val_lead_var/zos/lead_04,75,1783156651.521099,0.0031351109500974417
loss/val_norm,75,1783156651.3964763,0.001627917867153883
loss/val_norm_lead/lead_01,75,1783156651.3965056,0.0009406392928212881
loss/val_norm_lead/lead_02,75,1783156651.3965206,0.0014385889517143369
loss/val_norm_lead/lead_03,75,1783156651.3976293,0.001868383726105094
loss/val_norm_lead/lead_04,75,1783156651.3996966,0.0022640598472207785
loss/val_norm_lead_var/siconc/lead_01,75,1783156651.4042468,0.0024192340206354856
loss/val_norm_lead_var/siconc/lead_02,75,1783156651.4067574,0.0040077934972941875
loss/val_norm_lead_var/siconc/lead_03,75,1783156651.410638,0.0052088783122599125
loss/val_norm_lead_var/siconc/lead_04,75,1783156651.4134696,0.006182204466313124
loss/val_norm_lead_var/sithick/lead_01,75,1783156651.419468,0.0003849677450489253
loss/val_norm_lead_var/sithick/lead_02,75,1783156651.42168,0.0006092481780797243
loss/val_norm_lead_var/sithick/lead_03,75,1783156651.4235206,0.0007798079750500619
loss/val_norm_lead_var/sithick/lead_04,75,1783156651.4259143,0.0009250297443941236
loss/val_norm_lead_var/so/lead_01,75,1783156651.5391846,0.000246648007305339
loss/val_norm_lead_var/so/lead_02,75,1783156651.54155,0.0004163363191764802
loss/val_norm_lead_var/so/lead_03,75,1783156651.5440493,0.0005628307117149234
loss/val_norm_lead_var/so/lead_04,75,1783156651.548098,0.0006965873180888593
loss/val_norm_lead_var/thetao/lead_01,75,1783156651.5268338,0.0008807634003460407
loss/val_norm_lead_var/thetao/lead_02,75,1783156651.5293138,0.0015202559297904372
loss/val_norm_lead_var/thetao/lead_03,75,1783156651.5318208,0.002099445788189769
loss/val_norm_lead_var/thetao/lead_04,75,1783156651.5341802,0.002641876693814993
loss/val_norm_lead_var/uo/lead_01,75,1783156651.5528693,0.0039041335694491863
loss/val_norm_lead_var/uo/lead_02,75,1783156651.5555422,0.005221983417868614
loss/val_norm_lead_var/uo/lead_03,75,1783156651.5580602,0.006442947778850794
loss/val_norm_lead_var/uo/lead_04,75,1783156651.5605352,0.0076285433024168015
loss/val_norm_lead_var/vo/lead_01,75,1783156651.5654776,0.0040338365361094475
loss/val_norm_lead_var/vo/lead_02,75,1783156651.5679767,0.005468605551868677
loss/val_norm_lead_var/vo/lead_03,75,1783156651.5709803,0.006816414650529623
loss/val_norm_lead_var/vo/lead_04,75,1783156651.5738485,0.00813855417072773
loss/val_norm_lead_var/zos/lead_01,75,1783156651.4309082,0.0014842055970802903
loss/val_norm_lead_var/zos/lead_02,75,1783156651.4329884,0.0021654271986335516
loss/val_norm_lead_var/zos/lead_03,75,1783156651.5194407,0.002677904674783349
loss/val_norm_lead_var/zos/lead_04,75,1783156651.521917,0.0031351109500974417
loss/val_norm_var/siconc,75,1783156651.401734,0.0044545275159180164
loss/val_norm_var/sithick,75,1783156651.4170673,0.0006747634033672512
loss/val_norm_var/so,75,1783156651.5366104,0.00048060057451948524
loss/val_norm_var/thetao,75,1783156651.5242984,0.0017855855403468013
loss/val_norm_var/uo,75,1783156651.550398,0.005799402017146349
loss/val_norm_var/vo,75,1783156651.5629857,0.006114352494478226
loss/val_norm_var/zos,75,1783156651.428485,0.002365662017837167
loss/val_var/siconc,75,1783156651.4010782,0.0044545275159180164
loss/val_var/sithick,75,1783156651.4156938,0.0006747634033672512
loss/val_var/so,75,1783156651.5358496,0.00048060057451948524
loss/val_var/thetao,75,1783156651.5236242,0.0017855855403468013
loss/val_var/uo,75,1783156651.5495582,0.005799402017146349
loss/val_var/vo,75,1783156651.562265,0.006114352494478226
loss/val_var/zos,75,1783156651.4275634,0.002365662017837167
loss/train,76,1783158337.609629,0.0014665815979242325
loss/train,77,1783160020.2271519,0.0014660748420283198
loss/train,78,1783161703.2406342,0.0014631523517891765
loss/train,79,1783163375.916769,0.001464782515540719
loss/ema_val,80,1783165438.0936482,0.0015991399995982647
loss/ema_val_denorm,80,1783165438.0936532,0.023022158071398735
loss/train,80,1783165039.0417366,0.00146218400914222
loss/val,80,1783165438.0935946,0.0016323267482221127
loss/val_denorm,80,1783165438.093642,0.023383356630802155
loss/val_denorm_lead/lead_01,80,1783165438.0936685,0.012074654921889305
loss/val_denorm_lead/lead_02,80,1783165438.0936854,0.02019813098013401
loss/val_denorm_lead/lead_03,80,1783165438.1021378,0.02733813226222992
loss/val_denorm_lead/lead_04,80,1783165438.1137908,0.03392251208424568
loss/val_denorm_lead_var/siconc/lead_01,80,1783165438.1361911,0.002437784569337964
loss/val_denorm_lead_var/siconc/lead_02,80,1783165438.1445932,0.004038721788674593
loss/val_denorm_lead_var/siconc/lead_03,80,1783165438.1551805,0.005247948225587606
loss/val_denorm_lead_var/siconc/lead_04,80,1783165438.1659422,0.0062258499674499035
loss/val_denorm_lead_var/sithick/lead_01,80,1783165438.19024,0.0029358945321291685
loss/val_denorm_lead_var/sithick/lead_02,80,1783165438.2034905,0.004642187617719173
loss/val_denorm_lead_var/sithick/lead_03,80,1783165438.2169666,0.005918709095567465
loss/val_denorm_lead_var/sithick/lead_04,80,1783165438.2281823,0.006995604373514652
loss/val_denorm_lead_var/so/lead_01,80,1783165438.3720977,0.007892697118222713
loss/val_denorm_lead_var/so/lead_02,80,1783165438.3747635,0.01323977205902338
loss/val_denorm_lead_var/so/lead_03,80,1783165438.3783147,0.017792411148548126
loss/val_denorm_lead_var/so/lead_04,80,1783165438.3809557,0.021911662071943283
loss/val_denorm_lead_var/thetao/lead_01,80,1783165438.3587196,0.029490459710359573
loss/val_denorm_lead_var/thetao/lead_02,80,1783165438.3613067,0.05086236074566841
loss/val_denorm_lead_var/thetao/lead_03,80,1783165438.3640602,0.07012156397104263
loss/val_denorm_lead_var/thetao/lead_04,80,1783165438.3667848,0.08807369321584702
loss/val_denorm_lead_var/uo/lead_01,80,1783165438.386304,0.00809952337294817
loss/val_denorm_lead_var/uo/lead_02,80,1783165438.3889248,0.010619895532727242
loss/val_denorm_lead_var/uo/lead_03,80,1783165438.3913405,0.012906290590763092
loss/val_denorm_lead_var/uo/lead_04,80,1783165438.3941407,0.015118788927793503
loss/val_denorm_lead_var/vo/lead_01,80,1783165438.3991864,0.008110429160296917
loss/val_denorm_lead_var/vo/lead_02,80,1783165438.4014711,0.01087061408907175
loss/val_denorm_lead_var/vo/lead_03,80,1783165438.4035919,0.013433786109089851
loss/val_denorm_lead_var/vo/lead_04,80,1783165438.40606,0.015923507511615753
loss/val_denorm_lead_var/zos/lead_01,80,1783165438.3412368,0.0058042011223733425
loss/val_denorm_lead_var/zos/lead_02,80,1783165438.3472252,0.00849112682044506
loss/val_denorm_lead_var/zos/lead_03,80,1783165438.3507268,0.010541649535298347
loss/val_denorm_lead_var/zos/lead_04,80,1783165438.3533332,0.012393048964440823
loss/val_denorm_var/siconc,80,1783165438.1239178,0.004487575963139534
loss/val_denorm_var/sithick,80,1783165438.1788728,0.005123098846524954
loss/val_denorm_var/so,80,1783165438.3692436,0.015209135599434376
loss/val_denorm_var/thetao,80,1783165438.3559268,0.05963701754808426
loss/val_denorm_var/uo,80,1783165438.3834836,0.01168612390756607
loss/val_denorm_var/vo,80,1783165438.3966143,0.01208458375185728
loss/val_denorm_var/zos,80,1783165438.2401516,0.009307506494224072
loss/val_lead/lead_01,80,1783165438.0936587,0.0009417345863766968
loss/val_lead/lead_02,80,1783165438.0936747,0.001442170119844377
loss/val_lead/lead_03,80,1783165438.0938358,0.001874324749223888
loss/val_lead/lead_04,80,1783165438.105929,0.002271077362820506
loss/val_lead_var/siconc/lead_01,80,1783165438.1281378,0.0024377822410315275
loss/val_lead_var/siconc/lead_02,80,1783165438.1396668,0.004038717597723007
loss/val_lead_var/siconc/lead_03,80,1783165438.1480591,0.005247942637652159
loss/val_lead_var/siconc/lead_04,80,1783165438.15862,0.006225843448191881
loss/val_lead_var/sithick/lead_01,80,1783165438.1823516,0.0003852022928185761
loss/val_lead_var/sithick/lead_02,80,1783165438.19418,0.0006090754177421331
loss/val_lead_var/sithick/lead_03,80,1783165438.2079754,0.0007765606860630214
loss/val_lead_var/sithick/lead_04,80,1783165438.2210736,0.000917854078579694
loss/val_lead_var/so/lead_01,80,1783165438.3701632,0.00024577396106906235
loss/val_lead_var/so/lead_02,80,1783165438.373007,0.00041498473729006946
loss/val_lead_var/so/lead_03,80,1783165438.3761632,0.0005612119566649199
loss/val_lead_var/so/lead_04,80,1783165438.3792546,0.0006946226349100471
loss/val_lead_var/thetao/lead_01,80,1783165438.3568153,0.0008794297464191914
loss/val_lead_var/thetao/lead_02,80,1783165438.3596056,0.0015211737481877208
loss/val_lead_var/thetao/lead_03,80,1783165438.3622355,0.002102517755702138
loss/val_lead_var/thetao/lead_04,80,1783165438.3648763,0.002646028297021985
loss/val_lead_var/uo/lead_01,80,1783165438.384502,0.003912217915058136
loss/val_lead_var/uo/lead_02,80,1783165438.387244,0.005240373779088259
loss/val_lead_var/uo/lead_03,80,1783165438.3897474,0.006468525156378746
loss/val_lead_var/uo/lead_04,80,1783165438.392304,0.007652497384697199
loss/val_lead_var/vo/lead_01,80,1783165438.3973415,0.004026557318866253
loss/val_lead_var/vo/lead_02,80,1783165438.4000006,0.005468778777867556
loss/val_lead_var/vo/lead_03,80,1783165438.4021354,0.006825489457696676
loss/val_lead_var/vo/lead_04,80,1783165438.4043818,0.008143310435116291
loss/val_lead_var/zos/lead_01,80,1783165438.243915,0.0014969618059694767
loss/val_lead_var/zos/lead_02,80,1783165438.3434246,0.002189947059378028
loss/val_lead_var/zos/lead_03,80,1783165438.3487892,0.0027187971863895655
loss/val_lead_var/zos/lead_04,80,1783165438.3516076,0.003196291858330369
loss/val_norm,80,1783165438.0936332,0.0016323267482221127
loss/val_norm_lead/lead_01,80,1783165438.0936635,0.0009417345863766968
loss/val_norm_lead/lead_02,80,1783165438.09368,0.001442170119844377
loss/val_norm_lead/lead_03,80,1783165438.0980206,0.001874324749223888
loss/val_norm_lead/lead_04,80,1783165438.109933,0.002271077362820506
loss/val_norm_lead_var/siconc/lead_01,80,1783165438.1317918,0.0024377822410315275
loss/val_norm_lead_var/siconc/lead_02,80,1783165438.1414666,0.004038717597723007
loss/val_norm_lead_var/siconc/lead_03,80,1783165438.1518111,0.005247942637652159
loss/val_norm_lead_var/siconc/lead_04,80,1783165438.1620183,0.006225843448191881
loss/val_norm_lead_var/sithick/lead_01,80,1783165438.1864104,0.0003852022928185761
loss/val_norm_lead_var/sithick/lead_02,80,1783165438.1986716,0.0006090754177421331
loss/val_norm_lead_var/sithick/lead_03,80,1783165438.212712,0.0007765606860630214
loss/val_norm_lead_var/sithick/lead_04,80,1783165438.2248113,0.000917854078579694
loss/val_norm_lead_var/so/lead_01,80,1783165438.3711433,0.00024577396106906235
loss/val_norm_lead_var/so/lead_02,80,1783165438.3740098,0.00041498473729006946
loss/val_norm_lead_var/so/lead_03,80,1783165438.3773916,0.0005612119566649199
loss/val_norm_lead_var/so/lead_04,80,1783165438.3800793,0.0006946226349100471
loss/val_norm_lead_var/thetao/lead_01,80,1783165438.3576853,0.0008794297464191914
loss/val_norm_lead_var/thetao/lead_02,80,1783165438.3605003,0.0015211737481877208
loss/val_norm_lead_var/thetao/lead_03,80,1783165438.363088,0.002102517755702138
loss/val_norm_lead_var/thetao/lead_04,80,1783165438.3658926,0.002646028297021985
loss/val_norm_lead_var/uo/lead_01,80,1783165438.385397,0.003912217915058136
loss/val_norm_lead_var/uo/lead_02,80,1783165438.388103,0.005240373779088259
loss/val_norm_lead_var/uo/lead_03,80,1783165438.3905146,0.006468525156378746
loss/val_norm_lead_var/uo/lead_04,80,1783165438.3932679,0.007652497384697199
loss/val_norm_lead_var/vo/lead_01,80,1783165438.398326,0.004026557318866253
loss/val_norm_lead_var/vo/lead_02,80,1783165438.4007869,0.005468778777867556
loss/val_norm_lead_var/vo/lead_03,80,1783165438.402872,0.006825489457696676
loss/val_norm_lead_var/vo/lead_04,80,1783165438.405179,0.008143310435116291
loss/val_norm_lead_var/zos/lead_01,80,1783165438.2480967,0.0014969618059694767
loss/val_norm_lead_var/zos/lead_02,80,1783165438.3452964,0.002189947059378028
loss/val_norm_lead_var/zos/lead_03,80,1783165438.3498955,0.0027187971863895655
loss/val_norm_lead_var/zos/lead_04,80,1783165438.352467,0.003196291858330369
loss/val_norm_var/siconc,80,1783165438.1211753,0.004487571772187948
loss/val_norm_var/sithick,80,1783165438.1743271,0.0006721731042489409
loss/val_norm_var/so,80,1783165438.3684344,0.0004791483224835247
loss/val_norm_var/thetao,80,1783165438.3550684,0.0017872874159365892
loss/val_norm_var/uo,80,1783165438.3826597,0.0058184037916362286
loss/val_norm_var/vo,80,1783165438.395845,0.006116033997386694
loss/val_norm_var/zos,80,1783165438.2360425,0.0024004995357245207
loss/val_var/siconc,80,1783165438.117151,0.004487571772187948
loss/val_var/sithick,80,1783165438.1699145,0.0006721731042489409
loss/val_var/so,80,1783165438.3676298,0.0004791483224835247
loss/val_var/thetao,80,1783165438.354179,0.0017872874159365892
loss/val_var/uo,80,1783165438.381805,0.0058184037916362286
loss/val_var/vo,80,1783165438.3949747,0.006116033997386694
loss/val_var/zos,80,1783165438.232268,0.0024004995357245207
loss/train,81,1783167123.3785331,0.0014631113735958934
loss/train,82,1783168792.5458024,0.0014612108934670687
loss/train,83,1783170483.0096338,0.0014604664174839854
loss/train,84,1783172168.384922,0.0014603340532630682
loss/ema_val,85,1783174258.6791246,0.001596095971763134
loss/ema_val_denorm,85,1783174258.6791303,0.0229704137891531
loss/train,85,1783173860.2776182,0.0014585531316697598
loss/val,85,1783174258.6790683,0.0016259353142231703
loss/val_denorm,85,1783174258.6791184,0.02327968366444111
loss/val_denorm_lead/lead_01,85,1783174258.6791472,0.012046575546264648
loss/val_denorm_lead/lead_02,85,1783174258.6791615,0.02011851966381073
loss/val_denorm_lead/lead_03,85,1783174258.6900623,0.02720695734024048
loss/val_denorm_lead/lead_04,85,1783174258.7051759,0.03374667838215828
loss/val_denorm_lead_var/siconc/lead_01,85,1783174258.7252886,0.0024355121422559023
loss/val_denorm_lead_var/siconc/lead_02,85,1783174258.7348738,0.00403961818665266
loss/val_denorm_lead_var/siconc/lead_03,85,1783174258.746696,0.005256772972643375
loss/val_denorm_lead_var/siconc/lead_04,85,1783174258.7558088,0.006243787240236998
loss/val_denorm_lead_var/sithick/lead_01,85,1783174258.7786324,0.002926577813923359
loss/val_denorm_lead_var/sithick/lead_02,85,1783174258.7887707,0.004626985173672438
loss/val_denorm_lead_var/sithick/lead_03,85,1783174258.7984774,0.005915941670536995
loss/val_denorm_lead_var/sithick/lead_04,85,1783174258.8130794,0.007009136024862528
loss/val_denorm_lead_var/so/lead_01,85,1783174258.95148,0.007899238727986813
loss/val_denorm_lead_var/so/lead_02,85,1783174258.9689093,0.013232407160103321
loss/val_denorm_lead_var/so/lead_03,85,1783174258.9874752,0.017759114503860474
loss/val_denorm_lead_var/so/lead_04,85,1783174259.0070088,0.021856429055333138
loss/val_denorm_lead_var/thetao/lead_01,85,1783174258.883683,0.02937270514667034
loss/val_denorm_lead_var/thetao/lead_02,85,1783174258.8984451,0.05057475343346596
loss/val_denorm_lead_var/thetao/lead_03,85,1783174258.9102492,0.06967242807149887
loss/val_denorm_lead_var/thetao/lead_04,85,1783174258.9204028,0.08747762441635132
loss/val_denorm_lead_var/uo/lead_01,85,1783174259.0343585,0.008117775432765484
loss/val_denorm_lead_var/uo/lead_02,85,1783174259.0562797,0.010572445578873158
loss/val_denorm_lead_var/uo/lead_03,85,1783174259.0806847,0.012834982015192509
loss/val_denorm_lead_var/uo/lead_04,85,1783174259.1263409,0.015014716424047947
loss/val_denorm_lead_var/vo/lead_01,85,1783174259.3617172,0.008073494769632816
loss/val_denorm_lead_var/vo/lead_02,85,1783174259.377764,0.010798471979796886
loss/val_denorm_lead_var/vo/lead_03,85,1783174259.3959658,0.013345947489142418
loss/val_denorm_lead_var/vo/lead_04,85,1783174259.4179072,0.01584627665579319
loss/val_denorm_lead_var/zos/lead_01,85,1783174258.836186,0.005777021404355764
loss/val_denorm_lead_var/zos/lead_02,85,1783174258.8403013,0.00845723319798708
loss/val_denorm_lead_var/zos/lead_03,85,1783174258.853259,0.0104844830930233
loss/val_denorm_lead_var/zos/lead_04,85,1783174258.8657095,0.012318766675889492
loss/val_denorm_var/siconc,85,1783174258.7194588,0.0044939229264855385
loss/val_denorm_var/sithick,85,1783174258.7674818,0.005119659937918186
loss/val_denorm_var/so,85,1783174258.9400516,0.015186797827482224
loss/val_denorm_var/thetao,85,1783174258.8727033,0.059274379163980484
loss/val_denorm_var/uo,85,1783174259.022283,0.011634979397058487
loss/val_denorm_var/vo,85,1783174259.3448217,0.012016047723591328
loss/val_denorm_var/zos,85,1783174258.8328102,0.009259375743567944
loss/val_lead/lead_01,85,1783174258.6791356,0.0009396348614245653
loss/val_lead/lead_02,85,1783174258.679152,0.0014364792732521892
loss/val_lead/lead_03,85,1783174258.6794221,0.0018662404036149383
loss/val_lead/lead_04,85,1783174258.697341,0.002261386951431632
loss/val_lead_var/siconc/lead_01,85,1783174258.7219589,0.0024355098139494658
loss/val_lead_var/siconc/lead_02,85,1783174258.7296884,0.004039614461362362
loss/val_lead_var/siconc/lead_03,85,1783174258.7381856,0.005256767850369215
loss/val_lead_var/siconc/lead_04,85,1783174258.7488256,0.006243781186640263
loss/val_lead_var/sithick/lead_01,85,1783174258.7707784,0.00038397987373173237
loss/val_lead_var/sithick/lead_02,85,1783174258.7826471,0.0006070808158256114
loss/val_lead_var/sithick/lead_03,85,1783174258.7924361,0.0007761975866742432
loss/val_lead_var/sithick/lead_04,85,1783174258.8033602,0.0009196295286528766
loss/val_lead_var/so/lead_01,85,1783174258.945133,0.0002459440438542515
loss/val_lead_var/so/lead_02,85,1783174258.9574497,0.0004146021674387157
loss/val_lead_var/so/lead_03,85,1783174258.9744675,0.0005599784781225026
loss/val_lead_var/so/lead_04,85,1783174258.9939437,0.0006926983478479087
loss/val_lead_var/thetao/lead_01,85,1783174258.8762581,0.0008759900229051709
loss/val_lead_var/thetao/lead_02,85,1783174258.889091,0.0015126740327104926
loss/val_lead_var/thetao/lead_03,85,1783174258.90415,0.002089128131046891
loss/val_lead_var/thetao/lead_04,85,1783174258.912409,0.002628287300467491
loss/val_lead_var/uo/lead_01,85,1783174259.02568,0.003916168585419655
loss/val_lead_var/uo/lead_02,85,1783174259.0424006,0.00521895894780755
loss/val_lead_var/uo/lead_03,85,1783174259.0637705,0.006437278818339109
loss/val_lead_var/uo/lead_04,85,1783174259.086891,0.007606869097799063
loss/val_lead_var/vo/lead_01,85,1783174259.3501697,0.004008193966001272
loss/val_lead_var/vo/lead_02,85,1783174259.3673007,0.005430370103567839
loss/val_lead_var/vo/lead_03,85,1783174259.3831015,0.006776221562176943
loss/val_lead_var/vo/lead_04,85,1783174259.4034874,0.008095787838101387
loss/val_lead_var/zos/lead_01,85,1783174258.8339052,0.0014899518573656678
loss/val_lead_var/zos/lead_02,85,1783174258.837394,0.0021812054328620434
loss/val_lead_var/zos/lead_03,85,1783174258.8434982,0.002704053418710828
loss/val_lead_var/zos/lead_04,85,1783174258.8583384,0.0031771338544785976
loss/val_norm,85,1783174258.679109,0.0016259353142231703
loss/val_norm_lead/lead_01,85,1783174258.6791422,0.0009396348614245653
loss/val_norm_lead/lead_02,85,1783174258.679157,0.0014364792732521892
loss/val_norm_lead/lead_03,85,1783174258.68368,0.0018662404036149383
loss/val_norm_lead/lead_04,85,1783174258.7035155,0.002261386951431632
loss/val_norm_lead_var/siconc/lead_01,85,1783174258.723975,0.0024355098139494658
loss/val_norm_lead_var/siconc/lead_02,85,1783174258.732664,0.004039614461362362
loss/val_norm_lead_var/siconc/lead_03,85,1783174258.7428484,0.005256767850369215
loss/val_norm_lead_var/siconc/lead_04,85,1783174258.752337,0.006243781186640263
loss/val_norm_lead_var/sithick/lead_01,85,1783174258.7744856,0.00038397987373173237
loss/val_norm_lead_var/sithick/lead_02,85,1783174258.7860062,0.0006070808158256114
loss/val_norm_lead_var/sithick/lead_03,85,1783174258.794657,0.0007761975866742432
loss/val_norm_lead_var/sithick/lead_04,85,1783174258.8079898,0.0009196295286528766
loss/val_norm_lead_var/so/lead_01,85,1783174258.9482841,0.0002459440438542515
loss/val_norm_lead_var/so/lead_02,85,1783174258.9633434,0.0004146021674387157
loss/val_norm_lead_var/so/lead_03,85,1783174258.9824953,0.0005599784781225026
loss/val_norm_lead_var/so/lead_04,85,1783174259.0003843,0.0006926983478479087
loss/val_norm_lead_var/thetao/lead_01,85,1783174258.880445,0.0008759900229051709
loss/val_norm_lead_var/thetao/lead_02,85,1783174258.8949745,0.0015126740327104926
loss/val_norm_lead_var/thetao/lead_03,85,1783174258.9064744,0.002089128131046891
loss/val_norm_lead_var/thetao/lead_04,85,1783174258.91598,0.002628287300467491
loss/val_norm_lead_var/uo/lead_01,85,1783174259.029121,0.003916168585419655
loss/val_norm_lead_var/uo/lead_02,85,1783174259.0486147,0.00521895894780755
loss/val_norm_lead_var/uo/lead_03,85,1783174259.0725245,0.006437278818339109
loss/val_norm_lead_var/uo/lead_04,85,1783174259.0950725,0.007606869097799063
loss/val_norm_lead_var/vo/lead_01,85,1783174259.355084,0.004008193966001272
loss/val_norm_lead_var/vo/lead_02,85,1783174259.37397,0.005430370103567839
loss/val_norm_lead_var/vo/lead_03,85,1783174259.390261,0.006776221562176943
loss/val_norm_lead_var/vo/lead_04,85,1783174259.4111674,0.008095787838101387
loss/val_norm_lead_var/zos/lead_01,85,1783174258.834977,0.0014899518573656678
loss/val_norm_lead_var/zos/lead_02,85,1783174258.8387952,0.0021812054328620434
loss/val_norm_lead_var/zos/lead_03,85,1783174258.8477697,0.002704053418710828
loss/val_norm_lead_var/zos/lead_04,85,1783174258.8622515,0.0031771338544785976
loss/val_norm_var/siconc,85,1783174258.7153366,0.004493918269872665
loss/val_norm_var/sithick,85,1783174258.7641861,0.0006717219366692007
loss/val_norm_var/so,85,1783174258.932292,0.00047830576659180224
loss/val_norm_var/thetao,85,1783174258.8706236,0.0017765199299901724
loss/val_norm_var/uo,85,1783174259.0184612,0.005794818978756666
loss/val_norm_var/vo,85,1783174259.3393629,0.006077643018215895
loss/val_norm_var/zos,85,1783174258.8318074,0.0023880861699581146
loss/val_var/siconc,85,1783174258.71182,0.004493918269872665
loss/val_var/sithick,85,1783174258.7596087,0.0006717219366692007
loss/val_var/so,85,1783174258.9274433,0.00047830576659180224
loss/val_var/thetao,85,1783174258.8668754,0.0017765199299901724
loss/val_var/uo,85,1783174259.012993,0.005794818978756666
loss/val_var/vo,85,1783174259.3355904,0.006077643018215895
loss/val_var/zos,85,1783174258.830376,0.0023880861699581146
loss/train,86,1783175938.8447194,0.00145900493953377
loss/train,87,1783177618.7323444,0.0014578861882910132
loss/train,88,1783179298.738867,0.0014572017826139927
loss/train,89,1783180985.3174589,0.0014560292474925518
loss/ema_val,90,1783183075.9923604,0.0015935247065499425
loss/ema_val_denorm,90,1783183075.9923656,0.022933920845389366
loss/train,90,1783182673.996549,0.001455657766200602
loss/val,90,1783183075.9923084,0.0016193324699997902
loss/val_denorm,90,1783183075.992355,0.023268425837159157
loss/val_denorm_lead/lead_01,90,1783183075.9923804,0.012009244412183762
loss/val_denorm_lead/lead_02,90,1783183075.9923954,0.020086219534277916
loss/val_denorm_lead/lead_03,90,1783183076.000339,0.02720092609524727
loss/val_denorm_lead/lead_04,90,1783183076.0123887,0.03377731516957283
loss/val_denorm_lead_var/siconc/lead_01,90,1783183076.03861,0.0024124551564455032
loss/val_denorm_lead_var/siconc/lead_02,90,1783183076.0530298,0.003992463927716017
loss/val_denorm_lead_var/siconc/lead_03,90,1783183076.0693414,0.005192915443331003
loss/val_denorm_lead_var/siconc/lead_04,90,1783183076.084157,0.006168982945382595
loss/val_denorm_lead_var/sithick/lead_01,90,1783183076.1103287,0.002942052436992526
loss/val_denorm_lead_var/sithick/lead_02,90,1783183076.1238146,0.004620525054633617
loss/val_denorm_lead_var/sithick/lead_03,90,1783183076.197005,0.005903204903006554
loss/val_denorm_lead_var/sithick/lead_04,90,1783183076.2134707,0.007003081031143665
loss/val_denorm_lead_var/so/lead_01,90,1783183076.7799535,0.007893186062574387
loss/val_denorm_lead_var/so/lead_02,90,1783183076.7929778,0.01323889009654522
loss/val_denorm_lead_var/so/lead_03,90,1783183076.8058379,0.01780569925904274
loss/val_denorm_lead_var/so/lead_04,90,1783183076.8194695,0.021958541125059128
loss/val_denorm_lead_var/thetao/lead_01,90,1783183076.5117528,0.02926141954958439
loss/val_denorm_lead_var/thetao/lead_02,90,1783183076.5232854,0.050471704453229904
loss/val_denorm_lead_var/thetao/lead_03,90,1783183076.5339653,0.06961587071418762
loss/val_denorm_lead_var/thetao/lead_04,90,1783183076.7477055,0.08747319132089615
loss/val_denorm_lead_var/uo/lead_01,90,1783183076.8379207,0.008000052534043789
loss/val_denorm_lead_var/uo/lead_02,90,1783183076.8582528,0.010493800975382328
loss/val_denorm_lead_var/uo/lead_03,90,1783183076.8755157,0.012755556963384151
loss/val_denorm_lead_var/uo/lead_04,90,1783183076.8829792,0.014957273378968239
loss/val_denorm_lead_var/vo/lead_01,90,1783183076.9035325,0.008061538450419903
loss/val_denorm_lead_var/vo/lead_02,90,1783183076.9121165,0.010776462033390999
loss/val_denorm_lead_var/vo/lead_03,90,1783183076.9233963,0.013310754671692848
loss/val_denorm_lead_var/vo/lead_04,90,1783183076.9358997,0.015815777704119682
loss/val_denorm_lead_var/zos/lead_01,90,1783183076.2395322,0.0057344455271959305
loss/val_denorm_lead_var/zos/lead_02,90,1783183076.2541163,0.008401691913604736
loss/val_denorm_lead_var/zos/lead_03,90,1783183076.469434,0.010411979630589485
loss/val_denorm_lead_var/zos/lead_04,90,1783183076.4819827,0.012208515778183937
loss/val_denorm_var/siconc,90,1783183076.0266519,0.004441704601049423
loss/val_denorm_var/sithick,90,1783183076.0971394,0.005117216147482395
loss/val_denorm_var/so,90,1783183076.76396,0.015224078670144081
loss/val_denorm_var/thetao,90,1783183076.4954648,0.0592055469751358
loss/val_denorm_var/uo,90,1783183076.8284345,0.011551670730113983
loss/val_denorm_var/vo,90,1783183076.893006,0.011991132982075214
loss/val_denorm_var/zos,90,1783183076.226577,0.00918915867805481
loss/val_lead/lead_01,90,1783183075.9923704,0.0009342848788946867
loss/val_lead/lead_02,90,1783183075.9923856,0.0014299438335001469
loss/val_lead/lead_03,90,1783183075.9926448,0.0018587595550343394
loss/val_lead/lead_04,90,1783183076.0043848,0.002254341496154666
loss/val_lead_var/siconc/lead_01,90,1783183076.0313294,0.0024124528281390667
loss/val_lead_var/siconc/lead_02,90,1783183076.0421638,0.003992460202425718
loss/val_lead_var/siconc/lead_03,90,1783183076.0584753,0.005192910321056843
loss/val_lead_var/siconc/lead_04,90,1783183076.0750246,0.00616897689178586
loss/val_lead_var/sithick/lead_01,90,1783183076.1016765,0.000386010215152055
loss/val_lead_var/sithick/lead_02,90,1783183076.1150062,0.0006062332540750504
loss/val_lead_var/sithick/lead_03,90,1783183076.1280134,0.0007745265029370785
loss/val_lead_var/sithick/lead_04,90,1783183076.2028897,0.0009188351104967296
loss/val_lead_var/so/lead_01,90,1783183076.7695947,0.0002457275695633143
loss/val_lead_var/so/lead_02,90,1783183076.7840927,0.00041477486956864595
loss/val_lead_var/so/lead_03,90,1783183076.7971835,0.0005612482782453299
loss/val_lead_var/so/lead_04,90,1783183076.8099928,0.0006954198470339179
loss/val_lead_var/thetao/lead_01,90,1783183076.5006468,0.0008725389488972723
loss/val_lead_var/thetao/lead_02,90,1783183076.5155811,0.0015093914698809385
loss/val_lead_var/thetao/lead_03,90,1783183076.5271456,0.0020870519801974297
loss/val_lead_var/thetao/lead_04,90,1783183076.536293,0.0026275324635207653
loss/val_lead_var/uo/lead_01,90,1783183076.8311524,0.0038667251355946064
loss/val_lead_var/uo/lead_02,90,1783183076.8409102,0.005178731866180897
loss/val_lead_var/uo/lead_03,90,1783183076.8707347,0.0063899243250489235
loss/val_lead_var/uo/lead_04,90,1783183076.8780053,0.007567181251943111
loss/val_lead_var/vo/lead_01,90,1783183076.8979783,0.003997499588876963
loss/val_lead_var/vo/lead_02,90,1783183076.9065204,0.005415106192231178
loss/val_lead_var/vo/lead_03,90,1783183076.9156682,0.006755670066922903
loss/val_lead_var/vo/lead_04,90,1783183076.9275296,0.008079605177044868
loss/val_lead_var/zos/lead_01,90,1783183076.23067,0.001478971098549664
loss/val_lead_var/zos/lead_02,90,1783183076.2439818,0.0021668807603418827
loss/val_lead_var/zos/lead_03,90,1783183076.4605687,0.0026853543240576982
loss/val_lead_var/zos/lead_04,90,1783183076.4736469,0.0031486989464610815
loss/val_norm,90,1783183075.9923475,0.0016193324699997902
loss/val_norm_lead/lead_01,90,1783183075.9923756,0.0009342848788946867
loss/val_norm_lead/lead_02,90,1783183075.9923906,0.0014299438335001469
loss/val_norm_lead/lead_03,90,1783183075.9962895,0.0018587595550343394
loss/val_norm_lead/lead_04,90,1783183076.0083766,0.002254341496154666
loss/val_norm_lead_var/siconc/lead_01,90,1783183076.0349774,0.0024124528281390667
loss/val_norm_lead_var/siconc/lead_02,90,1783183076.0475216,0.003992460202425718
loss/val_norm_lead_var/siconc/lead_03,90,1783183076.064016,0.005192910321056843
loss/val_norm_lead_var/siconc/lead_04,90,1783183076.0797327,0.00616897689178586
loss/val_norm_lead_var/sithick/lead_01,90,1783183076.1059566,0.000386010215152055
loss/val_norm_lead_var/sithick/lead_02,90,1783183076.119689,0.0006062332540750504
loss/val_norm_lead_var/sithick/lead_03,90,1783183076.187521,0.0007745265029370785
loss/val_norm_lead_var/sithick/lead_04,90,1783183076.2084744,0.0009188351104967296
loss/val_norm_lead_var/so/lead_01,90,1783183076.7751582,0.0002457275695633143
loss/val_norm_lead_var/so/lead_02,90,1783183076.7885277,0.00041477486956864595
loss/val_norm_lead_var/so/lead_03,90,1783183076.801578,0.0005612482782453299
loss/val_norm_lead_var/so/lead_04,90,1783183076.814617,0.0006954198470339179
loss/val_norm_lead_var/thetao/lead_01,90,1783183076.5060315,0.0008725389488972723
loss/val_norm_lead_var/thetao/lead_02,90,1783183076.519356,0.0015093914698809385
loss/val_norm_lead_var/thetao/lead_03,90,1783183076.5307875,0.0020870519801974297
loss/val_norm_lead_var/thetao/lead_04,90,1783183076.74243,0.0026275324635207653
loss/val_norm_lead_var/uo/lead_01,90,1783183076.833993,0.0038667251355946064
loss/val_norm_lead_var/uo/lead_02,90,1783183076.8438952,0.005178731866180897
loss/val_norm_lead_var/uo/lead_03,90,1783183076.873417,0.0063899243250489235
loss/val_norm_lead_var/uo/lead_04,90,1783183076.8803039,0.007567181251943111
loss/val_norm_lead_var/vo/lead_01,90,1783183076.900819,0.003997499588876963
loss/val_norm_lead_var/vo/lead_02,90,1783183076.9093688,0.005415106192231178
loss/val_norm_lead_var/vo/lead_03,90,1783183076.9196076,0.006755670066922903
loss/val_norm_lead_var/vo/lead_04,90,1783183076.9316068,0.008079605177044868
loss/val_norm_lead_var/zos/lead_01,90,1783183076.234833,0.001478971098549664
loss/val_norm_lead_var/zos/lead_02,90,1783183076.2490752,0.0021668807603418827
loss/val_norm_lead_var/zos/lead_03,90,1783183076.4655526,0.0026853543240576982
loss/val_norm_lead_var/zos/lead_04,90,1783183076.4776993,0.0031486989464610815
loss/val_norm_var/siconc,90,1783183076.022299,0.00444169994443655
loss/val_norm_var/sithick,90,1783183076.0928798,0.0006714012706652284
loss/val_norm_var/so,90,1783183076.7584822,0.00047929261927492917
loss/val_norm_var/thetao,90,1783183076.4903946,0.0017741286428645253
loss/val_norm_var/uo,90,1783183076.8257062,0.005750640761107206
loss/val_norm_var/vo,90,1783183076.8890476,0.006061970256268978
loss/val_norm_var/zos,90,1783183076.2230897,0.002369976369664073
loss/val_var/siconc,90,1783183076.0168436,0.00444169994443655
loss/val_var/sithick,90,1783183076.0889273,0.0006714012706652284
loss/val_var/so,90,1783183076.752823,0.00047929261927492917
loss/val_var/thetao,90,1783183076.4860456,0.0017741286428645253
loss/val_var/uo,90,1783183076.8228264,0.005750640761107206
loss/val_var/vo,90,1783183076.885275,0.006061970256268978
loss/val_var/zos,90,1783183076.218457,0.002369976369664073
loss/train,91,1783184762.8363538,0.0014554345980286598
loss/train,92,1783186449.3475537,0.0014566642930731177
loss/train,93,1783188127.0255919,0.0014550562482327223
loss/train,94,1783189819.5290854,0.001456002821214497
loss/ema_val,95,1783191897.8215854,0.0015918274875730276
loss/ema_val_denorm,95,1783191897.8215904,0.022904204204678535
loss/train,95,1783191495.8219166,0.0014548859326168895
loss/val,95,1783191897.8215177,0.0016215774230659008
loss/val_denorm,95,1783191897.8215792,0.023244565352797508
loss/val_denorm_lead/lead_01,95,1783191897.8216057,0.01200687512755394
loss/val_denorm_lead/lead_02,95,1783191897.8216205,0.020075274631381035
loss/val_denorm_lead/lead_03,95,1783191897.8284633,0.02717529609799385
loss/val_denorm_lead/lead_04,95,1783191897.8388598,0.03372081369161606
loss/val_denorm_lead_var/siconc/lead_01,95,1783191897.856627,0.0024165138602256775
loss/val_denorm_lead_var/siconc/lead_02,95,1783191897.862051,0.0040141199715435505
loss/val_denorm_lead_var/siconc/lead_03,95,1783191897.8745964,0.0052287089638412
loss/val_denorm_lead_var/siconc/lead_04,95,1783191897.884005,0.006215973291546106
loss/val_denorm_lead_var/sithick/lead_01,95,1783191897.9227102,0.0029307978693395853
loss/val_denorm_lead_var/sithick/lead_02,95,1783191897.9353774,0.004622527863830328
loss/val_denorm_lead_var/sithick/lead_03,95,1783191897.948739,0.005909902509301901
loss/val_denorm_lead_var/sithick/lead_04,95,1783191897.9619298,0.007013529539108276
loss/val_denorm_lead_var/so/lead_01,95,1783191898.0827818,0.007888798601925373
loss/val_denorm_lead_var/so/lead_02,95,1783191898.0870392,0.01320369727909565
loss/val_denorm_lead_var/so/lead_03,95,1783191898.0961368,0.01773795858025551
loss/val_denorm_lead_var/so/lead_04,95,1783191898.3052802,0.02185019478201866
loss/val_denorm_lead_var/thetao/lead_01,95,1783191898.0307121,0.029263727366924286
loss/val_denorm_lead_var/thetao/lead_02,95,1783191898.0430865,0.0504814013838768
loss/val_denorm_lead_var/thetao/lead_03,95,1783191898.0555472,0.06961292028427124
loss/val_denorm_lead_var/thetao/lead_04,95,1783191898.0660076,0.08741448074579239
loss/val_denorm_lead_var/uo/lead_01,95,1783191898.7488172,0.008010485209524632
loss/val_denorm_lead_var/uo/lead_02,95,1783191898.7545009,0.010519948787987232
loss/val_denorm_lead_var/uo/lead_03,95,1783191898.7605226,0.012812991626560688
loss/val_denorm_lead_var/uo/lead_04,95,1783191898.7695029,0.015002383850514889
loss/val_denorm_lead_var/vo/lead_01,95,1783191898.7918003,0.008020459674298763
loss/val_denorm_lead_var/vo/lead_02,95,1783191899.0069091,0.010756020434200764
loss/val_denorm_lead_var/vo/lead_03,95,1783191899.0210981,0.013299108482897282
loss/val_denorm_lead_var/vo/lead_04,95,1783191899.0353682,0.015792429447174072
loss/val_denorm_lead_var/zos/lead_01,95,1783191897.9788613,0.005754756275564432
loss/val_denorm_lead_var/zos/lead_02,95,1783191897.9896154,0.008426194079220295
loss/val_denorm_lead_var/zos/lead_03,95,1783191897.9997663,0.010442715138196945
loss/val_denorm_lead_var/zos/lead_04,95,1783191898.0095587,0.01225685328245163
loss/val_denorm_var/siconc,95,1783191897.8492422,0.004468828905373812
loss/val_denorm_var/sithick,95,1783191897.8929048,0.005119189620018005
loss/val_denorm_var/so,95,1783191898.075666,0.015170162543654442
loss/val_denorm_var/thetao,95,1783191898.0196576,0.05919313430786133
loss/val_denorm_var/uo,95,1783191898.516168,0.011586451902985573
loss/val_denorm_var/vo,95,1783191898.7804658,0.011967004276812077
loss/val_denorm_var/zos,95,1783191897.9717531,0.009220129810273647
loss/val_lead/lead_01,95,1783191897.8215957,0.0009343111887574196
loss/val_lead/lead_02,95,1783191897.8216107,0.0014319514157250524
loss/val_lead/lead_03,95,1783191897.8220623,0.0018623685464262962
loss/val_lead/lead_04,95,1783191897.8316832,0.002257678657770157
loss/val_lead_var/siconc/lead_01,95,1783191897.8524895,0.002416511531919241
loss/val_lead_var/siconc/lead_02,95,1783191897.8583274,0.004014116246253252
loss/val_lead_var/siconc/lead_03,95,1783191897.86618,0.0052287038415670395
loss/val_lead_var/siconc/lead_04,95,1783191897.8780682,0.006215967237949371
loss/val_lead_var/sithick/lead_01,95,1783191897.8961644,0.00038453357410617173
loss/val_lead_var/sithick/lead_02,95,1783191897.9261813,0.0006064960034564137
loss/val_lead_var/sithick/lead_03,95,1783191897.940015,0.0007754052639938891
loss/val_lead_var/sithick/lead_04,95,1783191897.953102,0.0009202059591189027
loss/val_lead_var/so/lead_01,95,1783191898.078924,0.0002456516958773136
loss/val_lead_var/so/lead_02,95,1783191898.0844772,0.00041383897769264877
loss/val_lead_var/so/lead_03,95,1783191898.0896304,0.0005594656686298549
loss/val_lead_var/so/lead_04,95,1783191898.2993305,0.0006925751804374158
loss/val_lead_var/thetao/lead_01,95,1783191898.0231476,0.000872782722581178
loss/val_lead_var/thetao/lead_02,95,1783191898.0345054,0.0015102199977263808
loss/val_lead_var/thetao/lead_03,95,1783191898.0473754,0.002088189357891679
loss/val_lead_var/thetao/lead_04,95,1783191898.0590923,0.0026277094148099422
loss/val_lead_var/uo/lead_01,95,1783191898.5433125,0.00387279293499887
loss/val_lead_var/uo/lead_02,95,1783191898.7513754,0.005199378356337547
loss/val_lead_var/uo/lead_03,95,1783191898.7563272,0.006431488785892725
loss/val_lead_var/uo/lead_04,95,1783191898.7627676,0.007607331033796072
loss/val_lead_var/vo/lead_01,95,1783191898.78382,0.0039825732819736
loss/val_lead_var/vo/lead_02,95,1783191898.7955186,0.005411178804934025
loss/val_lead_var/vo/lead_03,95,1783191899.0111368,0.006754394620656967
loss/val_lead_var/vo/lead_04,95,1783191899.0258985,0.008070331998169422
loss/val_lead_var/zos/lead_01,95,1783191897.974226,0.0014842095552012324
loss/val_lead_var/zos/lead_02,95,1783191897.9816296,0.002173200249671936
loss/val_lead_var/zos/lead_03,95,1783191897.9931483,0.002693281276151538
loss/val_lead_var/zos/lead_04,95,1783191898.0031033,0.0031611656304448843
loss/val_norm,95,1783191897.8215706,0.0016215774230659008
loss/val_norm_lead/lead_01,95,1783191897.8216004,0.0009343111887574196
loss/val_norm_lead/lead_02,95,1783191897.8216157,0.0014319514157250524
loss/val_norm_lead/lead_03,95,1783191897.825434,0.0018623685464262962
loss/val_norm_lead/lead_04,95,1783191897.8351035,0.002257678657770157
loss/val_norm_lead_var/siconc/lead_01,95,1783191897.8548436,0.002416511531919241
loss/val_norm_lead_var/siconc/lead_02,95,1783191897.8600764,0.004014116246253252
loss/val_norm_lead_var/siconc/lead_03,95,1783191897.8703566,0.0052287038415670395
loss/val_norm_lead_var/siconc/lead_04,95,1783191897.8810074,0.006215967237949371
loss/val_norm_lead_var/sithick/lead_01,95,1783191897.898842,0.00038453357410617173
loss/val_norm_lead_var/sithick/lead_02,95,1783191897.931384,0.0006064960034564137
loss/val_norm_lead_var/sithick/lead_03,95,1783191897.9442856,0.0007754052639938891
loss/val_norm_lead_var/sithick/lead_04,95,1783191897.9575055,0.0009202059591189027
loss/val_norm_lead_var/so/lead_01,95,1783191898.0809855,0.0002456516958773136
loss/val_norm_lead_var/so/lead_02,95,1783191898.0855267,0.00041383897769264877
loss/val_norm_lead_var/so/lead_03,95,1783191898.0928538,0.0005594656686298549
loss/val_norm_lead_var/so/lead_04,95,1783191898.3021815,0.0006925751804374158
loss/val_norm_lead_var/thetao/lead_01,95,1783191898.0270445,0.000872782722581178
loss/val_norm_lead_var/thetao/lead_02,95,1783191898.0388718,0.0015102199977263808
loss/val_norm_lead_var/thetao/lead_03,95,1783191898.051997,0.002088189357891679
loss/val_norm_lead_var/thetao/lead_04,95,1783191898.0624356,0.0026277094148099422
loss/val_norm_lead_var/uo/lead_01,95,1783191898.747182,0.00387279293499887
loss/val_norm_lead_var/uo/lead_02,95,1783191898.7528343,0.005199378356337547
loss/val_norm_lead_var/uo/lead_03,95,1783191898.7583754,0.006431488785892725
loss/val_norm_lead_var/uo/lead_04,95,1783191898.7658486,0.007607331033796072
loss/val_norm_lead_var/vo/lead_01,95,1783191898.7878535,0.0039825732819736
loss/val_norm_lead_var/vo/lead_02,95,1783191899.001461,0.005411178804934025
loss/val_norm_lead_var/vo/lead_03,95,1783191899.0163317,0.006754394620656967
loss/val_norm_lead_var/vo/lead_04,95,1783191899.030768,0.008070331998169422
loss/val_norm_lead_var/zos/lead_01,95,1783191897.9764972,0.0014842095552012324
loss/val_norm_lead_var/zos/lead_02,95,1783191897.9863336,0.002173200249671936
loss/val_norm_lead_var/zos/lead_03,95,1783191897.996459,0.002693281276151538
loss/val_norm_lead_var/zos/lead_04,95,1783191898.0056672,0.0031611656304448843
loss/val_norm_var/siconc,95,1783191897.845692,0.004468824714422226
loss/val_norm_var/sithick,95,1783191897.8901818,0.0006716601783409715
loss/val_norm_var/so,95,1783191898.0726948,0.0004778828879352659
loss/val_norm_var/thetao,95,1783191898.016373,0.0017747253878042102
loss/val_norm_var/uo,95,1783191898.513001,0.0057777478359639645
loss/val_norm_var/vo,95,1783191898.776789,0.0060546197928488255
loss/val_norm_var/zos,95,1783191897.9692242,0.0023779640905559063
loss/val_var/siconc,95,1783191897.8423128,0.004468824714422226
loss/val_var/sithick,95,1783191897.8873513,0.0006716601783409715
loss/val_var/so,95,1783191898.0694513,0.0004778828879352659
loss/val_var/thetao,95,1783191898.0129414,0.0017747253878042102
loss/val_var/uo,95,1783191898.5098727,0.0057777478359639645
loss/val_var/vo,95,1783191898.7731533,0.0060546197928488255
loss/val_var/zos,95,1783191897.964889,0.0023779640905559063
loss/train,96,1783193586.0219624,0.001454866724088788
loss/train,97,1783195261.8806903,0.0014543719589710236
loss/train,98,1783196943.2528636,0.001454440876841545
loss/train,99,1783198625.2354712,0.0014537021052092314
loss/ema_val,100,1783200706.6529822,0.0015905700856819749
loss/ema_val_denorm,100,1783200706.652989,0.022881727665662766
loss/train,100,1783200304.018005,0.0014521701959893107
loss/val,100,1783200706.6529305,0.0016148756258189678
loss/val_denorm,100,1783200706.6529748,0.023182924836874008
loss/val_denorm_lead/lead_01,100,1783200706.6530087,0.01198979839682579
loss/val_denorm_lead/lead_02,100,1783200706.6530278,0.020029878243803978
loss/val_denorm_lead/lead_03,100,1783200706.6639743,0.02709309570491314
loss/val_denorm_lead/lead_04,100,1783200706.675721,0.033618927001953125
loss/val_denorm_lead_var/siconc/lead_01,100,1783200706.6974635,0.002407532650977373
loss/val_denorm_lead_var/siconc/lead_02,100,1783200706.7104695,0.0039963568560779095
loss/val_denorm_lead_var/siconc/lead_03,100,1783200706.7258716,0.005200470797717571
loss/val_denorm_lead_var/siconc/lead_04,100,1783200706.740364,0.006178904324769974
loss/val_denorm_lead_var/sithick/lead_01,100,1783200706.823382,0.0029311394318938255
loss/val_denorm_lead_var/sithick/lead_02,100,1783200706.8337882,0.004643886815756559
loss/val_denorm_lead_var/sithick/lead_03,100,1783200706.8431947,0.00595112657174468
loss/val_denorm_lead_var/sithick/lead_04,100,1783200706.8534346,0.007073982618749142
loss/val_denorm_lead_var/so/lead_01,100,1783200707.043659,0.007871105335652828
loss/val_denorm_lead_var/so/lead_02,100,1783200707.059585,0.01316805649548769
loss/val_denorm_lead_var/so/lead_03,100,1783200707.0714781,0.017680656164884567
loss/val_denorm_lead_var/so/lead_04,100,1783200707.095903,0.021771637722849846
loss/val_denorm_lead_var/thetao/lead_01,100,1783200706.9699798,0.029249029234051704
loss/val_denorm_lead_var/thetao/lead_02,100,1783200706.9803212,0.05039677768945694
loss/val_denorm_lead_var/thetao/lead_03,100,1783200706.9957051,0.06942776590585709
loss/val_denorm_lead_var/thetao/lead_04,100,1783200707.0111513,0.08719848096370697
loss/val_denorm_lead_var/uo/lead_01,100,1783200707.1194363,0.007980787195265293
loss/val_denorm_lead_var/uo/lead_02,100,1783200707.13284,0.0104853929951787
loss/val_denorm_lead_var/uo/lead_03,100,1783200707.1472528,0.012743925675749779
loss/val_denorm_lead_var/uo/lead_04,100,1783200707.160988,0.014940599910914898
loss/val_denorm_lead_var/vo/lead_01,100,1783200707.5945027,0.007986730895936489
loss/val_denorm_lead_var/vo/lead_02,100,1783200707.6089356,0.010715669952332973
loss/val_denorm_lead_var/vo/lead_03,100,1783200707.8272018,0.013277164660394192
loss/val_denorm_lead_var/vo/lead_04,100,1783200707.842449,0.01578075997531414
loss/val_denorm_lead_var/zos/lead_01,100,1783200706.9074934,0.005724766291677952
loss/val_denorm_lead_var/zos/lead_02,100,1783200706.920294,0.008328506723046303
loss/val_denorm_lead_var/zos/lead_03,100,1783200706.9348385,0.010288257151842117
loss/val_denorm_lead_var/zos/lead_04,100,1783200706.9495778,0.012033294886350632
loss/val_denorm_var/siconc,100,1783200706.6846576,0.004445815924555063
loss/val_denorm_var/sithick,100,1783200706.8125455,0.005150034092366695
loss/val_denorm_var/so,100,1783200707.027482,0.01512286439538002
loss/val_denorm_var/thetao,100,1783200706.9586494,0.05906801298260689
loss/val_denorm_var/uo,100,1783200707.1084523,0.011537676677107811
loss/val_denorm_var/vo,100,1783200707.5787458,0.011940081603825092
loss/val_denorm_var/zos,100,1783200706.89433,0.009093706496059895
loss/val_lead/lead_01,100,1783200706.6529956,0.0009314310736954212
loss/val_lead/lead_02,100,1783200706.6530151,0.0014264232013374567
loss/val_lead/lead_03,100,1783200706.6531324,0.0018539910670369864
loss/val_lead/lead_04,100,1783200706.66845,0.002247657161206007
loss/val_lead_var/siconc/lead_01,100,1783200706.6893284,0.002407530089840293
loss/val_lead_var/siconc/lead_02,100,1783200706.701588,0.003996353130787611
loss/val_lead_var/siconc/lead_03,100,1783200706.7162547,0.005200465675443411
loss/val_lead_var/siconc/lead_04,100,1783200706.7302828,0.006178898271173239
loss/val_lead_var/sithick/lead_01,100,1783200706.8160026,0.0003845783940050751
loss/val_lead_var/sithick/lead_02,100,1783200706.8269172,0.0006092984112910926
loss/val_lead_var/sithick/lead_03,100,1783200706.8372912,0.0007808139780536294
loss/val_lead_var/sithick/lead_04,100,1783200706.8466005,0.0009281376260332763
loss/val_lead_var/so/lead_01,100,1783200707.0329804,0.00024512424715794623
loss/val_lead_var/so/lead_02,100,1783200707.048755,0.0004127575666643679
loss/val_lead_var/so/lead_03,100,1783200707.0642004,0.0005577773554250598
loss/val_lead_var/so/lead_04,100,1783200707.0754907,0.0006903724279254675
loss/val_lead_var/thetao/lead_01,100,1783200706.962195,0.0008721602498553693
loss/val_lead_var/thetao/lead_02,100,1783200706.973499,0.0015072593232616782
loss/val_lead_var/thetao/lead_03,100,1783200706.9850824,0.002081776736304164
loss/val_lead_var/thetao/lead_04,100,1783200707.0007632,0.0026197934057563543
loss/val_lead_var/uo/lead_01,100,1783200707.1115263,0.003858426585793495
loss/val_lead_var/uo/lead_02,100,1783200707.124029,0.005178514868021011
loss/val_lead_var/uo/lead_03,100,1783200707.1371608,0.006390908267349005
loss/val_lead_var/uo/lead_04,100,1783200707.151958,0.007568733766674995
loss/val_lead_var/vo/lead_01,100,1783200707.5843368,0.003963898401707411
loss/val_lead_var/vo/lead_02,100,1783200707.5993435,0.005388752557337284
loss/val_lead_var/vo/lead_03,100,1783200707.613703,0.006740979850292206
loss/val_lead_var/vo/lead_04,100,1783200707.8317666,0.008062769658863544
loss/val_lead_var/zos/lead_01,100,1783200706.8988342,0.001476474804803729
loss/val_lead_var/zos/lead_02,100,1783200706.9120958,0.002148005645722151
loss/val_lead_var/zos/lead_03,100,1783200706.924523,0.002653445117175579
loss/val_lead_var/zos/lead_04,100,1783200706.940687,0.0031035076826810837
loss/val_norm,100,1783200706.652965,0.0016148756258189678
loss/val_norm_lead/lead_01,100,1783200706.653002,0.0009314310736954212
loss/val_norm_lead/lead_02,100,1783200706.6530218,0.0014264232013374567
loss/val_norm_lead/lead_03,100,1783200706.6591022,0.0018539910670369864
loss/val_norm_lead/lead_04,100,1783200706.6725693,0.002247657161206007
loss/val_norm_lead_var/siconc/lead_01,100,1783200706.6924715,0.002407530089840293
loss/val_norm_lead_var/siconc/lead_02,100,1783200706.7057524,0.003996353130787611
loss/val_norm_lead_var/siconc/lead_03,100,1783200706.721375,0.005200465675443411
loss/val_norm_lead_var/siconc/lead_04,100,1783200706.7360299,0.006178898271173239
loss/val_norm_lead_var/sithick/lead_01,100,1783200706.8194852,0.0003845783940050751
loss/val_norm_lead_var/sithick/lead_02,100,1783200706.8302805,0.0006092984112910926
loss/val_norm_lead_var/sithick/lead_03,100,1783200706.8401413,0.0007808139780536294
loss/val_norm_lead_var/sithick/lead_04,100,1783200706.8496733,0.0009281376260332763
loss/val_norm_lead_var/so/lead_01,100,1783200707.03828,0.00024512424715794623
loss/val_norm_lead_var/so/lead_02,100,1783200707.0544052,0.0004127575666643679
loss/val_norm_lead_var/so/lead_03,100,1783200707.0677688,0.0005577773554250598
loss/val_norm_lead_var/so/lead_04,100,1783200707.091903,0.0006903724279254675
loss/val_norm_lead_var/thetao/lead_01,100,1783200706.965922,0.0008721602498553693
loss/val_norm_lead_var/thetao/lead_02,100,1783200706.9769223,0.0015072593232616782
loss/val_norm_lead_var/thetao/lead_03,100,1783200706.9901307,0.002081776736304164
loss/val_norm_lead_var/thetao/lead_04,100,1783200707.005608,0.0026197934057563543
loss/val_norm_lead_var/uo/lead_01,100,1783200707.1155186,0.003858426585793495
loss/val_norm_lead_var/uo/lead_02,100,1783200707.12831,0.005178514868021011
loss/val_norm_lead_var/uo/lead_03,100,1783200707.1416936,0.006390908267349005
loss/val_norm_lead_var/uo/lead_04,100,1783200707.1563628,0.007568733766674995
loss/val_norm_lead_var/vo/lead_01,100,1783200707.589414,0.003963898401707411
loss/val_norm_lead_var/vo/lead_02,100,1783200707.6037898,0.005388752557337284
loss/val_norm_lead_var/vo/lead_03,100,1783200707.6200018,0.006740979850292206
loss/val_norm_lead_var/vo/lead_04,100,1783200707.8371189,0.008062769658863544
loss/val_norm_lead_var/zos/lead_01,100,1783200706.903001,0.001476474804803729
loss/val_norm_lead_var/zos/lead_02,100,1783200706.9160473,0.002148005645722151
loss/val_norm_lead_var/zos/lead_03,100,1783200706.9292707,0.002653445117175579
loss/val_norm_lead_var/zos/lead_04,100,1783200706.9460876,0.0031035076826810837
loss/val_norm_var/siconc,100,1783200706.681598,0.0044458117336034775
loss/val_norm_var/sithick,100,1783200706.8088734,0.0006757071241736412
loss/val_norm_var/so,100,1783200707.021858,0.00047650790656916797
loss/val_norm_var/thetao,100,1783200706.9556825,0.0017702474724501371
loss/val_norm_var/uo,100,1783200707.1047676,0.0057491459883749485
loss/val_norm_var/vo,100,1783200707.371329,0.006039100233465433
loss/val_norm_var/zos,100,1783200706.891266,0.0023453582543879747
loss/val_var/siconc,100,1783200706.6786704,0.0044458117336034775
loss/val_var/sithick,100,1783200706.8046708,0.0006757071241736412
loss/val_var/so,100,1783200707.0170672,0.00047650790656916797
loss/val_var/thetao,100,1783200706.952597,0.0017702474724501371
loss/val_var/uo,100,1783200707.099957,0.0057491459883749485
loss/val_var/vo,100,1783200707.1656306,0.006039100233465433
loss/val_var/zos,100,1783200706.8571565,0.0023453582543879747
