tag,step,wall_time,value
loss/train,1,1782873949.265916,0.0021380134858191013
loss/train,2,1782874247.143313,0.0018105461494997144
loss/train,3,1782874544.4707487,0.0017091082409024239
loss/train,4,1782875031.5724776,0.0016057115281000733
loss/raw_val,5,1782875395.362445,0.0015041157603263855
loss/raw_val_denorm,5,1782875395.3624501,0.018299000337719917
loss/train,5,1782875329.712806,0.0015166312223300338
loss/val,5,1782875395.362375,0.0017187752528116107
loss/val_denorm,5,1782875395.3624387,0.01990429125726223
loss/val_denorm_lead/lead_01,5,1782875395.3624642,0.01990429125726223
loss/val_denorm_lead_var/siconc/lead_01,5,1782875395.379032,0.004122159909456968
loss/val_denorm_lead_var/sithick/lead_01,5,1782875395.4127772,0.005737937055528164
loss/val_denorm_lead_var/so/lead_01,5,1782875395.5177078,0.011050496250391006
loss/val_denorm_lead_var/thetao/lead_01,5,1782875395.4825664,0.0503956563770771
loss/val_denorm_lead_var/uo/lead_01,5,1782875395.5493112,0.017211195081472397
loss/val_denorm_lead_var/vo/lead_01,5,1782875395.5806966,0.01784532517194748
loss/val_denorm_lead_var/zos/lead_01,5,1782875395.4488137,0.0098696518689394
loss/val_denorm_var/siconc,5,1782875395.362477,0.004122159909456968
loss/val_denorm_var/sithick,5,1782875395.3962104,0.005737937055528164
loss/val_denorm_var/so,5,1782875395.5004086,0.011050496250391006
loss/val_denorm_var/thetao,5,1782875395.4654238,0.0503956563770771
loss/val_denorm_var/uo,5,1782875395.533225,0.017211195081472397
loss/val_denorm_var/vo,5,1782875395.5648851,0.01784532517194748
loss/val_denorm_var/zos,5,1782875395.431883,0.0098696518689394
loss/val_lead/lead_01,5,1782875395.3624551,0.0017187752528116107
loss/val_lead_var/siconc/lead_01,5,1782875395.3629959,0.00412215618416667
loss/val_lead_var/sithick/lead_01,5,1782875395.4010942,0.0007528425776399672
loss/val_lead_var/so/lead_01,5,1782875395.5060291,0.00034632167080417275
loss/val_lead_var/thetao/lead_01,5,1782875395.4711337,0.001495390199124813
loss/val_lead_var/uo/lead_01,5,1782875395.538632,0.007944491691887379
loss/val_lead_var/vo/lead_01,5,1782875395.5700865,0.008622944355010986
loss/val_lead_var/zos/lead_01,5,1782875395.4377153,0.0025454824790358543
loss/val_norm,5,1782875395.3624249,0.0017187752528116107
loss/val_norm_lead/lead_01,5,1782875395.36246,0.0017187752528116107
loss/val_norm_lead_var/siconc/lead_01,5,1782875395.3738327,0.00412215618416667
loss/val_norm_lead_var/sithick/lead_01,5,1782875395.4069526,0.0007528425776399672
loss/val_norm_lead_var/so/lead_01,5,1782875395.511907,0.00034632167080417275
loss/val_norm_lead_var/thetao/lead_01,5,1782875395.4766605,0.001495390199124813
loss/val_norm_lead_var/uo/lead_01,5,1782875395.5440986,0.007944491691887379
loss/val_norm_lead_var/vo/lead_01,5,1782875395.5758734,0.008622944355010986
loss/val_norm_lead_var/zos/lead_01,5,1782875395.4431498,0.0025454824790358543
loss/val_norm_var/siconc,5,1782875395.3624728,0.00412215618416667
loss/val_norm_var/sithick,5,1782875395.3901515,0.0007528425776399672
loss/val_norm_var/so,5,1782875395.4946918,0.00034632167080417275
loss/val_norm_var/thetao,5,1782875395.460654,0.001495390199124813
loss/val_norm_var/uo,5,1782875395.5277584,0.007944491691887379
loss/val_norm_var/vo,5,1782875395.559297,0.008622944355010986
loss/val_norm_var/zos,5,1782875395.4255962,0.0025454824790358543
loss/val_var/siconc,5,1782875395.3624687,0.00412215618416667
loss/val_var/sithick,5,1782875395.3845012,0.0007528425776399672
loss/val_var/so,5,1782875395.4889705,0.00034632167080417275
loss/val_var/thetao,5,1782875395.4551606,0.001495390199124813
loss/val_var/uo,5,1782875395.5226173,0.007944491691887379
loss/val_var/vo,5,1782875395.554339,0.008622944355010986
loss/val_var/zos,5,1782875395.4192383,0.0025454824790358543
loss/train,6,1782875695.4810483,0.001453846343792975
loss/train,6,1782878703.7833993,0.0014528882456943393
loss/train,6,1782881579.5500796,0.0014524584403261542
loss/train,7,1782875994.2979205,0.001402383204549551
loss/train,7,1782881876.3645434,0.0014014019398018718
loss/train,8,1782876328.396692,0.0013653504429385066
loss/train,8,1782882174.6574318,0.0013636458897963166
loss/train,9,1782876627.4458628,0.001334423664957285
loss/train,9,1782882470.8477292,0.001334241358563304
loss/ema_val,10,1782882833.4828582,0.0013545636320486665
loss/ema_val_denorm,10,1782882833.4828637,0.016347190365195274
loss/train,10,1782882769.6851082,0.0013105415273457766
loss/val,10,1782882833.4827907,0.0013226756127551198
loss/val_denorm,10,1782882833.4828513,0.015955021604895592
loss/val_denorm_lead/lead_01,10,1782882833.482877,0.015955021604895592
loss/val_denorm_lead_var/siconc/lead_01,10,1782882833.583721,0.0040079629980027676
loss/val_denorm_lead_var/sithick/lead_01,10,1782882833.6227512,0.005483150482177734
loss/val_denorm_lead_var/so/lead_01,10,1782882833.9452872,0.009693277068436146
loss/val_denorm_lead_var/thetao/lead_01,10,1782882833.91025,0.03934793919324875
loss/val_denorm_lead_var/uo/lead_01,10,1782882833.979164,0.010988385416567326
loss/val_denorm_lead_var/vo/lead_01,10,1782882834.0152051,0.011525947600603104
loss/val_denorm_lead_var/zos/lead_01,10,1782882833.8710673,0.007914600893855095
loss/val_denorm_var/siconc,10,1782882833.4828897,0.0040079629980027676
loss/val_denorm_var/sithick,10,1782882833.6039798,0.005483150482177734
loss/val_denorm_var/so,10,1782882833.9272957,0.009693277068436146
loss/val_denorm_var/thetao,10,1782882833.8942707,0.03934793919324875
loss/val_denorm_var/uo,10,1782882833.9617977,0.010988385416567326
loss/val_denorm_var/vo,10,1782882833.9959247,0.011525947600603104
loss/val_denorm_var/zos,10,1782882833.8478854,0.007914600893855095
loss/val_lead/lead_01,10,1782882833.4828682,0.0013226756127551198
loss/val_lead_var/siconc/lead_01,10,1782882833.483496,0.004007959272712469
loss/val_lead_var/sithick/lead_01,10,1782882833.6101968,0.0007194135105237365
loss/val_lead_var/so/lead_01,10,1782882833.9330356,0.00030006133602000773
loss/val_lead_var/thetao/lead_01,10,1782882833.8993988,0.0011728941462934017
loss/val_lead_var/uo/lead_01,10,1782882833.9672492,0.005331398453563452
loss/val_lead_var/vo/lead_01,10,1782882834.0024853,0.005732373800128698
loss/val_lead_var/zos/lead_01,10,1782882833.8549273,0.002041255123913288
loss/val_norm,10,1782882833.4828377,0.0013226756127551198
loss/val_norm_lead/lead_01,10,1782882833.4828725,0.0013226756127551198
loss/val_norm_lead_var/siconc/lead_01,10,1782882833.5776162,0.004007959272712469
loss/val_norm_lead_var/sithick/lead_01,10,1782882833.6164722,0.0007194135105237365
loss/val_norm_lead_var/so/lead_01,10,1782882833.9385128,0.00030006133602000773
loss/val_norm_lead_var/thetao/lead_01,10,1782882833.905019,0.0011728941462934017
loss/val_norm_lead_var/uo/lead_01,10,1782882833.9733882,0.005331398453563452
loss/val_norm_lead_var/vo/lead_01,10,1782882834.0095632,0.005732373800128698
loss/val_norm_lead_var/zos/lead_01,10,1782882833.8624701,0.002041255123913288
loss/val_norm_var/siconc,10,1782882833.4828854,0.004007959272712469
loss/val_norm_var/sithick,10,1782882833.5965667,0.0007194135105237365
loss/val_norm_var/so,10,1782882833.9215255,0.00030006133602000773
loss/val_norm_var/thetao,10,1782882833.8875606,0.0011728941462934017
loss/val_norm_var/uo,10,1782882833.9565234,0.005331398453563452
loss/val_norm_var/vo,10,1782882833.9903233,0.005732373800128698
loss/val_norm_var/zos,10,1782882833.8406951,0.002041255123913288
loss/val_var/siconc,10,1782882833.482881,0.004007959272712469
loss/val_var/sithick,10,1782882833.5895672,0.0007194135105237365
loss/val_var/so,10,1782882833.9161196,0.00030006133602000773
loss/val_var/thetao,10,1782882833.879381,0.0011728941462934017
loss/val_var/uo,10,1782882833.9511275,0.005331398453563452
loss/val_var/vo,10,1782882833.9849498,0.005732373800128698
loss/val_var/zos,10,1782882833.629709,0.002041255123913288
loss/train,11,1782883130.2676394,0.0012920692097395658
loss/train,12,1782883426.5252025,0.0012764931889250875
loss/train,13,1782883723.5324001,0.0012741549871861935
loss/train,14,1782884019.4260015,0.0012535866117104888
loss/ema_val,15,1782884382.4916239,0.0012822455028072
loss/ema_val_denorm,15,1782884382.4916303,0.015453818254172802
loss/train,15,1782884319.1735811,0.0012360604014247656
loss/val,15,1782884382.4915793,0.0012477104319259524
loss/val_denorm,15,1782884382.4916184,0.01535931508988142
loss/val_denorm_lead/lead_01,15,1782884382.491645,0.01535931508988142
loss/val_denorm_lead_var/siconc/lead_01,15,1782884382.5064814,0.003553158836439252
loss/val_denorm_lead_var/sithick/lead_01,15,1782884382.5612361,0.005371287930756807
loss/val_denorm_lead_var/so/lead_01,15,1782884382.641736,0.009454566054046154
loss/val_denorm_lead_var/thetao/lead_01,15,1782884382.6055589,0.037826210260391235
loss/val_denorm_lead_var/uo/lead_01,15,1782884382.653492,0.010444986633956432
loss/val_denorm_lead_var/vo/lead_01,15,1782884382.6788225,0.01077233999967575
loss/val_denorm_lead_var/zos/lead_01,15,1782884382.5835044,0.007357003167271614
loss/val_denorm_var/siconc,15,1782884382.4916584,0.003553158836439252
loss/val_denorm_var/sithick,15,1782884382.553791,0.005371287930756807
loss/val_denorm_var/so,15,1782884382.621679,0.009454566054046154
loss/val_denorm_var/thetao,15,1782884382.595705,0.037826210260391235
loss/val_denorm_var/uo,15,1782884382.6476667,0.010444986633956432
loss/val_denorm_var/vo,15,1782884382.6597242,0.01077233999967575
loss/val_denorm_var/zos,15,1782884382.572422,0.007357003167271614
loss/val_lead/lead_01,15,1782884382.4916358,0.0012477104319259524
loss/val_lead_var/siconc/lead_01,15,1782884382.4920409,0.003553155343979597
loss/val_lead_var/sithick/lead_01,15,1782884382.5563228,0.0007047366234473884
loss/val_lead_var/so/lead_01,15,1782884382.6321728,0.00029142439598217607
loss/val_lead_var/thetao/lead_01,15,1782884382.6000214,0.0011281700571998954
loss/val_lead_var/uo/lead_01,15,1782884382.6497438,0.005088282283395529
loss/val_lead_var/vo/lead_01,15,1782884382.661725,0.005373601336032152
loss/val_lead_var/zos/lead_01,15,1782884382.5764832,0.0018974450649693608
loss/val_norm,15,1782884382.4916112,0.0012477104319259524
loss/val_norm_lead/lead_01,15,1782884382.4916403,0.0012477104319259524
loss/val_norm_lead_var/siconc/lead_01,15,1782884382.5018399,0.003553155343979597
loss/val_norm_lead_var/sithick/lead_01,15,1782884382.5591512,0.0007047366234473884
loss/val_norm_lead_var/so/lead_01,15,1782884382.638975,0.00029142439598217607
loss/val_norm_lead_var/thetao/lead_01,15,1782884382.6025395,0.0011281700571998954
loss/val_norm_lead_var/uo/lead_01,15,1782884382.6518788,0.005088282283395529
loss/val_norm_lead_var/vo/lead_01,15,1782884382.6656497,0.005373601336032152
loss/val_norm_lead_var/zos/lead_01,15,1782884382.579861,0.0018974450649693608
loss/val_norm_var/siconc,15,1782884382.4916542,0.003553155343979597
loss/val_norm_var/sithick,15,1782884382.5511925,0.0007047366234473884
loss/val_norm_var/so,15,1782884382.6138532,0.00029142439598217607
loss/val_norm_var/thetao,15,1782884382.5919366,0.0011281700571998954
loss/val_norm_var/uo,15,1782884382.6455245,0.005088282283395529
loss/val_norm_var/vo,15,1782884382.6573024,0.005373601336032152
loss/val_norm_var/zos,15,1782884382.5689552,0.0018974450649693608
loss/val_var/siconc,15,1782884382.4916499,0.003553155343979597
loss/val_var/sithick,15,1782884382.548564,0.0007047366234473884
loss/val_var/so,15,1782884382.6093905,0.00029142439598217607
loss/val_var/thetao,15,1782884382.587351,0.0011281700571998954
loss/val_var/uo,15,1782884382.6439655,0.005088282283395529
loss/val_var/vo,15,1782884382.655293,0.005373601336032152
loss/val_var/zos,15,1782884382.5642805,0.0018974450649693608
loss/train,16,1782884680.8213816,0.0012327841250225902
loss/train,17,1782884975.4982545,0.0012227657716721296
loss/train,18,1782885272.4291234,0.0012045622570440173
loss/train,19,1782885569.3468094,0.0011845524422824383
loss/ema_val,20,1782885929.8886206,0.0011988685000687838
loss/ema_val_denorm,20,1782885929.8886251,0.014916013926267624
loss/train,20,1782885866.795223,0.001177478930912912
loss/val,20,1782885929.888582,0.0011952219065278769
loss/val_denorm,20,1782885929.8886156,0.014932813122868538
loss/val_denorm_lead/lead_01,20,1782885929.8886385,0.014932813122868538
loss/val_denorm_lead_var/siconc/lead_01,20,1782885930.0046322,0.003118206514045596
loss/val_denorm_lead_var/sithick/lead_01,20,1782885930.1505313,0.004986290354281664
loss/val_denorm_lead_var/so/lead_01,20,1782885930.8584847,0.009407853707671165
loss/val_denorm_lead_var/thetao/lead_01,20,1782885930.60896,0.03650869056582451
loss/val_denorm_lead_var/uo/lead_01,20,1782885930.8969116,0.010171772912144661
loss/val_denorm_lead_var/vo/lead_01,20,1782885930.9298222,0.010436107404530048
loss/val_denorm_lead_var/zos/lead_01,20,1782885930.5898848,0.00715655367821455
loss/val_denorm_var/siconc,20,1782885929.8886523,0.003118206514045596
loss/val_denorm_var/sithick,20,1782885930.0204213,0.004986290354281664
loss/val_denorm_var/so,20,1782885930.8372777,0.009407853707671165
loss/val_denorm_var/thetao,20,1782885930.5994787,0.03650869056582451
loss/val_denorm_var/uo,20,1782885930.8763745,0.010171772912144661
loss/val_denorm_var/vo,20,1782885930.91481,0.010436107404530048
loss/val_denorm_var/zos,20,1782885930.3733883,0.00715655367821455
loss/val_lead/lead_01,20,1782885929.8886297,0.0011952219065278769
loss/val_lead_var/siconc/lead_01,20,1782885929.88893,0.0031182034872472286
loss/val_lead_var/sithick/lead_01,20,1782885930.136585,0.0006542232586070895
loss/val_lead_var/so/lead_01,20,1782885930.8448145,0.00028984807431697845
loss/val_lead_var/thetao/lead_01,20,1782885930.6024077,0.00108916440512985
loss/val_lead_var/uo/lead_01,20,1782885930.8835285,0.00494912825524807
loss/val_lead_var/vo/lead_01,20,1782885930.9200213,0.005208570510149002
loss/val_lead_var/zos/lead_01,20,1782885930.3777952,0.001845747116021812
loss/val_norm,20,1782885929.8886085,0.0011952219065278769
loss/val_norm_lead/lead_01,20,1782885929.8886342,0.0011952219065278769
loss/val_norm_lead_var/siconc/lead_01,20,1782885929.9994442,0.0031182034872472286
loss/val_norm_lead_var/sithick/lead_01,20,1782885930.1432645,0.0006542232586070895
loss/val_norm_lead_var/so/lead_01,20,1782885930.8520935,0.00028984807431697845
loss/val_norm_lead_var/thetao/lead_01,20,1782885930.605693,0.00108916440512985
loss/val_norm_lead_var/uo/lead_01,20,1782885930.8894033,0.00494912825524807
loss/val_norm_lead_var/vo/lead_01,20,1782885930.925233,0.005208570510149002
loss/val_norm_lead_var/zos/lead_01,20,1782885930.5860224,0.001845747116021812
loss/val_norm_var/siconc,20,1782885929.8886478,0.0031182034872472286
loss/val_norm_var/sithick,20,1782885930.0140934,0.0006542232586070895
loss/val_norm_var/so,20,1782885930.6154828,0.00028984807431697845
loss/val_norm_var/thetao,20,1782885930.5964286,0.00108916440512985
loss/val_norm_var/uo,20,1782885930.8697975,0.00494912825524807
loss/val_norm_var/vo,20,1782885930.9087372,0.005208570510149002
loss/val_norm_var/zos,20,1782885930.3666966,0.001845747116021812
loss/val_var/siconc,20,1782885929.888643,0.0031182034872472286
loss/val_var/sithick,20,1782885930.009488,0.0006542232586070895
loss/val_var/so,20,1782885930.6123655,0.00028984807431697845
loss/val_var/thetao,20,1782885930.593351,0.00108916440512985
loss/val_var/uo,20,1782885930.8640442,0.00494912825524807
loss/val_var/vo,20,1782885930.903159,0.005208570510149002
loss/val_var/zos,20,1782885930.1575484,0.001845747116021812
loss/train,21,1782886803.0463903,0.0011644185287877917
loss/train,22,1782887253.600353,0.0011498251697048545
loss/train,23,1782887702.8401122,0.0011389156570658088
loss/train,24,1782888152.4727824,0.0011308965040370822
loss/ema_val,25,1782888700.2355359,0.0011344944359734654
loss/ema_val_denorm,25,1782888700.235543,0.01448143646121025
loss/train,25,1782888602.685008,0.0011238717706874013
loss/val,25,1782888700.2354524,0.0011513405479490757
loss/val_denorm,25,1782888700.2355278,0.014643874950706959
loss/val_denorm_lead/lead_01,25,1782888700.235559,0.014643874950706959
loss/val_denorm_lead_var/siconc/lead_01,25,1782888700.380716,0.0027771969325840473
loss/val_denorm_lead_var/sithick/lead_01,25,1782888700.4022558,0.004682228900492191
loss/val_denorm_lead_var/so/lead_01,25,1782888700.4808724,0.009359550662338734
loss/val_denorm_lead_var/thetao/lead_01,25,1782888700.4513764,0.035758696496486664
loss/val_denorm_lead_var/uo/lead_01,25,1782888700.4989662,0.009798786602914333
loss/val_denorm_lead_var/vo/lead_01,25,1782888700.9228454,0.010153697803616524
loss/val_denorm_lead_var/zos/lead_01,25,1782888700.4287956,0.006906786933541298
loss/val_denorm_var/siconc,25,1782888700.235574,0.0027771969325840473
loss/val_denorm_var/sithick,25,1782888700.3918617,0.004682228900492191
loss/val_denorm_var/so,25,1782888700.4654226,0.009359550662338734
loss/val_denorm_var/thetao,25,1782888700.4394674,0.035758696496486664
loss/val_denorm_var/uo,25,1782888700.489902,0.009798786602914333
loss/val_denorm_var/vo,25,1782888700.5086646,0.010153697803616524
loss/val_denorm_var/zos,25,1782888700.4174812,0.006906786933541298
loss/val_lead/lead_01,25,1782888700.2355487,0.0011513405479490757
loss/val_lead_var/siconc/lead_01,25,1782888700.2358763,0.0027771941386163235
loss/val_lead_var/sithick/lead_01,25,1782888700.3954163,0.0006143290083855391
loss/val_lead_var/so/lead_01,25,1782888700.4703882,0.00028826852212660015
loss/val_lead_var/thetao/lead_01,25,1782888700.443333,0.0010677693644538522
loss/val_lead_var/uo/lead_01,25,1782888700.4923854,0.004779818467795849
loss/val_lead_var/vo/lead_01,25,1782888700.713742,0.005074624437838793
loss/val_lead_var/zos/lead_01,25,1782888700.4217725,0.0017813298618420959
loss/val_norm,25,1782888700.2355094,0.0011513405479490757
loss/val_norm_lead/lead_01,25,1782888700.235554,0.0011513405479490757
loss/val_norm_lead_var/siconc/lead_01,25,1782888700.3771234,0.0027771941386163235
loss/val_norm_lead_var/sithick/lead_01,25,1782888700.3985898,0.0006143290083855391
loss/val_norm_lead_var/so/lead_01,25,1782888700.4755485,0.00028826852212660015
loss/val_norm_lead_var/thetao/lead_01,25,1782888700.447275,0.0010677693644538522
loss/val_norm_lead_var/uo/lead_01,25,1782888700.4958246,0.004779818467795849
loss/val_norm_lead_var/vo/lead_01,25,1782888700.7175388,0.005074624437838793
loss/val_norm_lead_var/zos/lead_01,25,1782888700.425672,0.0017813298618420959
loss/val_norm_var/siconc,25,1782888700.2355685,0.0027771941386163235
loss/val_norm_var/sithick,25,1782888700.3881772,0.0006143290083855391
loss/val_norm_var/so,25,1782888700.460181,0.00028826852212660015
loss/val_norm_var/thetao,25,1782888700.435616,0.0010677693644538522
loss/val_norm_var/uo,25,1782888700.4876027,0.004779818467795849
loss/val_norm_var/vo,25,1782888700.5053406,0.005074624437838793
loss/val_norm_var/zos,25,1782888700.412259,0.0017813298618420959
loss/val_var/siconc,25,1782888700.2355635,0.0027771941386163235
loss/val_var/sithick,25,1782888700.3844688,0.0006143290083855391
loss/val_var/so,25,1782888700.4556231,0.00028826852212660015
loss/val_var/thetao,25,1782888700.4323483,0.0010677693644538522
loss/val_var/uo,25,1782888700.485284,0.004779818467795849
loss/val_var/vo,25,1782888700.5022726,0.005074624437838793
loss/val_var/zos,25,1782888700.4073298,0.0017813298618420959
loss/train,26,1782889362.580574,0.0011178713757544756
loss/train,27,1782889808.23471,0.0011110864579677582
loss/train,28,1782890271.4902809,0.00110686756670475
loss/train,29,1782890711.5055451,0.0010999127989634871
loss/ema_val,30,1782891245.645933,0.0011058779200538993
loss/ema_val_denorm,30,1782891245.64594,0.014226949773728848
loss/train,30,1782891149.9903476,0.0010959164937958121
loss/val,30,1782891245.6458817,0.001121461857110262
loss/val_denorm,30,1782891245.6459265,0.01439614500850439
loss/val_denorm_lead/lead_01,30,1782891245.6459553,0.01439614500850439
loss/val_denorm_lead_var/siconc/lead_01,30,1782891245.6553345,0.0026728117372840643
loss/val_denorm_lead_var/sithick/lead_01,30,1782891245.7444198,0.004503775388002396
loss/val_denorm_lead_var/so/lead_01,30,1782891246.0216556,0.009311030618846416
loss/val_denorm_lead_var/thetao/lead_01,30,1782891245.77938,0.0350724533200264
loss/val_denorm_lead_var/uo/lead_01,30,1782891246.0469415,0.00954313762485981
loss/val_denorm_lead_var/vo/lead_01,30,1782891246.2715917,0.009776794351637363
loss/val_denorm_lead_var/zos/lead_01,30,1782891245.7646756,0.006696178112179041
loss/val_denorm_var/siconc,30,1782891245.6459696,0.0026728117372840643
loss/val_denorm_var/sithick,30,1782891245.6673198,0.004503775388002396
loss/val_denorm_var/so,30,1782891246.0080335,0.009311030618846416
loss/val_denorm_var/thetao,30,1782891245.7721906,0.0350724533200264
loss/val_denorm_var/uo,30,1782891246.034111,0.00954313762485981
loss/val_denorm_var/vo,30,1782891246.2612298,0.009776794351637363
loss/val_denorm_var/zos,30,1782891245.7542584,0.006696178112179041
loss/val_lead/lead_01,30,1782891245.6459453,0.001121461857110262
loss/val_lead_var/siconc/lead_01,30,1782891245.6462193,0.002672809176146984
loss/val_lead_var/sithick/lead_01,30,1782891245.6705108,0.0005909151514060795
loss/val_lead_var/so/lead_01,30,1782891246.0123775,0.00028702730196528137
loss/val_lead_var/thetao/lead_01,30,1782891245.7746274,0.0010470730485394597
loss/val_lead_var/uo/lead_01,30,1782891246.038743,0.004665244836360216
loss/val_lead_var/vo/lead_01,30,1782891246.2639532,0.004895390011370182
loss/val_lead_var/zos/lead_01,30,1782891245.7574959,0.0017270116368308663
loss/val_norm,30,1782891245.6459172,0.001121461857110262
loss/val_norm_lead/lead_01,30,1782891245.6459506,0.001121461857110262
loss/val_norm_lead_var/siconc/lead_01,30,1782891245.651028,0.002672809176146984
loss/val_norm_lead_var/sithick/lead_01,30,1782891245.7409196,0.0005909151514060795
loss/val_norm_lead_var/so/lead_01,30,1782891246.0170295,0.00028702730196528137
loss/val_norm_lead_var/thetao/lead_01,30,1782891245.7771285,0.0010470730485394597
loss/val_norm_lead_var/uo/lead_01,30,1782891246.0431025,0.004665244836360216
loss/val_norm_lead_var/vo/lead_01,30,1782891246.2676547,0.004895390011370182
loss/val_norm_lead_var/zos/lead_01,30,1782891245.7612376,0.0017270116368308663
loss/val_norm_var/siconc,30,1782891245.645965,0.002672809176146984
loss/val_norm_var/sithick,30,1782891245.6631446,0.0005909151514060795
loss/val_norm_var/so,30,1782891246.0028071,0.00028702730196528137
loss/val_norm_var/thetao,30,1782891245.7704523,0.0010470730485394597
loss/val_norm_var/uo,30,1782891246.0291615,0.004665244836360216
loss/val_norm_var/vo,30,1782891246.0569613,0.004895390011370182
loss/val_norm_var/zos,30,1782891245.7511256,0.0017270116368308663
loss/val_var/siconc,30,1782891245.6459603,0.002672809176146984
loss/val_var/sithick,30,1782891245.6591492,0.0005909151514060795
loss/val_var/so,30,1782891245.7815433,0.00028702730196528137
loss/val_var/thetao,30,1782891245.767662,0.0010470730485394597
loss/val_var/uo,30,1782891246.0249686,0.004665244836360216
loss/val_var/vo,30,1782891246.0514555,0.004895390011370182
loss/val_var/zos,30,1782891245.7480407,0.0017270116368308663
loss/train,31,1782891702.322163,0.001090478035621345
loss/train,32,1782892139.7316744,0.0010862882481887937
loss/train,33,1782892579.388907,0.0010807717917487025
loss/train,34,1782893016.240587,0.00107448804192245
loss/ema_val,35,1782893548.4341164,0.0010840018512681127
loss/ema_val_denorm,35,1782893548.4341214,0.014007758349180222
loss/train,35,1782893452.6831894,0.001068354700691998
loss/val,35,1782893548.4340212,0.0010989058064296842
loss/val_denorm,35,1782893548.4341102,0.014111921191215515
loss/val_denorm_lead/lead_01,35,1782893548.4341373,0.014111921191215515
loss/val_denorm_lead_var/siconc/lead_01,35,1782893548.4973907,0.0026142066344618797
loss/val_denorm_lead_var/sithick/lead_01,35,1782893548.528323,0.003932086285203695
loss/val_denorm_lead_var/so/lead_01,35,1782893548.6010234,0.009136916138231754
loss/val_denorm_lead_var/thetao/lead_01,35,1782893548.5771236,0.03451674059033394
loss/val_denorm_lead_var/uo/lead_01,35,1782893548.6257718,0.009428679943084717
loss/val_denorm_lead_var/vo/lead_01,35,1782893548.6482785,0.009692029096186161
loss/val_denorm_lead_var/zos/lead_01,35,1782893548.5550792,0.006569568999111652
loss/val_denorm_var/siconc,35,1782893548.4341526,0.0026142066344618797
loss/val_denorm_var/sithick,35,1782893548.5123184,0.003932086285203695
loss/val_denorm_var/so,35,1782893548.589206,0.009136916138231754
loss/val_denorm_var/thetao,35,1782893548.5664244,0.03451674059033394
loss/val_denorm_var/uo,35,1782893548.612338,0.009428679943084717
loss/val_denorm_var/vo,35,1782893548.637158,0.009692029096186161
loss/val_denorm_var/zos,35,1782893548.5407135,0.006569568999111652
loss/val_lead/lead_01,35,1782893548.434127,0.0010989058064296842
loss/val_lead_var/siconc/lead_01,35,1782893548.434654,0.0026142040733247995
loss/val_lead_var/sithick/lead_01,35,1782893548.518594,0.000515907013323158
loss/val_lead_var/so/lead_01,35,1782893548.593416,0.0002821564849000424
loss/val_lead_var/thetao/lead_01,35,1782893548.5698426,0.0010310009820386767
loss/val_lead_var/uo/lead_01,35,1782893548.6163383,0.004611416719853878
loss/val_lead_var/vo/lead_01,35,1782893548.6411707,0.0048509337939321995
loss/val_lead_var/zos/lead_01,35,1782893548.5459187,0.001694357837550342
loss/val_norm,35,1782893548.4341013,0.0010989058064296842
loss/val_norm_lead/lead_01,35,1782893548.4341326,0.0010989058064296842
loss/val_norm_lead_var/siconc/lead_01,35,1782893548.4919093,0.0026142040733247995
loss/val_norm_lead_var/sithick/lead_01,35,1782893548.5226936,0.000515907013323158
loss/val_norm_lead_var/so/lead_01,35,1782893548.5970502,0.0002821564849000424
loss/val_norm_lead_var/thetao/lead_01,35,1782893548.5735307,0.0010310009820386767
loss/val_norm_lead_var/uo/lead_01,35,1782893548.621278,0.004611416719853878
loss/val_norm_lead_var/vo/lead_01,35,1782893548.6448793,0.0048509337939321995
loss/val_norm_lead_var/zos/lead_01,35,1782893548.5507782,0.001694357837550342
loss/val_norm_var/siconc,35,1782893548.4341474,0.0026142040733247995
loss/val_norm_var/sithick,35,1782893548.5067787,0.000515907013323158
loss/val_norm_var/so,35,1782893548.584496,0.0002821564849000424
loss/val_norm_var/thetao,35,1782893548.5629432,0.0010310009820386767
loss/val_norm_var/uo,35,1782893548.6085486,0.004611416719853878
loss/val_norm_var/vo,35,1782893548.633391,0.0048509337939321995
loss/val_norm_var/zos,35,1782893548.5362785,0.001694357837550342
loss/val_var/siconc,35,1782893548.4341424,0.0026142040733247995
loss/val_var/sithick,35,1782893548.5021625,0.000515907013323158
loss/val_var/so,35,1782893548.5806062,0.0002821564849000424
loss/val_var/thetao,35,1782893548.5592349,0.0010310009820386767
loss/val_var/uo,35,1782893548.604954,0.004611416719853878
loss/val_var/vo,35,1782893548.6297762,0.0048509337939321995
loss/val_var/zos,35,1782893548.5322473,0.001694357837550342
loss/train,36,1782893989.9815965,0.0010632943594828248
loss/train,37,1782894885.0843625,0.001058329246006906
loss/train,38,1782895328.130264,0.0010539788054302335
loss/train,39,1782895766.9984212,0.0010495202150195837
loss/ema_val,40,1782896300.6770368,0.0010628860909491777
loss/ema_val_denorm,40,1782896300.677042,0.01380282361060381
loss/train,40,1782896205.0756102,0.0010463068028911948
loss/val,40,1782896300.6769412,0.0010818341979756951
loss/val_denorm,40,1782896300.6770313,0.013954093679785728
loss/val_denorm_lead/lead_01,40,1782896300.6770573,0.013954093679785728
loss/val_denorm_lead_var/siconc/lead_01,40,1782896300.6993725,0.002617821330204606
loss/val_denorm_lead_var/sithick/lead_01,40,1782896300.775467,0.003557362826541066
loss/val_denorm_lead_var/so/lead_01,40,1782896300.9766133,0.00908723846077919
loss/val_denorm_lead_var/thetao/lead_01,40,1782896300.9127996,0.034190889447927475
loss/val_denorm_lead_var/uo/lead_01,40,1782896301.1025133,0.009276023134589195
loss/val_denorm_lead_var/vo/lead_01,40,1782896301.162571,0.009511330164968967
loss/val_denorm_lead_var/zos/lead_01,40,1782896300.8521285,0.006444192491471767
loss/val_denorm_var/siconc,40,1782896300.6770732,0.002617821330204606
loss/val_denorm_var/sithick,40,1782896300.7357857,0.003557362826541066
loss/val_denorm_var/so,40,1782896300.944472,0.00908723846077919
loss/val_denorm_var/thetao,40,1782896300.88364,0.034190889447927475
loss/val_denorm_var/uo,40,1782896301.0717034,0.009276023134589195
loss/val_denorm_var/vo,40,1782896301.1314938,0.009511330164968967
loss/val_denorm_var/zos,40,1782896300.8135166,0.006444192491471767
loss/val_lead/lead_01,40,1782896300.677047,0.0010818341979756951
loss/val_lead_var/siconc/lead_01,40,1782896300.6773767,0.002617818536236882
loss/val_lead_var/sithick/lead_01,40,1782896300.7480152,0.00046674165059812367
loss/val_lead_var/so/lead_01,40,1782896300.9550688,0.0002804212854243815
loss/val_lead_var/thetao/lead_01,40,1782896300.893911,0.001021500676870346
loss/val_lead_var/uo/lead_01,40,1782896301.081947,0.004535961430519819
loss/val_lead_var/vo/lead_01,40,1782896301.1422184,0.004767423029989004
loss/val_lead_var/zos/lead_01,40,1782896300.8265057,0.001662022084929049
loss/val_norm,40,1782896300.6770217,0.0010818341979756951
loss/val_norm_lead/lead_01,40,1782896300.6770525,0.0010818341979756951
loss/val_norm_lead_var/siconc/lead_01,40,1782896300.6882374,0.002617818536236882
loss/val_norm_lead_var/sithick/lead_01,40,1782896300.7626386,0.00046674165059812367
loss/val_norm_lead_var/so/lead_01,40,1782896300.9655008,0.0002804212854243815
loss/val_norm_lead_var/thetao/lead_01,40,1782896300.9035974,0.001021500676870346
loss/val_norm_lead_var/uo/lead_01,40,1782896301.0913634,0.004535961430519819
loss/val_norm_lead_var/vo/lead_01,40,1782896301.152122,0.004767423029989004
loss/val_norm_lead_var/zos/lead_01,40,1782896300.8400676,0.001662022084929049
loss/val_norm_var/siconc,40,1782896300.6770682,0.002617818536236882
loss/val_norm_var/sithick,40,1782896300.7215927,0.00046674165059812367
loss/val_norm_var/so,40,1782896300.933993,0.0002804212854243815
loss/val_norm_var/thetao,40,1782896300.873114,0.001021500676870346
loss/val_norm_var/uo,40,1782896301.0619287,0.004535961430519819
loss/val_norm_var/vo,40,1782896301.1217895,0.004767423029989004
loss/val_norm_var/zos,40,1782896300.8013732,0.001662022084929049
loss/val_var/siconc,40,1782896300.6770625,0.002617818536236882
loss/val_var/sithick,40,1782896300.7099566,0.00046674165059812367
loss/val_var/so,40,1782896300.9227679,0.0002804212854243815
loss/val_var/thetao,40,1782896300.8625267,0.001021500676870346
loss/val_var/uo,40,1782896301.0506814,0.004535961430519819
loss/val_var/vo,40,1782896301.1129892,0.004767423029989004
loss/val_var/zos,40,1782896300.7885215,0.001662022084929049
loss/train,41,1782896737.3567517,0.0010440865298733115
loss/train,42,1782897176.3419147,0.0010390992974862456
loss/train,43,1782897616.382758,0.0010370750678703189
loss/train,44,1782898057.9266388,0.0010335894767194986
loss/ema_val,45,1782898596.8709466,0.0010500119533389807
loss/ema_val_denorm,45,1782898596.8709514,0.013659858144819736
loss/train,45,1782898500.4761367,0.001031119143590331
loss/val,45,1782898596.870885,0.0010672836797311902
loss/val_denorm,45,1782898596.8709407,0.013807302340865135
loss/val_denorm_lead/lead_01,45,1782898596.8709667,0.013807302340865135
loss/val_denorm_lead_var/siconc/lead_01,45,1782898596.8979886,0.0025400626473128796
loss/val_denorm_lead_var/sithick/lead_01,45,1782898596.9706657,0.0033754301257431507
loss/val_denorm_lead_var/so/lead_01,45,1782898597.1962724,0.008997771888971329
loss/val_denorm_lead_var/thetao/lead_01,45,1782898597.1195586,0.033885594457387924
loss/val_denorm_lead_var/uo/lead_01,45,1782898597.2651908,0.009191104210913181
loss/val_denorm_lead_var/vo/lead_01,45,1782898597.3311095,0.009422377683222294
loss/val_denorm_lead_var/zos/lead_01,45,1782898597.044616,0.006364607252180576
loss/val_denorm_var/siconc,45,1782898596.870982,0.0025400626473128796
loss/val_denorm_var/sithick,45,1782898596.9351444,0.0033754301257431507
loss/val_denorm_var/so,45,1782898597.1592681,0.008997771888971329
loss/val_denorm_var/thetao,45,1782898597.084753,0.033885594457387924
loss/val_denorm_var/uo,45,1782898597.2322617,0.009191104210913181
loss/val_denorm_var/vo,45,1782898597.2981074,0.009422377683222294
loss/val_denorm_var/zos,45,1782898597.0071297,0.006364607252180576
loss/val_lead/lead_01,45,1782898596.870957,0.0010672836797311902
loss/val_lead_var/siconc/lead_01,45,1782898596.871134,0.0025400600861757994
loss/val_lead_var/sithick/lead_01,45,1782898596.947763,0.0004428713000379503
loss/val_lead_var/so/lead_01,45,1782898597.171542,0.00027818488888442516
loss/val_lead_var/thetao/lead_01,45,1782898597.0956283,0.0010126198176294565
loss/val_lead_var/uo/lead_01,45,1782898597.2438297,0.004493002314120531
loss/val_lead_var/vo/lead_01,45,1782898597.3088746,0.004720600787550211
loss/val_lead_var/zos/lead_01,45,1782898597.0193713,0.0016414960846304893
loss/val_norm,45,1782898596.8709319,0.0010672836797311902
loss/val_norm_lead/lead_01,45,1782898596.8709621,0.0010672836797311902
loss/val_norm_lead_var/siconc/lead_01,45,1782898596.8848414,0.0025400600861757994
loss/val_norm_lead_var/sithick/lead_01,45,1782898596.95937,0.0004428713000379503
loss/val_norm_lead_var/so/lead_01,45,1782898597.1847222,0.00027818488888442516
loss/val_norm_lead_var/thetao/lead_01,45,1782898597.107327,0.0010126198176294565
loss/val_norm_lead_var/uo/lead_01,45,1782898597.2542453,0.004493002314120531
loss/val_norm_lead_var/vo/lead_01,45,1782898597.319459,0.004720600787550211
loss/val_norm_lead_var/zos/lead_01,45,1782898597.0326445,0.0016414960846304893
loss/val_norm_var/siconc,45,1782898596.870977,0.0025400600861757994
loss/val_norm_var/sithick,45,1782898596.9227011,0.0004428713000379503
loss/val_norm_var/so,45,1782898597.1456752,0.00027818488888442516
loss/val_norm_var/thetao,45,1782898597.0708199,0.0010126198176294565
loss/val_norm_var/uo,45,1782898597.2194405,0.004493002314120531
loss/val_norm_var/vo,45,1782898597.287244,0.004720600787550211
loss/val_norm_var/zos,45,1782898596.9946153,0.0016414960846304893
loss/val_var/siconc,45,1782898596.870972,0.0025400600861757994
loss/val_var/sithick,45,1782898596.9108264,0.0004428713000379503
loss/val_var/so,45,1782898597.1329532,0.00027818488888442516
loss/val_var/thetao,45,1782898597.0572422,0.0010126198176294565
loss/val_var/uo,45,1782898597.207321,0.004493002314120531
loss/val_var/vo,45,1782898597.2765973,0.004720600787550211
loss/val_var/zos,45,1782898596.9828002,0.0016414960846304893
loss/train,46,1782899975.7809072,0.0010284457821398973
loss/train,47,1782900566.5591855,0.0010251096682623029
loss/train,48,1782901239.2635026,0.0010235197842121124
loss/train,49,1782902294.8564942,0.0010199715616181493
loss/ema_val,50,1782902893.9852724,0.0010400429600849748
loss/ema_val_denorm,50,1782902893.985278,0.013538350351154804
loss/train,50,1782902798.0662434,0.0010177124058827758
loss/val,50,1782902893.985205,0.0010596506763249636
loss/val_denorm,50,1782902893.9852664,0.013707456178963184
loss/val_denorm_lead/lead_01,50,1782902893.985294,0.013707456178963184
loss/val_denorm_lead_var/siconc/lead_01,50,1782902893.9960046,0.002524713519960642
loss/val_denorm_lead_var/sithick/lead_01,50,1782902894.0113752,0.003322075353935361
loss/val_denorm_lead_var/so/lead_01,50,1782902894.0740266,0.008941023610532284
loss/val_denorm_lead_var/thetao/lead_01,50,1782902894.0544298,0.03363922983407974
loss/val_denorm_lead_var/uo/lead_01,50,1782902894.0974946,0.009132822044193745
loss/val_denorm_lead_var/vo/lead_01,50,1782902894.117401,0.0093572111800313
loss/val_denorm_lead_var/zos/lead_01,50,1782902894.0335107,0.00629669101908803
loss/val_denorm_var/siconc,50,1782902893.9853096,0.002524713519960642
loss/val_denorm_var/sithick,50,1782902894.0032537,0.003322075353935361
loss/val_denorm_var/so,50,1782902894.063869,0.008941023610532284
loss/val_denorm_var/thetao,50,1782902894.0427039,0.03363922983407974
loss/val_denorm_var/uo,50,1782902894.085158,0.009132822044193745
loss/val_denorm_var/vo,50,1782902894.106854,0.0093572111800313
loss/val_denorm_var/zos,50,1782902894.022341,0.00629669101908803
loss/val_lead/lead_01,50,1782902893.9852836,0.0010596506763249636
loss/val_lead_var/siconc/lead_01,50,1782902893.9855883,0.0025247111916542053
loss/val_lead_var/sithick/lead_01,50,1782902894.0061924,0.0004358708974905312
loss/val_lead_var/so/lead_01,50,1782902894.067524,0.0002769957936834544
loss/val_lead_var/thetao/lead_01,50,1782902894.0468726,0.0010055801831185818
loss/val_lead_var/uo/lead_01,50,1782902894.08956,0.00446498254314065
loss/val_lead_var/vo/lead_01,50,1782902894.1105604,0.004687225446105003
loss/val_lead_var/zos/lead_01,50,1782902894.02631,0.0016239798860624433
loss/val_norm,50,1782902893.9852574,0.0010596506763249636
loss/val_norm_lead/lead_01,50,1782902893.9852886,0.0010596506763249636
loss/val_norm_lead_var/siconc/lead_01,50,1782902893.9910152,0.0025247111916542053
loss/val_norm_lead_var/sithick/lead_01,50,1782902894.009582,0.0004358708974905312
loss/val_norm_lead_var/so/lead_01,50,1782902894.0706162,0.0002769957936834544
loss/val_norm_lead_var/thetao/lead_01,50,1782902894.0508249,0.0010055801831185818
loss/val_norm_lead_var/uo/lead_01,50,1782902894.0938494,0.00446498254314065
loss/val_norm_lead_var/vo/lead_01,50,1782902894.1140618,0.004687225446105003
loss/val_norm_lead_var/zos/lead_01,50,1782902894.030112,0.0016239798860624433
loss/val_norm_var/siconc,50,1782902893.9853044,0.0025247111916542053
loss/val_norm_var/sithick,50,1782902894.0004256,0.0004358708974905312
loss/val_norm_var/so,50,1782902894.0609722,0.0002769957936834544
loss/val_norm_var/thetao,50,1782902894.0393233,0.0010055801831185818
loss/val_norm_var/uo,50,1782902894.0811117,0.00446498254314065
loss/val_norm_var/vo,50,1782902894.1033359,0.004687225446105003
loss/val_norm_var/zos,50,1782902894.0185611,0.0016239798860624433
loss/val_var/siconc,50,1782902893.9852989,0.0025247111916542053
loss/val_var/sithick,50,1782902893.9981432,0.0004358708974905312
loss/val_var/so,50,1782902894.0580544,0.0002769957936834544
loss/val_var/thetao,50,1782902894.0364783,0.0010055801831185818
loss/val_var/uo,50,1782902894.0773435,0.00446498254314065
loss/val_var/vo,50,1782902894.1003833,0.004687225446105003
loss/val_var/zos,50,1782902894.0149355,0.0016239798860624433
loss/train,51,1782903336.5377355,0.0010162713006138802
loss/train,52,1782903800.1970673,0.0010136367054656148
loss/train,53,1782904305.5081372,0.001011375687085092
loss/train,54,1782904747.1965027,0.0010088367853313684
loss/ema_val,55,1782905287.0937066,0.00103153963573277
loss/ema_val_denorm,55,1782905287.093712,0.013425338082015514
loss/train,55,1782905190.0656896,0.0010075330501422286
loss/val,55,1782905287.0936491,0.0010521307121962309
loss/val_denorm,55,1782905287.0937011,0.013597513549029827
loss/val_denorm_lead/lead_01,55,1782905287.0937278,0.013597513549029827
loss/val_denorm_lead_var/siconc/lead_01,55,1782905287.0993273,0.0025158687494695187
loss/val_denorm_lead_var/sithick/lead_01,55,1782905287.1131113,0.0032539344392716885
loss/val_denorm_lead_var/so/lead_01,55,1782905287.1837227,0.008846898563206196
loss/val_denorm_lead_var/thetao/lead_01,55,1782905287.1554823,0.03340843319892883
loss/val_denorm_lead_var/uo/lead_01,55,1782905287.208625,0.00905822403728962
loss/val_denorm_lead_var/vo/lead_01,55,1782905287.2359254,0.0092881815508008
loss/val_denorm_lead_var/zos/lead_01,55,1782905287.1362514,0.006310165394097567
loss/val_denorm_var/siconc,55,1782905287.0937424,0.0025158687494695187
loss/val_denorm_var/sithick,55,1782905287.1047556,0.0032539344392716885
loss/val_denorm_var/so,55,1782905287.1684046,0.008846898563206196
loss/val_denorm_var/thetao,55,1782905287.1453307,0.03340843319892883
loss/val_denorm_var/uo,55,1782905287.1961446,0.00905822403728962
loss/val_denorm_var/vo,55,1782905287.2214963,0.0092881815508008
loss/val_denorm_var/zos,55,1782905287.1237292,0.006310165394097567
loss/val_lead/lead_01,55,1782905287.093718,0.0010521307121962309
loss/val_lead_var/siconc/lead_01,55,1782905287.093951,0.0025158661883324385
loss/val_lead_var/sithick/lead_01,55,1782905287.1073477,0.00042693052091635764
loss/val_lead_var/so/lead_01,55,1782905287.1729617,0.0002739719348028302
loss/val_lead_var/thetao/lead_01,55,1782905287.1485107,0.00099884660448879
loss/val_lead_var/uo/lead_01,55,1782905287.2001784,0.004423949867486954
loss/val_lead_var/vo/lead_01,55,1782905287.2274463,0.004651997238397598
loss/val_lead_var/zos/lead_01,55,1782905287.128082,0.001627454999834299
loss/val_norm,55,1782905287.093693,0.0010521307121962309
loss/val_norm_lead/lead_01,55,1782905287.0937228,0.0010521307121962309
loss/val_norm_lead_var/siconc/lead_01,55,1782905287.096778,0.0025158661883324385
loss/val_norm_lead_var/sithick/lead_01,55,1782905287.1097426,0.00042693052091635764
loss/val_norm_lead_var/so/lead_01,55,1782905287.1786845,0.0002739719348028302
loss/val_norm_lead_var/thetao/lead_01,55,1782905287.152042,0.00099884660448879
loss/val_norm_lead_var/uo/lead_01,55,1782905287.2041094,0.004423949867486954
loss/val_norm_lead_var/vo/lead_01,55,1782905287.2316635,0.004651997238397598
loss/val_norm_lead_var/zos/lead_01,55,1782905287.132148,0.001627454999834299
loss/val_norm_var/siconc,55,1782905287.0937371,0.0025158661883324385
loss/val_norm_var/sithick,55,1782905287.1023927,0.00042693052091635764
loss/val_norm_var/so,55,1782905287.1636424,0.0002739719348028302
loss/val_norm_var/thetao,55,1782905287.1424675,0.00099884660448879
loss/val_norm_var/uo,55,1782905287.1922896,0.004423949867486954
loss/val_norm_var/vo,55,1782905287.2167869,0.004651997238397598
loss/val_norm_var/zos,55,1782905287.119603,0.001627454999834299
loss/val_var/siconc,55,1782905287.0937324,0.0025158661883324385
loss/val_var/sithick,55,1782905287.100999,0.00042693052091635764
loss/val_var/so,55,1782905287.1590357,0.0002739719348028302
loss/val_var/thetao,55,1782905287.139653,0.00099884660448879
loss/val_var/uo,55,1782905287.188273,0.004423949867486954
loss/val_var/vo,55,1782905287.2124145,0.004651997238397598
loss/val_var/zos,55,1782905287.1161642,0.001627454999834299
loss/train,56,1782905732.4949222,0.0010051247663795948
loss/train,57,1782906853.7875586,0.0010032515274360776
loss/train,58,1782907425.4118183,0.001001014024950564
loss/train,59,1782907959.1530716,0.0009988859528675675
loss/ema_val,60,1782908658.7956052,0.0010240994160994887
loss/ema_val_denorm,60,1782908658.7956097,0.013317626900970936
loss/train,60,1782908548.2625144,0.0009971173712983727
loss/val,60,1782908658.7955582,0.0010436318116262555
loss/val_denorm,60,1782908658.7956,0.013499298132956028
loss/val_denorm_lead/lead_01,60,1782908658.795623,0.013499298132956028
loss/val_denorm_lead_var/siconc/lead_01,60,1782908658.8143516,0.0024810137692838907
loss/val_denorm_lead_var/sithick/lead_01,60,1782908658.925793,0.0033748187124729156
loss/val_denorm_lead_var/so/lead_01,60,1782908659.2989273,0.008731521666049957
loss/val_denorm_lead_var/thetao/lead_01,60,1782908659.243242,0.03323373571038246
loss/val_denorm_lead_var/uo/lead_01,60,1782908659.5695434,0.008964542299509048
loss/val_denorm_lead_var/vo/lead_01,60,1782908659.6375642,0.00916887167841196
loss/val_denorm_lead_var/zos/lead_01,60,1782908659.1906452,0.006257982458919287
loss/val_denorm_var/siconc,60,1782908658.795636,0.0024810137692838907
loss/val_denorm_var/sithick,60,1782908658.8967104,0.0033748187124729156
loss/val_denorm_var/so,60,1782908659.2696831,0.008731521666049957
loss/val_denorm_var/thetao,60,1782908659.2193434,0.03323373571038246
loss/val_denorm_var/uo,60,1782908659.3217893,0.008964542299509048
loss/val_denorm_var/vo,60,1782908659.605043,0.00916887167841196
loss/val_denorm_var/zos,60,1782908658.9530485,0.006257982458919287
loss/val_lead/lead_01,60,1782908658.7956145,0.0010436318116262555
loss/val_lead_var/siconc/lead_01,60,1782908658.7960508,0.002481011440977454
loss/val_lead_var/sithick/lead_01,60,1782908658.9067268,0.00044279106077738106
loss/val_lead_var/so/lead_01,60,1782908659.2795424,0.0002705637598410249
loss/val_lead_var/thetao/lead_01,60,1782908659.2277014,0.0009932797402143478
loss/val_lead_var/uo/lead_01,60,1782908659.3292649,0.004380440339446068
loss/val_lead_var/vo/lead_01,60,1782908659.6167774,0.00459801871329546
loss/val_lead_var/zos/lead_01,60,1782908658.9622653,0.0016139965737238526
loss/val_norm,60,1782908658.7955928,0.0010436318116262555
loss/val_norm_lead/lead_01,60,1782908658.7956185,0.0010436318116262555
loss/val_norm_lead_var/siconc/lead_01,60,1782908658.804265,0.002481011440977454
loss/val_norm_lead_var/sithick/lead_01,60,1782908658.9165547,0.00044279106077738106
loss/val_norm_lead_var/so/lead_01,60,1782908659.2887979,0.0002705637598410249
loss/val_norm_lead_var/thetao/lead_01,60,1782908659.2359946,0.0009932797402143478
loss/val_norm_lead_var/uo/lead_01,60,1782908659.554523,0.004380440339446068
loss/val_norm_lead_var/vo/lead_01,60,1782908659.627447,0.00459801871329546
loss/val_norm_lead_var/zos/lead_01,60,1782908658.9710596,0.0016139965737238526
loss/val_norm_var/siconc,60,1782908658.7956316,0.002481011440977454
loss/val_norm_var/sithick,60,1782908658.888173,0.00044279106077738106
loss/val_norm_var/so,60,1782908659.260957,0.0002705637598410249
loss/val_norm_var/thetao,60,1782908659.2103772,0.0009932797402143478
loss/val_norm_var/uo,60,1782908659.3137827,0.004380440339446068
loss/val_norm_var/vo,60,1782908659.5955215,0.00459801871329546
loss/val_norm_var/zos,60,1782908658.9440672,0.0016139965737238526
loss/val_var/siconc,60,1782908658.7956276,0.002481011440977454
loss/val_var/sithick,60,1782908658.8241553,0.00044279106077738106
loss/val_var/so,60,1782908659.2520492,0.0002705637598410249
loss/val_var/thetao,60,1782908659.2016916,0.0009932797402143478
loss/val_var/uo,60,1782908659.305948,0.004380440339446068
loss/val_var/vo,60,1782908659.5835588,0.00459801871329546
loss/val_var/zos,60,1782908658.9360821,0.0016139965737238526
loss/train,61,1782909115.304695,0.0009945326019078493
loss/train,62,1782909558.6491342,0.0009936848655343056
loss/train,63,1782910026.0719635,0.0009913117391988635
loss/train,64,1782910469.429649,0.0009905269835144281
loss/ema_val,65,1782911016.6990497,0.0010177986696362495
loss/ema_val_denorm,65,1782911016.6990557,0.013226180337369442
loss/train,65,1782910918.62322,0.0009884481551125646
loss/val,65,1782911016.69899,0.001034318469464779
loss/val_denorm,65,1782911016.6990433,0.01336340419948101
loss/val_denorm_lead/lead_01,65,1782911016.6990705,0.01336340419948101
loss/val_denorm_lead_var/siconc/lead_01,65,1782911016.9124713,0.002502058632671833
loss/val_denorm_lead_var/sithick/lead_01,65,1782911016.9336405,0.003158027771860361
loss/val_denorm_lead_var/so/lead_01,65,1782911017.0112512,0.008620020002126694
loss/val_denorm_lead_var/thetao/lead_01,65,1782911016.9852602,0.03300519660115242
loss/val_denorm_lead_var/uo/lead_01,65,1782911017.318603,0.008875575847923756
loss/val_denorm_lead_var/vo/lead_01,65,1782911017.3405578,0.009116695262491703
loss/val_denorm_lead_var/zos/lead_01,65,1782911016.9600775,0.00618441728875041
loss/val_denorm_var/siconc,65,1782911016.699085,0.002502058632671833
loss/val_denorm_var/sithick,65,1782911016.9231,0.003158027771860361
loss/val_denorm_var/so,65,1782911016.9998608,0.008620020002126694
loss/val_denorm_var/thetao,65,1782911016.9739482,0.03300519660115242
loss/val_denorm_var/uo,65,1782911017.2750182,0.008875575847923756
loss/val_denorm_var/vo,65,1782911017.329088,0.009116695262491703
loss/val_denorm_var/zos,65,1782911016.9472573,0.00618441728875041
loss/val_lead/lead_01,65,1782911016.699061,0.001034318469464779
loss/val_lead_var/siconc/lead_01,65,1782911016.6992722,0.0025020563043653965
loss/val_lead_var/sithick/lead_01,65,1782911016.9258354,0.0004143471596762538
loss/val_lead_var/so/lead_01,65,1782911017.0036805,0.00026746606454253197
loss/val_lead_var/thetao/lead_01,65,1782911016.9777129,0.0009866341715678573
loss/val_lead_var/uo/lead_01,65,1782911017.2966673,0.004338525235652924
loss/val_lead_var/vo/lead_01,65,1782911017.3325162,0.004568205680698156
loss/val_lead_var/zos/lead_01,65,1782911016.9514005,0.0015950234374031425
loss/val_norm,65,1782911016.6990352,0.001034318469464779
loss/val_norm_lead/lead_01,65,1782911016.699066,0.001034318469464779
loss/val_norm_lead_var/siconc/lead_01,65,1782911016.9091845,0.0025020563043653965
loss/val_norm_lead_var/sithick/lead_01,65,1782911016.929266,0.0004143471596762538
loss/val_norm_lead_var/so/lead_01,65,1782911017.007264,0.00026746606454253197
loss/val_norm_lead_var/thetao/lead_01,65,1782911016.9810562,0.0009866341715678573
loss/val_norm_lead_var/uo/lead_01,65,1782911017.3144944,0.004338525235652924
loss/val_norm_lead_var/vo/lead_01,65,1782911017.3356247,0.004568205680698156
loss/val_norm_lead_var/zos/lead_01,65,1782911016.9557679,0.0015950234374031425
loss/val_norm_var/siconc,65,1782911016.6990802,0.0025020563043653965
loss/val_norm_var/sithick,65,1782911016.919323,0.0004143471596762538
loss/val_norm_var/so,65,1782911016.9960601,0.00026746606454253197
loss/val_norm_var/thetao,65,1782911016.969454,0.0009866341715678573
loss/val_norm_var/uo,65,1782911017.24328,0.004338525235652924
loss/val_norm_var/vo,65,1782911017.3254201,0.004568205680698156
loss/val_norm_var/zos,65,1782911016.9424975,0.0015950234374031425
loss/val_var/siconc,65,1782911016.6990752,0.0025020563043653965
loss/val_var/sithick,65,1782911016.9162807,0.0004143471596762538
loss/val_var/so,65,1782911016.9901745,0.00026746606454253197
loss/val_var/thetao,65,1782911016.9650264,0.0009866341715678573
loss/val_var/uo,65,1782911017.2177503,0.004338525235652924
loss/val_var/vo,65,1782911017.3218868,0.004568205680698156
loss/val_var/zos,65,1782911016.9380298,0.0015950234374031425
loss/train,66,1782911465.3773773,0.0009866583859547973
loss/train,67,1782912009.9594972,0.000985356979072094
loss/train,68,1782912488.2229016,0.0009842106373980641
loss/train,69,1782912942.1932383,0.0009824158623814583
loss/ema_val,70,1782913489.873864,0.0010124660329893231
loss/ema_val_denorm,70,1782913489.873869,0.013150744140148163
loss/train,70,1782913393.1438837,0.0009809377370402217
loss/val,70,1782913489.873815,0.0010311303194612265
loss/val_denorm,70,1782913489.8738575,0.013318607583642006
loss/val_denorm_lead/lead_01,70,1782913489.873885,0.013318607583642006
loss/val_denorm_lead_var/siconc/lead_01,70,1782913489.88235,0.002481346018612385
loss/val_denorm_lead_var/sithick/lead_01,70,1782913489.9077468,0.003158996347337961
loss/val_denorm_lead_var/so/lead_01,70,1782913490.2779956,0.00857340358197689
loss/val_denorm_lead_var/thetao/lead_01,70,1782913489.9709444,0.032911136746406555
loss/val_denorm_lead_var/uo/lead_01,70,1782913490.3161218,0.008801909163594246
loss/val_denorm_lead_var/vo/lead_01,70,1782913490.3525488,0.009110365994274616
loss/val_denorm_lead_var/zos/lead_01,70,1782913489.9362922,0.0062324958853423595
loss/val_denorm_var/siconc,70,1782913489.8739018,0.002481346018612385
loss/val_denorm_var/sithick,70,1782913489.8928597,0.003158996347337961
loss/val_denorm_var/so,70,1782913489.9927127,0.00857340358197689
loss/val_denorm_var/thetao,70,1782913489.9517245,0.032911136746406555
loss/val_denorm_var/uo,70,1782913490.2967353,0.008801909163594246
loss/val_denorm_var/vo,70,1782913490.3356223,0.009110365994274616
loss/val_denorm_var/zos,70,1782913489.920515,0.0062324958853423595
loss/val_lead/lead_01,70,1782913489.873874,0.0010311303194612265
loss/val_lead_var/siconc/lead_01,70,1782913489.8741894,0.0024813436903059483
loss/val_lead_var/sithick/lead_01,70,1782913489.8977833,0.0004144742270000279
loss/val_lead_var/so/lead_01,70,1782913490.2029154,0.0002662840997800231
loss/val_lead_var/thetao/lead_01,70,1782913489.9578066,0.0009834079537540674
loss/val_lead_var/uo/lead_01,70,1782913490.3030267,0.004304029047489166
loss/val_lead_var/vo/lead_01,70,1782913490.3413775,0.004563965834677219
loss/val_lead_var/zos/lead_01,70,1782913489.924508,0.0016074234154075384
loss/val_norm,70,1782913489.8738496,0.0010311303194612265
loss/val_norm_lead/lead_01,70,1782913489.8738792,0.0010311303194612265
loss/val_norm_lead_var/siconc/lead_01,70,1782913489.8787737,0.0024813436903059483
loss/val_norm_lead_var/sithick/lead_01,70,1782913489.902597,0.0004144742270000279
loss/val_norm_lead_var/so/lead_01,70,1782913490.2713888,0.0002662840997800231
loss/val_norm_lead_var/thetao/lead_01,70,1782913489.9639006,0.0009834079537540674
loss/val_norm_lead_var/uo/lead_01,70,1782913490.3090918,0.004304029047489166
loss/val_norm_lead_var/vo/lead_01,70,1782913490.3471632,0.004563965834677219
loss/val_norm_lead_var/zos/lead_01,70,1782913489.9305592,0.0016074234154075384
loss/val_norm_var/siconc,70,1782913489.873897,0.0024813436903059483
loss/val_norm_var/sithick,70,1782913489.8892608,0.0004144742270000279
loss/val_norm_var/so,70,1782913489.9866612,0.0002662840997800231
loss/val_norm_var/thetao,70,1782913489.9471176,0.0009834079537540674
loss/val_norm_var/uo,70,1782913490.2905126,0.004304029047489166
loss/val_norm_var/vo,70,1782913490.3296435,0.004563965834677219
loss/val_norm_var/zos,70,1782913489.916329,0.0016074234154075384
loss/val_var/siconc,70,1782913489.8738904,0.0024813436903059483
loss/val_var/sithick,70,1782913489.885904,0.0004144742270000279
loss/val_var/so,70,1782913489.9791572,0.0002662840997800231
loss/val_var/thetao,70,1782913489.941629,0.0009834079537540674
loss/val_var/uo,70,1782913490.2846828,0.004304029047489166
loss/val_var/vo,70,1782913490.322742,0.004563965834677219
loss/val_var/zos,70,1782913489.9119713,0.0016074234154075384
loss/train,71,1782913934.9273927,0.000979131436906755
loss/train,72,1782914379.2096245,0.0009784625144675374
loss/train,73,1782914845.2038412,0.0009765385766513646
loss/train,74,1782915290.2989888,0.0009753226186148822
loss/ema_val,75,1782915831.5724893,0.0010078047635033727
loss/ema_val_denorm,75,1782915831.5724945,0.013085199519991875
loss/train,75,1782915733.8416498,0.00097403529798612
loss/val,75,1782915831.5724363,0.0010303591843694448
loss/val_denorm,75,1782915831.5724833,0.0132536506280303
loss/val_denorm_lead/lead_01,75,1782915831.5725088,0.0132536506280303
loss/val_denorm_lead_var/siconc/lead_01,75,1782915831.5790453,0.0025232841726392508
loss/val_denorm_lead_var/sithick/lead_01,75,1782915831.8178852,0.0031546284444630146
loss/val_denorm_lead_var/so/lead_01,75,1782915832.102614,0.008512982167303562
loss/val_denorm_lead_var/thetao/lead_01,75,1782915832.072027,0.03275669738650322
loss/val_denorm_lead_var/uo/lead_01,75,1782915832.1237986,0.008832828141748905
loss/val_denorm_lead_var/vo/lead_01,75,1782915832.1442742,0.009093988686800003
loss/val_denorm_lead_var/zos/lead_01,75,1782915832.0477228,0.00618722615763545
loss/val_denorm_var/siconc,75,1782915831.5725236,0.0025232841726392508
loss/val_denorm_var/sithick,75,1782915831.8071299,0.0031546284444630146
loss/val_denorm_var/so,75,1782915832.08367,0.008512982167303562
loss/val_denorm_var/thetao,75,1782915832.0591319,0.03275669738650322
loss/val_denorm_var/uo,75,1782915832.114663,0.008832828141748905
loss/val_denorm_var/vo,75,1782915832.1322799,0.009093988686800003
loss/val_denorm_var/zos,75,1782915832.033288,0.00618722615763545
loss/val_lead/lead_01,75,1782915831.5724995,0.0010303591843694448
loss/val_lead_var/siconc/lead_01,75,1782915831.5727944,0.0025232816115021706
loss/val_lead_var/sithick/lead_01,75,1782915831.8102002,0.00041390114347450435
loss/val_lead_var/so/lead_01,75,1782915832.0898263,0.0002646219509188086
loss/val_lead_var/thetao/lead_01,75,1782915832.063675,0.000979106524027884
loss/val_lead_var/uo/lead_01,75,1782915832.1172793,0.004313263576477766
loss/val_lead_var/vo/lead_01,75,1782915832.1364868,0.004553001374006271
loss/val_lead_var/zos/lead_01,75,1782915832.0381122,0.0015957477735355496
loss/val_norm,75,1782915831.572475,0.0010303591843694448
loss/val_norm_lead/lead_01,75,1782915831.5725043,0.0010303591843694448
loss/val_norm_lead_var/siconc/lead_01,75,1782915831.5757384,0.0025232816115021706
loss/val_norm_lead_var/sithick/lead_01,75,1782915831.814049,0.00041390114347450435
loss/val_norm_lead_var/so/lead_01,75,1782915832.0976582,0.0002646219509188086
loss/val_norm_lead_var/thetao/lead_01,75,1782915832.0683458,0.000979106524027884
loss/val_norm_lead_var/uo/lead_01,75,1782915832.120273,0.004313263576477766
loss/val_norm_lead_var/vo/lead_01,75,1782915832.140324,0.004553001374006271
loss/val_norm_lead_var/zos/lead_01,75,1782915832.043485,0.0015957477735355496
loss/val_norm_var/siconc,75,1782915831.5725183,0.0025232816115021706
loss/val_norm_var/sithick,75,1782915831.8022628,0.00041390114347450435
loss/val_norm_var/so,75,1782915832.0794804,0.0002646219509188086
loss/val_norm_var/thetao,75,1782915832.0557578,0.000979106524027884
loss/val_norm_var/uo,75,1782915832.109498,0.004313263576477766
loss/val_norm_var/vo,75,1782915832.129475,0.004553001374006271
loss/val_norm_var/zos,75,1782915832.0273967,0.0015957477735355496
loss/val_var/siconc,75,1782915831.5725138,0.0025232816115021706
loss/val_var/sithick,75,1782915831.7945144,0.00041390114347450435
loss/val_var/so,75,1782915832.075966,0.0002646219509188086
loss/val_var/thetao,75,1782915832.0516617,0.000979106524027884
loss/val_var/uo,75,1782915832.106192,0.004313263576477766
loss/val_var/vo,75,1782915832.126668,0.004553001374006271
loss/val_var/zos,75,1782915831.8213437,0.0015957477735355496
loss/train,76,1782916364.3517423,0.0009725311538204551
loss/train,77,1782917855.8847969,0.0009713530889712274
loss/train,78,1782918571.732846,0.0009695680346339941
loss/train,79,1782919025.727108,0.0009689323487691581
loss/ema_val,80,1782919566.030472,0.0010038077598437667
loss/ema_val_denorm,80,1782919566.0304773,0.0130297327414155
loss/train,80,1782919469.6243556,0.0009681629599072039
loss/val,80,1782919566.030416,0.00102576136123389
loss/val_denorm,80,1782919566.0304658,0.013214683160185814
loss/val_denorm_lead/lead_01,80,1782919566.0304923,0.013214683160185814
loss/val_denorm_lead_var/siconc/lead_01,80,1782919566.0367305,0.0025075979065150023
loss/val_denorm_lead_var/sithick/lead_01,80,1782919566.059805,0.003122194204479456
loss/val_denorm_lead_var/so/lead_01,80,1782919566.325201,0.008466115221381187
loss/val_denorm_lead_var/thetao/lead_01,80,1782919566.0982704,0.032719433307647705
loss/val_denorm_lead_var/uo/lead_01,80,1782919566.3447404,0.008769218809902668
loss/val_denorm_lead_var/vo/lead_01,80,1782919566.3650575,0.009000991471111774
loss/val_denorm_lead_var/zos/lead_01,80,1782919566.0810716,0.006223456002771854
loss/val_denorm_var/siconc,80,1782919566.0305073,0.0025075979065150023
loss/val_denorm_var/sithick,80,1782919566.0479865,0.003122194204479456
loss/val_denorm_var/so,80,1782919566.3136127,0.008466115221381187
loss/val_denorm_var/thetao,80,1782919566.0896714,0.032719433307647705
loss/val_denorm_var/uo,80,1782919566.335829,0.008769218809902668
loss/val_denorm_var/vo,80,1782919566.3543534,0.009000991471111774
loss/val_denorm_var/zos,80,1782919566.0694392,0.006223456002771854
loss/val_lead/lead_01,80,1782919566.0304825,0.00102576136123389
loss/val_lead_var/siconc/lead_01,80,1782919566.0307608,0.002507595345377922
loss/val_lead_var/sithick/lead_01,80,1782919566.0525987,0.0004096456104889512
loss/val_lead_var/so/lead_01,80,1782919566.3185644,0.0002630113158375025
loss/val_lead_var/thetao/lead_01,80,1782919566.0924056,0.0009775926591828465
loss/val_lead_var/uo/lead_01,80,1782919566.3388999,0.004287598188966513
loss/val_lead_var/vo/lead_01,80,1782919566.357859,0.004513670690357685
loss/val_lead_var/zos/lead_01,80,1782919566.0720384,0.0016050918493419886
loss/val_norm,80,1782919566.0304575,0.00102576136123389
loss/val_norm_lead/lead_01,80,1782919566.0304873,0.00102576136123389
loss/val_norm_lead_var/siconc/lead_01,80,1782919566.034365,0.002507595345377922
loss/val_norm_lead_var/sithick/lead_01,80,1782919566.0561602,0.0004096456104889512
loss/val_norm_lead_var/so/lead_01,80,1782919566.3217173,0.0002630113158375025
loss/val_norm_lead_var/thetao/lead_01,80,1782919566.0949762,0.0009775926591828465
loss/val_norm_lead_var/uo/lead_01,80,1782919566.3419187,0.004287598188966513
loss/val_norm_lead_var/vo/lead_01,80,1782919566.3616025,0.004513670690357685
loss/val_norm_lead_var/zos/lead_01,80,1782919566.076524,0.0016050918493419886
loss/val_norm_var/siconc,80,1782919566.0305023,0.002507595345377922
loss/val_norm_var/sithick,80,1782919566.0440242,0.0004096456104889512
loss/val_norm_var/so,80,1782919566.1043618,0.0002630113158375025
loss/val_norm_var/thetao,80,1782919566.0876024,0.0009775926591828465
loss/val_norm_var/uo,80,1782919566.3323078,0.004287598188966513
loss/val_norm_var/vo,80,1782919566.3515155,0.004513670690357685
loss/val_norm_var/zos,80,1782919566.0665197,0.0016050918493419886
loss/val_var/siconc,80,1782919566.0304973,0.002507595345377922
loss/val_var/sithick,80,1782919566.0404363,0.0004096456104889512
loss/val_var/so,80,1782919566.1012611,0.0002630113158375025
loss/val_var/thetao,80,1782919566.0841727,0.0009775926591828465
loss/val_var/uo,80,1782919566.3285763,0.004287598188966513
loss/val_var/vo,80,1782919566.3477778,0.004513670690357685
loss/val_var/zos,80,1782919566.0630088,0.0016050918493419886
loss/train,81,1782920011.4340742,0.0009662354714237154
loss/train,82,1782920456.1655421,0.0009663942619226873
loss/train,83,1782920922.9698455,0.0009633044246584177
loss/train,84,1782921367.2497525,0.0009630054119043052
loss/ema_val,85,1782921913.2573507,0.0010003502247855067
loss/ema_val_denorm,85,1782921913.2573564,0.012981269508600235
loss/train,85,1782921815.6149518,0.0009615831077098846
loss/val,85,1782921913.2572908,0.0010230307234451175
loss/val_denorm,85,1782921913.2573445,0.013149159029126167
loss/val_denorm_lead/lead_01,85,1782921913.2573717,0.013149159029126167
loss/val_denorm_lead_var/siconc/lead_01,85,1782921913.2660992,0.002518326509743929
loss/val_denorm_lead_var/sithick/lead_01,85,1782921913.295307,0.003200975013896823
loss/val_denorm_lead_var/so/lead_01,85,1782921913.3593843,0.008417054079473019
loss/val_denorm_lead_var/thetao/lead_01,85,1782921913.3406513,0.032517556101083755
loss/val_denorm_lead_var/uo/lead_01,85,1782921913.3779716,0.008716250769793987
loss/val_denorm_lead_var/vo/lead_01,85,1782921913.4013772,0.008942002430558205
loss/val_denorm_lead_var/zos/lead_01,85,1782921913.3169608,0.006246716715395451
loss/val_denorm_var/siconc,85,1782921913.257386,0.002518326509743929
loss/val_denorm_var/sithick,85,1782921913.2792246,0.003200975013896823
loss/val_denorm_var/so,85,1782921913.350762,0.008417054079473019
loss/val_denorm_var/thetao,85,1782921913.3279526,0.032517556101083755
loss/val_denorm_var/uo,85,1782921913.3685377,0.008716250769793987
loss/val_denorm_var/vo,85,1782921913.3906865,0.008942002430558205
loss/val_denorm_var/zos,85,1782921913.3064044,0.006246716715395451
loss/val_lead/lead_01,85,1782921913.2573614,0.0010230307234451175
loss/val_lead_var/siconc/lead_01,85,1782921913.2576418,0.0025183239486068487
loss/val_lead_var/sithick/lead_01,85,1782921913.2855775,0.0004199820104986429
loss/val_lead_var/so/lead_01,85,1782921913.3540285,0.00026199297280982137
loss/val_lead_var/thetao/lead_01,85,1782921913.3324835,0.0009718866203911602
loss/val_lead_var/uo/lead_01,85,1782921913.3713474,0.004259724635630846
loss/val_lead_var/vo/lead_01,85,1782921913.3944235,0.004481148440390825
loss/val_lead_var/zos/lead_01,85,1782921913.3098245,0.001611091080121696
loss/val_norm,85,1782921913.2573361,0.0010230307234451175
loss/val_norm_lead/lead_01,85,1782921913.257367,0.0010230307234451175
loss/val_norm_lead_var/siconc/lead_01,85,1782921913.2619317,0.0025183239486068487
loss/val_norm_lead_var/sithick/lead_01,85,1782921913.2905734,0.0004199820104986429
loss/val_norm_lead_var/so/lead_01,85,1782921913.3567412,0.00026199297280982137
loss/val_norm_lead_var/thetao/lead_01,85,1782921913.336255,0.0009718866203911602
loss/val_norm_lead_var/uo/lead_01,85,1782921913.3743439,0.004259724635630846
loss/val_norm_lead_var/vo/lead_01,85,1782921913.398274,0.004481148440390825
loss/val_norm_lead_var/zos/lead_01,85,1782921913.313236,0.001611091080121696
loss/val_norm_var/siconc,85,1782921913.2573812,0.0025183239486068487
loss/val_norm_var/sithick,85,1782921913.2736793,0.0004199820104986429
loss/val_norm_var/so,85,1782921913.3469439,0.00026199297280982137
loss/val_norm_var/thetao,85,1782921913.3238823,0.0009718866203911602
loss/val_norm_var/uo,85,1782921913.3659172,0.004259724635630846
loss/val_norm_var/vo,85,1782921913.3863852,0.004481148440390825
loss/val_norm_var/zos,85,1782921913.3024218,0.001611091080121696
loss/val_var/siconc,85,1782921913.2573762,0.0025183239486068487
loss/val_var/sithick,85,1782921913.2703204,0.0004199820104986429
loss/val_var/so,85,1782921913.344107,0.00026199297280982137
loss/val_var/thetao,85,1782921913.3204725,0.0009718866203911602
loss/val_var/uo,85,1782921913.36257,0.004259724635630846
loss/val_var/vo,85,1782921913.3822255,0.004481148440390825
loss/val_var/zos,85,1782921913.2990515,0.001611091080121696
loss/train,86,1782924058.1233125,0.0009603326907381415
loss/train,87,1782924657.3219712,0.000960018893238157
loss/train,88,1782925461.5206206,0.000958652759436518
loss/train,89,1782925969.677871,0.0009578954777680337
loss/ema_val,90,1782926503.0043254,0.000997319002635777
loss/ema_val_denorm,90,1782926503.0043325,0.012937691994011402
loss/train,90,1782926405.7820897,0.0009573459392413497
loss/val,90,1782926503.004273,0.0010199652751907706
loss/val_denorm,90,1782926503.004318,0.013135417364537716
loss/val_denorm_lead/lead_01,90,1782926503.0043519,0.013135417364537716
loss/val_denorm_lead_var/siconc/lead_01,90,1782926503.0125728,0.0024829506874084473
loss/val_denorm_lead_var/sithick/lead_01,90,1782926503.0357413,0.0031410909723490477
loss/val_denorm_lead_var/so/lead_01,90,1782926503.516725,0.008402667008340359
loss/val_denorm_lead_var/thetao/lead_01,90,1782926503.499167,0.03252754732966423
loss/val_denorm_lead_var/uo/lead_01,90,1782926503.5521333,0.008771167136728764
loss/val_denorm_lead_var/vo/lead_01,90,1782926503.5742493,0.008950005285441875
loss/val_denorm_lead_var/zos/lead_01,90,1782926503.2704086,0.0061738393269479275
loss/val_denorm_var/siconc,90,1782926503.0043712,0.0024829506874084473
loss/val_denorm_var/sithick,90,1782926503.0254092,0.0031410909723490477
loss/val_denorm_var/so,90,1782926503.5085251,0.008402667008340359
loss/val_denorm_var/thetao,90,1782926503.2807586,0.03252754732966423
loss/val_denorm_var/uo,90,1782926503.535834,0.008771167136728764
loss/val_denorm_var/vo,90,1782926503.5628664,0.008950005285441875
loss/val_denorm_var/zos,90,1782926503.0512438,0.0061738393269479275
loss/val_lead/lead_01,90,1782926503.0043392,0.0010199652751907706
loss/val_lead_var/siconc/lead_01,90,1782926503.0046046,0.002482948126271367
loss/val_lead_var/sithick/lead_01,90,1782926503.0279076,0.0004121249367017299
loss/val_lead_var/so/lead_01,90,1782926503.5112355,0.0002616056881379336
loss/val_lead_var/thetao/lead_01,90,1782926503.286697,0.0009721055394038558
loss/val_lead_var/uo/lead_01,90,1782926503.5406036,0.004275633953511715
loss/val_lead_var/vo/lead_01,90,1782926503.5668776,0.004481394309550524
loss/val_lead_var/zos/lead_01,90,1782926503.2618675,0.0015922952443361282
loss/val_norm,90,1782926503.004307,0.0010199652751907706
loss/val_norm_lead/lead_01,90,1782926503.0043457,0.0010199652751907706
loss/val_norm_lead_var/siconc/lead_01,90,1782926503.0094845,0.002482948126271367
loss/val_norm_lead_var/sithick/lead_01,90,1782926503.0315433,0.0004121249367017299
loss/val_norm_lead_var/so/lead_01,90,1782926503.5147703,0.0002616056881379336
loss/val_norm_lead_var/thetao/lead_01,90,1782926503.2914498,0.0009721055394038558
loss/val_norm_lead_var/uo/lead_01,90,1782926503.546381,0.004275633953511715
loss/val_norm_lead_var/vo/lead_01,90,1782926503.570627,0.004481394309550524
loss/val_norm_lead_var/zos/lead_01,90,1782926503.2655544,0.0015922952443361282
loss/val_norm_var/siconc,90,1782926503.0043645,0.002482948126271367
loss/val_norm_var/sithick,90,1782926503.023504,0.0004121249367017299
loss/val_norm_var/so,90,1782926503.5064573,0.0002616056881379336
loss/val_norm_var/thetao,90,1782926503.2770014,0.0009721055394038558
loss/val_norm_var/uo,90,1782926503.5232658,0.004275633953511715
loss/val_norm_var/vo,90,1782926503.5586557,0.004481394309550524
loss/val_norm_var/zos,90,1782926503.043995,0.0015922952443361282
loss/val_var/siconc,90,1782926503.0043583,0.002482948126271367
loss/val_var/sithick,90,1782926503.0174882,0.0004121249367017299
loss/val_var/so,90,1782926503.5032613,0.0002616056881379336
loss/val_var/thetao,90,1782926503.2733214,0.0009721055394038558
loss/val_var/uo,90,1782926503.5206568,0.004275633953511715
loss/val_var/vo,90,1782926503.5557387,0.004481394309550524
loss/val_var/zos,90,1782926503.0394812,0.0015922952443361282
loss/train,91,1782926942.1661568,0.0009557071607559919
loss/train,92,1782927453.7657526,0.0009551468538120389
loss/train,93,1782927890.4984252,0.0009539446909911931
loss/train,94,1782928335.9379854,0.0009529755334369838
loss/ema_val,95,1782929706.1832876,0.0009946242207661271
loss/ema_val_denorm,95,1782929706.1832924,0.012899947352707386
loss/train,95,1782929608.7114003,0.000952545553445816
loss/val,95,1782929706.1832325,0.001012771506793797
loss/val_denorm,95,1782929706.183282,0.013096148148179054
loss/val_denorm_lead/lead_01,95,1782929706.1833055,0.013096148148179054
loss/val_denorm_lead_var/siconc/lead_01,95,1782929706.196896,0.0024479192215949297
loss/val_denorm_lead_var/sithick/lead_01,95,1782929706.2293003,0.0030531210359185934
loss/val_denorm_lead_var/so/lead_01,95,1782929706.3110764,0.008395088836550713
loss/val_denorm_lead_var/thetao/lead_01,95,1782929706.286071,0.03245553374290466
loss/val_denorm_lead_var/uo/lead_01,95,1782929706.3398082,0.008643070235848427
loss/val_denorm_lead_var/vo/lead_01,95,1782929706.3801293,0.008883972652256489
loss/val_denorm_lead_var/zos/lead_01,95,1782929706.2595513,0.006171619053930044
loss/val_denorm_var/siconc,95,1782929706.1833189,0.0024479192215949297
loss/val_denorm_var/sithick,95,1782929706.2133167,0.0030531210359185934
loss/val_denorm_var/so,95,1782929706.2983809,0.008395088836550713
loss/val_denorm_var/thetao,95,1782929706.2734969,0.03245553374290466
loss/val_denorm_var/uo,95,1782929706.325717,0.008643070235848427
loss/val_denorm_var/vo,95,1782929706.3601756,0.008883972652256489
loss/val_denorm_var/zos,95,1782929706.24583,0.006171619053930044
loss/val_lead/lead_01,95,1782929706.183297,0.001012771506793797
loss/val_lead_var/siconc/lead_01,95,1782929706.1838343,0.002447916893288493
loss/val_lead_var/sithick/lead_01,95,1782929706.2185626,0.00040058293961919844
loss/val_lead_var/so/lead_01,95,1782929706.3018413,0.00026118740788660944
loss/val_lead_var/thetao/lead_01,95,1782929706.2776332,0.0009695190819911659
loss/val_lead_var/uo/lead_01,95,1782929706.330736,0.004226758144795895
loss/val_lead_var/vo/lead_01,95,1782929706.3664103,0.004451693966984749
loss/val_lead_var/zos/lead_01,95,1782929706.249966,0.0015917225973680615
loss/val_norm,95,1782929706.183274,0.001012771506793797
loss/val_norm_lead/lead_01,95,1782929706.1833012,0.001012771506793797
loss/val_norm_lead_var/siconc/lead_01,95,1782929706.1909862,0.002447916893288493
loss/val_norm_lead_var/sithick/lead_01,95,1782929706.2230678,0.00040058293961919844
loss/val_norm_lead_var/so/lead_01,95,1782929706.3062418,0.00026118740788660944
loss/val_norm_lead_var/thetao/lead_01,95,1782929706.2817397,0.0009695190819911659
loss/val_norm_lead_var/uo/lead_01,95,1782929706.335257,0.004226758144795895
loss/val_norm_lead_var/vo/lead_01,95,1782929706.372391,0.004451693966984749
loss/val_norm_lead_var/zos/lead_01,95,1782929706.254832,0.0015917225973680615
loss/val_norm_var/siconc,95,1782929706.183314,0.002447916893288493
loss/val_norm_var/sithick,95,1782929706.2079656,0.00040058293961919844
loss/val_norm_var/so,95,1782929706.2945197,0.00026118740788660944
loss/val_norm_var/thetao,95,1782929706.2690217,0.0009695190819911659
loss/val_norm_var/uo,95,1782929706.3210087,0.004226758144795895
loss/val_norm_var/vo,95,1782929706.3536198,0.004451693966984749
loss/val_norm_var/zos,95,1782929706.2391033,0.0015917225973680615
loss/val_var/siconc,95,1782929706.18331,0.002447916893288493
loss/val_var/sithick,95,1782929706.2031007,0.00040058293961919844
loss/val_var/so,95,1782929706.2907917,0.00026118740788660944
loss/val_var/thetao,95,1782929706.2640672,0.0009695190819911659
loss/val_var/uo,95,1782929706.3159394,0.004226758144795895
loss/val_var/vo,95,1782929706.345983,0.004451693966984749
loss/val_var/zos,95,1782929706.2327342,0.0015917225973680615
loss/train,96,1782930241.3460798,0.0009510238887742162
loss/train,97,1782930710.164602,0.0009501480963081121
loss/train,98,1782931826.426981,0.0009500280139036477
loss/train,99,1782932263.9398756,0.000948194123338908
loss/ema_val,100,1782932800.1688921,0.0009920730954036117
loss/ema_val_denorm,100,1782932800.1688964,0.012865882366895676
loss/train,100,1782932702.159867,0.0009473758400417864
loss/val,100,1782932800.1688368,0.0010125929256901145
loss/val_denorm,100,1782932800.1688871,0.013047079555690289
loss/val_denorm_lead/lead_01,100,1782932800.1689098,0.013047079555690289
loss/val_denorm_lead_var/siconc/lead_01,100,1782932800.184239,0.0024603460915386677
loss/val_denorm_lead_var/sithick/lead_01,100,1782932800.419573,0.003097463632002473
loss/val_denorm_lead_var/so/lead_01,100,1782932800.5888195,0.008342483080923557
loss/val_denorm_lead_var/thetao/lead_01,100,1782932800.4891303,0.03232809156179428
loss/val_denorm_lead_var/uo/lead_01,100,1782932800.8188388,0.008671465329825878
loss/val_denorm_lead_var/vo/lead_01,100,1782932800.8638818,0.008843866176903248
loss/val_denorm_lead_var/zos/lead_01,100,1782932800.450169,0.0061842286959290504
loss/val_denorm_var/siconc,100,1782932800.1689227,0.0024603460915386677
loss/val_denorm_var/sithick,100,1782932800.4042056,0.003097463632002473
loss/val_denorm_var/so,100,1782932800.575725,0.008342483080923557
loss/val_denorm_var/thetao,100,1782932800.4669409,0.03232809156179428
loss/val_denorm_var/uo,100,1782932800.6033158,0.008671465329825878
loss/val_denorm_var/vo,100,1782932800.8516245,0.008843866176903248
loss/val_denorm_var/zos,100,1782932800.4329154,0.0061842286959290504
loss/val_lead/lead_01,100,1782932800.1689012,0.0010125929256901145
loss/val_lead_var/siconc/lead_01,100,1782932800.1695452,0.0024603435304015875
loss/val_lead_var/sithick/lead_01,100,1782932800.4093535,0.0004064008826389909
loss/val_lead_var/so/lead_01,100,1782932800.5802376,0.0002601015439722687
loss/val_lead_var/thetao/lead_01,100,1782932800.473384,0.0009663734817877412
loss/val_lead_var/uo/lead_01,100,1782932800.6076918,0.004238996189087629
loss/val_lead_var/vo/lead_01,100,1782932800.8557189,0.004433260764926672
loss/val_lead_var/zos/lead_01,100,1782932800.4380546,0.0015949747757986188
loss/val_norm,100,1782932800.1688795,0.0010125929256901145
loss/val_norm_lead/lead_01,100,1782932800.1689057,0.0010125929256901145
loss/val_norm_lead_var/siconc/lead_01,100,1782932800.176278,0.0024603435304015875
loss/val_norm_lead_var/sithick/lead_01,100,1782932800.414946,0.0004064008826389909
loss/val_norm_lead_var/so/lead_01,100,1782932800.5843942,0.0002601015439722687
loss/val_norm_lead_var/thetao/lead_01,100,1782932800.4805498,0.0009663734817877412
loss/val_norm_lead_var/uo/lead_01,100,1782932800.6126063,0.004238996189087629
loss/val_norm_lead_var/vo/lead_01,100,1782932800.8598573,0.004433260764926672
loss/val_norm_lead_var/zos/lead_01,100,1782932800.4438925,0.0015949747757986188
loss/val_norm_var/siconc,100,1782932800.1689186,0.0024603435304015875
loss/val_norm_var/sithick,100,1782932800.39888,0.0004064008826389909
loss/val_norm_var/so,100,1782932800.5681787,0.0002601015439722687
loss/val_norm_var/thetao,100,1782932800.461484,0.0009663734817877412
loss/val_norm_var/uo,100,1782932800.598785,0.004238996189087629
loss/val_norm_var/vo,100,1782932800.8471413,0.004433260764926672
loss/val_norm_var/zos,100,1782932800.4282334,0.0015949747757986188
loss/val_var/siconc,100,1782932800.168914,0.0024603435304015875
loss/val_var/sithick,100,1782932800.1905909,0.0004064008826389909
loss/val_var/so,100,1782932800.4949975,0.0002601015439722687
loss/val_var/thetao,100,1782932800.4560773,0.0009663734817877412
loss/val_var/uo,100,1782932800.593816,0.004238996189087629
loss/val_var/vo,100,1782932800.842666,0.004433260764926672
loss/val_var/zos,100,1782932800.4237819,0.0015949747757986188
loss/train,101,1782933238.8215876,0.0009462230955250561
loss/train,102,1782933675.8701575,0.0009465425973758101
loss/train,103,1782934123.465189,0.0009451855439692736
loss/train,104,1782935169.6185253,0.0009438112028874457
loss/ema_val,105,1782935741.985253,0.00098993384744972
loss/ema_val_denorm,105,1782935741.9852586,0.012836209498345852
loss/train,105,1782935645.0370095,0.0009438152774237096
loss/val,105,1782935741.9851978,0.0010107472771778703
loss/val_denorm,105,1782935741.9852479,0.013056173920631409
loss/val_denorm_lead/lead_01,105,1782935741.9852724,0.013056173920631409
loss/val_denorm_lead_var/siconc/lead_01,105,1782935742.0021667,0.0024588354863226414
loss/val_denorm_lead_var/sithick/lead_01,105,1782935742.0488732,0.003045813413336873
loss/val_denorm_lead_var/so/lead_01,105,1782935742.1458797,0.008325237780809402
loss/val_denorm_lead_var/thetao/lead_01,105,1782935742.1103854,0.03243657574057579
loss/val_denorm_lead_var/uo/lead_01,105,1782935742.4624493,0.008604226633906364
loss/val_denorm_lead_var/vo/lead_01,105,1782935742.4919875,0.008853012695908546
loss/val_denorm_lead_var/zos/lead_01,105,1782935742.0796301,0.006176522932946682
loss/val_denorm_var/siconc,105,1782935741.9852848,0.0024588354863226414
loss/val_denorm_var/sithick,105,1782935742.026678,0.003045813413336873
loss/val_denorm_var/so,105,1782935742.129324,0.008325237780809402
loss/val_denorm_var/thetao,105,1782935742.0947707,0.03243657574057579
loss/val_denorm_var/uo,105,1782935742.170253,0.008604226633906364
loss/val_denorm_var/vo,105,1782935742.4767554,0.008853012695908546
loss/val_denorm_var/zos,105,1782935742.0665064,0.006176522932946682
loss/val_lead/lead_01,105,1782935741.9852633,0.0010107472771778703
loss/val_lead_var/siconc/lead_01,105,1782935741.986604,0.002458832925185561
loss/val_lead_var/sithick/lead_01,105,1782935742.035098,0.0003996241430286318
loss/val_lead_var/so/lead_01,105,1782935742.133985,0.0002591680677141994
loss/val_lead_var/thetao/lead_01,105,1782935742.099522,0.0009688098798505962
loss/val_lead_var/uo/lead_01,105,1782935742.176417,0.004209049511700869
loss/val_lead_var/vo/lead_01,105,1782935742.482282,0.004438725765794516
loss/val_lead_var/zos/lead_01,105,1782935742.0700085,0.0015929873334243894
loss/val_norm,105,1782935741.9852402,0.0010107472771778703
loss/val_norm_lead/lead_01,105,1782935741.9852679,0.0010107472771778703
loss/val_norm_lead_var/siconc/lead_01,105,1782935741.994566,0.002458832925185561
loss/val_norm_lead_var/sithick/lead_01,105,1782935742.042254,0.0003996241430286318
loss/val_norm_lead_var/so/lead_01,105,1782935742.1388183,0.0002591680677141994
loss/val_norm_lead_var/thetao/lead_01,105,1782935742.1048267,0.0009688098798505962
loss/val_norm_lead_var/uo/lead_01,105,1782935742.1814153,0.004209049511700869
loss/val_norm_lead_var/vo/lead_01,105,1782935742.4868288,0.004438725765794516
loss/val_norm_lead_var/zos/lead_01,105,1782935742.0747113,0.0015929873334243894
loss/val_norm_var/siconc,105,1782935741.9852808,0.002458832925185561
loss/val_norm_var/sithick,105,1782935742.0181665,0.0003996241430286318
loss/val_norm_var/so,105,1782935742.1229148,0.0002591680677141994
loss/val_norm_var/thetao,105,1782935742.090588,0.0009688098798505962
loss/val_norm_var/uo,105,1782935742.1642976,0.004209049511700869
loss/val_norm_var/vo,105,1782935742.473673,0.004438725765794516
loss/val_norm_var/zos,105,1782935742.0614514,0.0015929873334243894
loss/val_var/siconc,105,1782935741.9852767,0.002458832925185561
loss/val_var/sithick,105,1782935742.0105653,0.0003996241430286318
loss/val_var/so,105,1782935742.1168568,0.0002591680677141994
loss/val_var/thetao,105,1782935742.0851572,0.0009688098798505962
loss/val_var/uo,105,1782935742.1538537,0.004209049511700869
loss/val_var/vo,105,1782935742.4694571,0.004438725765794516
loss/val_var/zos,105,1782935742.055583,0.0015929873334243894
loss/train,106,1782936195.2214444,0.0009423614828847349
loss/train,107,1782936683.0612257,0.000941830687224865
loss/train,108,1782937143.652664,0.0009406914468854666
loss/train,109,1782937580.3637204,0.0009396033710800111
loss/ema_val,110,1782938115.0523834,0.0009876464027911425
loss/ema_val_denorm,110,1782938115.0523884,0.012807026505470276
loss/train,110,1782938016.8491814,0.000939694233238697
loss/val,110,1782938115.0522943,0.0010111742885783315
loss/val_denorm,110,1782938115.0523782,0.012986461631953716
loss/val_denorm_lead/lead_01,110,1782938115.0524013,0.012986461631953716
loss/val_denorm_lead_var/siconc/lead_01,110,1782938115.063382,0.002484941156581044
loss/val_denorm_lead_var/sithick/lead_01,110,1782938115.0964463,0.003032881300896406
loss/val_denorm_lead_var/so/lead_01,110,1782938115.4035761,0.008301926776766777
loss/val_denorm_lead_var/thetao/lead_01,110,1782938115.368317,0.03215470537543297
loss/val_denorm_lead_var/uo/lead_01,110,1782938115.4386897,0.008747866377234459
loss/val_denorm_lead_var/vo/lead_01,110,1782938115.472041,0.008787964470684528
loss/val_denorm_lead_var/zos/lead_01,110,1782938115.334372,0.006219734903424978
loss/val_denorm_var/siconc,110,1782938115.0524142,0.002484941156581044
loss/val_denorm_var/sithick,110,1782938115.0789952,0.003032881300896406
loss/val_denorm_var/so,110,1782938115.3888595,0.008301926776766777
loss/val_denorm_var/thetao,110,1782938115.350105,0.03215470537543297
loss/val_denorm_var/uo,110,1782938115.419906,0.008747866377234459
loss/val_denorm_var/vo,110,1782938115.4573936,0.008787964470684528
loss/val_denorm_var/zos,110,1782938115.3204267,0.006219734903424978
loss/val_lead/lead_01,110,1782938115.0523927,0.0010111742885783315
loss/val_lead_var/siconc/lead_01,110,1782938115.0532436,0.0024849388282746077
loss/val_lead_var/sithick/lead_01,110,1782938115.0838494,0.00039792738971300423
loss/val_lead_var/so/lead_01,110,1782938115.3946898,0.0002584360190667212
loss/val_lead_var/thetao/lead_01,110,1782938115.354928,0.0009610176784917712
loss/val_lead_var/uo/lead_01,110,1782938115.4265578,0.004258852917701006
loss/val_lead_var/vo/lead_01,110,1782938115.4637687,0.004404955077916384
loss/val_lead_var/zos/lead_01,110,1782938115.3260643,0.0016041321214288473
loss/val_norm,110,1782938115.0523694,0.0010111742885783315
loss/val_norm_lead/lead_01,110,1782938115.052397,0.0010111742885783315
loss/val_norm_lead_var/siconc/lead_01,110,1782938115.0586133,0.0024849388282746077
loss/val_norm_lead_var/sithick/lead_01,110,1782938115.090352,0.00039792738971300423
loss/val_norm_lead_var/so/lead_01,110,1782938115.3991504,0.0002584360190667212
loss/val_norm_lead_var/thetao/lead_01,110,1782938115.3605993,0.0009610176784917712
loss/val_norm_lead_var/uo/lead_01,110,1782938115.432355,0.004258852917701006
loss/val_norm_lead_var/vo/lead_01,110,1782938115.468165,0.004404955077916384
loss/val_norm_lead_var/zos/lead_01,110,1782938115.330319,0.0016041321214288473
loss/val_norm_var/siconc,110,1782938115.05241,0.0024849388282746077
loss/val_norm_var/sithick,110,1782938115.073378,0.00039792738971300423
loss/val_norm_var/so,110,1782938115.382733,0.0002584360190667212
loss/val_norm_var/thetao,110,1782938115.3450894,0.0009610176784917712
loss/val_norm_var/uo,110,1782938115.4147377,0.004258852917701006
loss/val_norm_var/vo,110,1782938115.4513602,0.004404955077916384
loss/val_norm_var/zos,110,1782938115.3156166,0.0016041321214288473
loss/val_var/siconc,110,1782938115.0524056,0.0024849388282746077
loss/val_var/sithick,110,1782938115.0687263,0.00039792738971300423
loss/val_var/so,110,1782938115.3751924,0.0002584360190667212
loss/val_var/thetao,110,1782938115.33962,0.0009610176784917712
loss/val_var/uo,110,1782938115.409056,0.004258852917701006
loss/val_var/vo,110,1782938115.445355,0.004404955077916384
loss/val_var/zos,110,1782938115.1031134,0.0016041321214288473
loss/train,111,1782938609.269439,0.0009392398642376065
loss/train,112,1782939047.572691,0.0009375197696499527
loss/train,113,1782939487.3611374,0.0009374896762892604
loss/train,114,1782939930.1187463,0.0009366750018671155
loss/ema_val,115,1782940901.2263165,0.0009854696691036224
loss/ema_val_denorm,115,1782940901.2263215,0.012779570184648037
loss/train,115,1782940783.4058938,0.000934895477257669
loss/val,115,1782940901.2262692,0.0010018557077273726
loss/val_denorm,115,1782940901.2263107,0.012946032918989658
loss/val_denorm_lead/lead_01,115,1782940901.226335,0.012946032918989658
loss/val_denorm_lead_var/siconc/lead_01,115,1782940901.241893,0.0024488279595971107
loss/val_denorm_lead_var/sithick/lead_01,115,1782940901.3142738,0.003059712238609791
loss/val_denorm_lead_var/so/lead_01,115,1782940901.601951,0.008293653838336468
loss/val_denorm_lead_var/thetao/lead_01,115,1782940901.5746741,0.03207544982433319
loss/val_denorm_lead_var/uo/lead_01,115,1782940901.629292,0.008501636795699596
loss/val_denorm_lead_var/vo/lead_01,115,1782940901.6609123,0.008722028695046902
loss/val_denorm_lead_var/zos/lead_01,115,1782940901.5464284,0.0061560035683214664
loss/val_denorm_var/siconc,115,1782940901.226348,0.0024488279595971107
loss/val_denorm_var/sithick,115,1782940901.2748191,0.003059712238609791
loss/val_denorm_var/so,115,1782940901.589195,0.008293653838336468
loss/val_denorm_var/thetao,115,1782940901.560648,0.03207544982433319
loss/val_denorm_var/uo,115,1782940901.6143086,0.008501636795699596
loss/val_denorm_var/vo,115,1782940901.6443882,0.008722028695046902
loss/val_denorm_var/zos,115,1782940901.5328476,0.0061560035683214664
loss/val_lead/lead_01,115,1782940901.226326,0.0010018557077273726
loss/val_lead_var/siconc/lead_01,115,1782940901.2266765,0.0024488253984600306
loss/val_lead_var/sithick/lead_01,115,1782940901.3049903,0.00040144770173355937
loss/val_lead_var/so/lead_01,115,1782940901.5937085,0.0002582590386737138
loss/val_lead_var/thetao/lead_01,115,1782940901.5650523,0.0009586467640474439
loss/val_lead_var/uo/lead_01,115,1782940901.618331,0.004157948773354292
loss/val_lead_var/vo/lead_01,115,1782940901.6488714,0.004372862167656422
loss/val_lead_var/zos/lead_01,115,1782940901.5379684,0.0015876952093094587
loss/val_norm,115,1782940901.2263038,0.0010018557077273726
loss/val_norm_lead/lead_01,115,1782940901.2263305,0.0010018557077273726
loss/val_norm_lead_var/siconc/lead_01,115,1782940901.23219,0.0024488253984600306
loss/val_norm_lead_var/sithick/lead_01,115,1782940901.3094656,0.00040144770173355937
loss/val_norm_lead_var/so/lead_01,115,1782940901.5978668,0.0002582590386737138
loss/val_norm_lead_var/thetao/lead_01,115,1782940901.569862,0.0009586467640474439
loss/val_norm_lead_var/uo/lead_01,115,1782940901.6231027,0.004157948773354292
loss/val_norm_lead_var/vo/lead_01,115,1782940901.654645,0.004372862167656422
loss/val_norm_lead_var/zos/lead_01,115,1782940901.5423427,0.0015876952093094587
loss/val_norm_var/siconc,115,1782940901.2263439,0.0024488253984600306
loss/val_norm_var/sithick,115,1782940901.272362,0.00040144770173355937
loss/val_norm_var/so,115,1782940901.5841043,0.0002582590386737138
loss/val_norm_var/thetao,115,1782940901.556582,0.0009586467640474439
loss/val_norm_var/uo,115,1782940901.6107786,0.004157948773354292
loss/val_norm_var/vo,115,1782940901.639891,0.004372862167656422
loss/val_norm_var/zos,115,1782940901.322272,0.0015876952093094587
loss/val_var/siconc,115,1782940901.2263396,0.0024488253984600306
loss/val_var/sithick,115,1782940901.2689347,0.00040144770173355937
loss/val_var/so,115,1782940901.579078,0.0002582590386737138
loss/val_var/thetao,115,1782940901.5513864,0.0009586467640474439
loss/val_var/uo,115,1782940901.6065097,0.004157948773354292
loss/val_var/vo,115,1782940901.6354318,0.004372862167656422
loss/val_var/zos,115,1782940901.3182237,0.0015876952093094587
loss/train,116,1782941479.5543199,0.000934756244532764
loss/train,117,1782942043.377031,0.0009337193914689124
loss/train,118,1782942992.1027982,0.0009343533893115819
loss/train,119,1782943483.9551399,0.0009327413863502443
loss/ema_val,120,1782945287.4523754,0.0009835924720391631
loss/ema_val_denorm,120,1782945287.4523804,0.012755810283124447
loss/train,120,1782945123.6673553,0.0009319909731857479
loss/val,120,1782945287.4523227,0.0010057264007627964
loss/val_denorm,120,1782945287.4523697,0.012953229248523712
loss/val_denorm_lead/lead_01,120,1782945287.4523938,0.012953229248523712
loss/val_denorm_lead_var/siconc/lead_01,120,1782945287.463112,0.0024479820858687162
loss/val_denorm_lead_var/sithick/lead_01,120,1782945287.492876,0.0030079148709774017
loss/val_denorm_lead_var/so/lead_01,120,1782945287.58795,0.008280479349195957
loss/val_denorm_lead_var/thetao/lead_01,120,1782945287.554754,0.03209325298666954
loss/val_denorm_lead_var/uo/lead_01,120,1782945287.6119812,0.008627191185951233
loss/val_denorm_lead_var/vo/lead_01,120,1782945287.6367912,0.008763689547777176
loss/val_denorm_lead_var/zos/lead_01,120,1782945287.5259411,0.006245785392820835
loss/val_denorm_var/siconc,120,1782945287.452407,0.0024479820858687162
loss/val_denorm_var/sithick,120,1782945287.4782689,0.0030079148709774017
loss/val_denorm_var/so,120,1782945287.5736768,0.008280479349195957
loss/val_denorm_var/thetao,120,1782945287.5376225,0.03209325298666954
loss/val_denorm_var/uo,120,1782945287.601373,0.008627191185951233
loss/val_denorm_var/vo,120,1782945287.6242342,0.008763689547777176
loss/val_denorm_var/zos,120,1782945287.5106852,0.006245785392820835
loss/val_lead/lead_01,120,1782945287.452385,0.0010057264007627964
loss/val_lead_var/siconc/lead_01,120,1782945287.4529252,0.002447979524731636
loss/val_lead_var/sithick/lead_01,120,1782945287.482546,0.0003946516662836075
loss/val_lead_var/so/lead_01,120,1782945287.5801158,0.00025780871510505676
loss/val_lead_var/thetao/lead_01,120,1782945287.5433223,0.0009590927511453629
loss/val_lead_var/uo/lead_01,120,1782945287.6049583,0.004204773344099522
loss/val_lead_var/vo/lead_01,120,1782945287.6291854,0.0043912348337471485
loss/val_lead_var/zos/lead_01,120,1782945287.516109,0.001610850915312767
loss/val_norm,120,1782945287.4523623,0.0010057264007627964
loss/val_norm_lead/lead_01,120,1782945287.4523895,0.0010057264007627964
loss/val_norm_lead_var/siconc/lead_01,120,1782945287.457934,0.002447979524731636
loss/val_norm_lead_var/sithick/lead_01,120,1782945287.487387,0.0003946516662836075
loss/val_norm_lead_var/so/lead_01,120,1782945287.5839992,0.00025780871510505676
loss/val_norm_lead_var/thetao/lead_01,120,1782945287.549092,0.0009590927511453629
loss/val_norm_lead_var/uo/lead_01,120,1782945287.6083028,0.004204773344099522
loss/val_norm_lead_var/vo/lead_01,120,1782945287.6328697,0.0043912348337471485
loss/val_norm_lead_var/zos/lead_01,120,1782945287.5210261,0.001610850915312767
loss/val_norm_var/siconc,120,1782945287.4524026,0.002447979524731636
loss/val_norm_var/sithick,120,1782945287.4734333,0.0003946516662836075
loss/val_norm_var/so,120,1782945287.5681787,0.00025780871510505676
loss/val_norm_var/thetao,120,1782945287.533854,0.0009590927511453629
loss/val_norm_var/uo,120,1782945287.5966735,0.004204773344099522
loss/val_norm_var/vo,120,1782945287.6197736,0.0043912348337471485
loss/val_norm_var/zos,120,1782945287.5045803,0.001610850915312767
loss/val_var/siconc,120,1782945287.452398,0.002447979524731636
loss/val_var/sithick,120,1782945287.4681616,0.0003946516662836075
loss/val_var/so,120,1782945287.561502,0.00025780871510505676
loss/val_var/thetao,120,1782945287.530129,0.0009590927511453629
loss/val_var/uo,120,1782945287.5922008,0.004204773344099522
loss/val_var/vo,120,1782945287.6160684,0.0043912348337471485
loss/val_var/zos,120,1782945287.4981031,0.001610850915312767
loss/train,121,1782945724.5640728,0.0009315946372225881
loss/train,122,1782946160.977915,0.0009305638959631324
loss/train,123,1782946601.2326703,0.0009295996860601008
loss/train,124,1782947581.622427,0.0009291438618674874
loss/ema_val,125,1782949960.698851,0.0009818883845582604
loss/ema_val_denorm,125,1782949960.6988559,0.01273260172456503
loss/train,125,1782949863.2123015,0.0009290040470659733
loss/val,125,1782949960.6987975,0.0010041046189144254
loss/val_denorm,125,1782949960.6988459,0.012935750186443329
loss/val_denorm_lead/lead_01,125,1782949960.6988692,0.012935750186443329
loss/val_denorm_lead_var/siconc/lead_01,125,1782949960.7245374,0.002463957294821739
loss/val_denorm_lead_var/sithick/lead_01,125,1782949960.802817,0.0030387311708182096
loss/val_denorm_lead_var/so/lead_01,125,1782949961.5460196,0.00828136969357729
loss/val_denorm_lead_var/thetao/lead_01,125,1782949961.4607463,0.03202984854578972
loss/val_denorm_lead_var/uo/lead_01,125,1782949961.6270447,0.008544922806322575
loss/val_denorm_lead_var/vo/lead_01,125,1782949961.7136185,0.00874278787523508
loss/val_denorm_lead_var/zos/lead_01,125,1782949961.3649883,0.006217714864760637
loss/val_denorm_var/siconc,125,1782949960.6988826,0.002463957294821739
loss/val_denorm_var/sithick,125,1782949960.7621152,0.0030387311708182096
loss/val_denorm_var/so,125,1782949961.501362,0.00828136969357729
loss/val_denorm_var/thetao,125,1782949961.411287,0.03202984854578972
loss/val_denorm_var/uo,125,1782949961.5853822,0.008544922806322575
loss/val_denorm_var/vo,125,1782949961.6711035,0.00874278787523508
loss/val_denorm_var/zos,125,1782949961.123462,0.006217714864760637
loss/val_lead/lead_01,125,1782949960.6988604,0.0010041046189144254
loss/val_lead_var/siconc/lead_01,125,1782949960.6993592,0.002463954733684659
loss/val_lead_var/sithick/lead_01,125,1782949960.7756703,0.0003986949159298092
loss/val_lead_var/so/lead_01,125,1782949961.5145543,0.0002579687279649079
loss/val_lead_var/thetao/lead_01,125,1782949961.425564,0.0009571884875185788
loss/val_lead_var/uo/lead_01,125,1782949961.5989468,0.004175330046564341
loss/val_lead_var/vo/lead_01,125,1782949961.6856668,0.004380526952445507
loss/val_lead_var/zos/lead_01,125,1782949961.136896,0.0016036111628636718
loss/val_norm,125,1782949960.698838,0.0010041046189144254
loss/val_norm_lead/lead_01,125,1782949960.698865,0.0010041046189144254
loss/val_norm_lead_var/siconc/lead_01,125,1782949960.7123132,0.002463954733684659
loss/val_norm_lead_var/sithick/lead_01,125,1782949960.7894843,0.0003986949159298092
loss/val_norm_lead_var/so/lead_01,125,1782949961.5295353,0.0002579687279649079
loss/val_norm_lead_var/thetao/lead_01,125,1782949961.445675,0.0009571884875185788
loss/val_norm_lead_var/uo/lead_01,125,1782949961.6120949,0.004175330046564341
loss/val_norm_lead_var/vo/lead_01,125,1782949961.7003226,0.004380526952445507
loss/val_norm_lead_var/zos/lead_01,125,1782949961.14906,0.0016036111628636718
loss/val_norm_var/siconc,125,1782949960.698878,0.002463954733684659
loss/val_norm_var/sithick,125,1782949960.7485578,0.0003986949159298092
loss/val_norm_var/so,125,1782949961.4879425,0.0002579687279649079
loss/val_norm_var/thetao,125,1782949961.3960857,0.0009571884875185788
loss/val_norm_var/uo,125,1782949961.5726733,0.004175330046564341
loss/val_norm_var/vo,125,1782949961.6561651,0.004380526952445507
loss/val_norm_var/zos,125,1782949960.888245,0.0016036111628636718
loss/val_var/siconc,125,1782949960.6988735,0.002463954733684659
loss/val_var/sithick,125,1782949960.7367117,0.0003986949159298092
loss/val_var/so,125,1782949961.4735253,0.0002579687279649079
loss/val_var/thetao,125,1782949961.381348,0.0009571884875185788
loss/val_var/uo,125,1782949961.559731,0.004175330046564341
loss/val_var/vo,125,1782949961.6412039,0.004380526952445507
loss/val_var/zos,125,1782949960.815616,0.0016036111628636718
loss/train,126,1782950399.6143055,0.0009284155676141381
loss/train,127,1782950835.929784,0.0009267363348044455
loss/train,128,1782951272.4325023,0.0009268315625376999
loss/train,129,1782951709.8949697,0.0009265450062230229
loss/ema_val,130,1782952242.2536793,0.0009802295826375484
loss/ema_val_denorm,130,1782952242.2536845,0.012711208313703537
loss/train,130,1782952146.7665288,0.0009253869066014886
loss/val,130,1782952242.253628,0.0010008790995925665
loss/val_denorm,130,1782952242.2536738,0.01290988177061081
loss/val_denorm_lead/lead_01,130,1782952242.2536979,0.01290988177061081
loss/val_denorm_lead_var/siconc/lead_01,130,1782952242.2650087,0.0024679505731910467
loss/val_denorm_lead_var/sithick/lead_01,130,1782952242.2953014,0.0030177650041878223
loss/val_denorm_lead_var/so/lead_01,130,1782952242.628026,0.008276163600385189
loss/val_denorm_lead_var/thetao/lead_01,130,1782952242.603084,0.03197344392538071
loss/val_denorm_lead_var/uo/lead_01,130,1782952242.6458867,0.008501422591507435
loss/val_denorm_lead_var/vo/lead_01,130,1782952242.657887,0.008695431984961033
loss/val_denorm_lead_var/zos/lead_01,130,1782952242.5274005,0.00615550996735692
loss/val_denorm_var/siconc,130,1782952242.2537103,0.0024679505731910467
loss/val_denorm_var/sithick,130,1782952242.280511,0.0030177650041878223
loss/val_denorm_var/so,130,1782952242.6172018,0.008276163600385189
loss/val_denorm_var/thetao,130,1782952242.541175,0.03197344392538071
loss/val_denorm_var/uo,130,1782952242.6394422,0.008501422591507435
loss/val_denorm_var/vo,130,1782952242.6519473,0.008695431984961033
loss/val_denorm_var/zos,130,1782952242.3089232,0.00615550996735692
loss/val_lead/lead_01,130,1782952242.2536888,0.0010008790995925665
loss/val_lead_var/siconc/lead_01,130,1782952242.254193,0.00246794824488461
loss/val_lead_var/sithick/lead_01,130,1782952242.286275,0.0003959440509788692
loss/val_lead_var/so/lead_01,130,1782952242.6204648,0.00025796727277338505
loss/val_lead_var/thetao/lead_01,130,1782952242.5450249,0.0009554935968481004
loss/val_lead_var/uo/lead_01,130,1782952242.6418998,0.004159106407314539
loss/val_lead_var/vo/lead_01,130,1782952242.6539862,0.00436146417632699
loss/val_lead_var/zos/lead_01,130,1782952242.3132641,0.001587567967362702
loss/val_norm,130,1782952242.2536662,0.0010008790995925665
loss/val_norm_lead/lead_01,130,1782952242.2536933,0.0010008790995925665
loss/val_norm_lead_var/siconc/lead_01,130,1782952242.2596755,0.00246794824488461
loss/val_norm_lead_var/sithick/lead_01,130,1782952242.2910259,0.0003959440509788692
loss/val_norm_lead_var/so/lead_01,130,1782952242.6239812,0.00025796727277338505
loss/val_norm_lead_var/thetao/lead_01,130,1782952242.5498059,0.0009554935968481004
loss/val_norm_lead_var/uo/lead_01,130,1782952242.6440628,0.004159106407314539
loss/val_norm_lead_var/vo/lead_01,130,1782952242.655797,0.00436146417632699
loss/val_norm_lead_var/zos/lead_01,130,1782952242.5208402,0.001587567967362702
loss/val_norm_var/siconc,130,1782952242.2537062,0.00246794824488461
loss/val_norm_var/sithick,130,1782952242.2753444,0.0003959440509788692
loss/val_norm_var/so,130,1782952242.613926,0.00025796727277338505
loss/val_norm_var/thetao,130,1782952242.5367107,0.0009554935968481004
loss/val_norm_var/uo,130,1782952242.6360958,0.004159106407314539
loss/val_norm_var/vo,130,1782952242.6500335,0.00436146417632699
loss/val_norm_var/zos,130,1782952242.3046649,0.001587567967362702
loss/val_var/siconc,130,1782952242.253702,0.00246794824488461
loss/val_var/sithick,130,1782952242.2701359,0.0003959440509788692
loss/val_var/so,130,1782952242.6099014,0.00025796727277338505
loss/val_var/thetao,130,1782952242.5326655,0.0009554935968481004
loss/val_var/uo,130,1782952242.6320393,0.004159106407314539
loss/val_var/vo,130,1782952242.647801,0.00436146417632699
loss/val_var/zos,130,1782952242.2998433,0.001587567967362702
loss/train,131,1782952682.6289053,0.0009249876602552831
loss/train,132,1782953122.4026685,0.0009243295644409955
loss/train,133,1782953565.4950554,0.0009238079655915499
loss/train,134,1782954080.2291205,0.0009233628516085446
loss/ema_val,135,1782954611.100025,0.0009787444723770022
loss/ema_val_denorm,135,1782954611.1000295,0.012691566720604897
loss/train,135,1782954515.6968477,0.0009229651186615229
loss/val,135,1782954611.0999758,0.001003345474600792
loss/val_denorm,135,1782954611.10002,0.012883971445262432
loss/val_denorm_lead/lead_01,135,1782954611.1000433,0.012883971445262432
loss/val_denorm_lead_var/siconc/lead_01,135,1782954611.109607,0.0024666693061590195
loss/val_denorm_lead_var/sithick/lead_01,135,1782954611.1371431,0.0032254380639642477
loss/val_denorm_lead_var/so/lead_01,135,1782954611.2177894,0.008209540508687496
loss/val_denorm_lead_var/thetao/lead_01,135,1782954611.1890557,0.031881507486104965
loss/val_denorm_lead_var/uo/lead_01,135,1782954611.275129,0.008473692461848259
loss/val_denorm_lead_var/vo/lead_01,135,1782954611.3081634,0.008758257143199444
loss/val_denorm_lead_var/zos/lead_01,135,1782954611.1611953,0.006235302891582251
loss/val_denorm_var/siconc,135,1782954611.1000566,0.0024666693061590195
loss/val_denorm_var/sithick,135,1782954611.1209543,0.0032254380639642477
loss/val_denorm_var/so,135,1782954611.2036474,0.008209540508687496
loss/val_denorm_var/thetao,135,1782954611.1747828,0.031881507486104965
loss/val_denorm_var/uo,135,1782954611.2538512,0.008473692461848259
loss/val_denorm_var/vo,135,1782954611.292004,0.008758257143199444
loss/val_denorm_var/zos,135,1782954611.1497169,0.006235302891582251
loss/val_lead/lead_01,135,1782954611.1000342,0.001003345474600792
loss/val_lead_var/siconc/lead_01,135,1782954611.1004813,0.002466666977852583
loss/val_lead_var/sithick/lead_01,135,1782954611.125347,0.0004231916682329029
loss/val_lead_var/so/lead_01,135,1782954611.2075396,0.00025595250190235674
loss/val_lead_var/thetao/lead_01,135,1782954611.1783762,0.0009526730864308774
loss/val_lead_var/uo/lead_01,135,1782954611.2649107,0.004138635937124491
loss/val_lead_var/vo/lead_01,135,1782954611.298467,0.004385130014270544
loss/val_lead_var/zos/lead_01,135,1782954611.1532378,0.0016081472858786583
loss/val_norm,135,1782954611.100013,0.001003345474600792
loss/val_norm_lead/lead_01,135,1782954611.100039,0.001003345474600792
loss/val_norm_lead_var/siconc/lead_01,135,1782954611.105128,0.002466666977852583
loss/val_norm_lead_var/sithick/lead_01,135,1782954611.1319728,0.0004231916682329029
loss/val_norm_lead_var/so/lead_01,135,1782954611.212802,0.00025595250190235674
loss/val_norm_lead_var/thetao/lead_01,135,1782954611.1846836,0.0009526730864308774
loss/val_norm_lead_var/uo/lead_01,135,1782954611.2698665,0.004138635937124491
loss/val_norm_lead_var/vo/lead_01,135,1782954611.3038802,0.004385130014270544
loss/val_norm_lead_var/zos/lead_01,135,1782954611.1576834,0.0016081472858786583
loss/val_norm_var/siconc,135,1782954611.1000519,0.002466666977852583
loss/val_norm_var/sithick,135,1782954611.1168585,0.0004231916682329029
loss/val_norm_var/so,135,1782954611.1993523,0.00025595250190235674
loss/val_norm_var/thetao,135,1782954611.1694388,0.0009526730864308774
loss/val_norm_var/uo,135,1782954611.2285407,0.004138635937124491
loss/val_norm_var/vo,135,1782954611.286435,0.004385130014270544
loss/val_norm_var/zos,135,1782954611.1460512,0.0016081472858786583
loss/val_var/siconc,135,1782954611.1000476,0.002466666977852583
loss/val_var/sithick,135,1782954611.113297,0.0004231916682329029
loss/val_var/so,135,1782954611.1948524,0.00025595250190235674
loss/val_var/thetao,135,1782954611.1654043,0.0009526730864308774
loss/val_var/uo,135,1782954611.2232487,0.004138635937124491
loss/val_var/vo,135,1782954611.2804964,0.004385130014270544
loss/val_var/zos,135,1782954611.14166,0.0016081472858786583
loss/train,136,1782955052.1923592,0.0009215601021423936
loss/train,137,1782955506.5286765,0.0009218472405336797
loss/train,138,1782956060.171902,0.0009207768016494811
loss/train,139,1782956698.2448761,0.0009203540394082665
loss/ema_val,140,1782957310.0541248,0.000977315939962864
loss/ema_val_denorm,140,1782957310.0541294,0.012672333978116512
loss/train,140,1782957213.6412888,0.0009199842461384833
loss/val,140,1782957310.05407,0.0009987467201426625
loss/val_denorm,140,1782957310.0541198,0.012846601195633411
loss/val_denorm_lead/lead_01,140,1782957310.054143,0.012846601195633411
loss/val_denorm_lead_var/siconc/lead_01,140,1782957310.069507,0.0024601141922175884
loss/val_denorm_lead_var/sithick/lead_01,140,1782957310.3012652,0.003080584341660142
loss/val_denorm_lead_var/so/lead_01,140,1782957310.793127,0.008214408531785011
loss/val_denorm_lead_var/thetao/lead_01,140,1782957310.5730925,0.03178319334983826
loss/val_denorm_lead_var/uo/lead_01,140,1782957310.8276052,0.008455179631710052
loss/val_denorm_lead_var/vo/lead_01,140,1782957311.110692,0.008671944960951805
loss/val_denorm_lead_var/zos/lead_01,140,1782957310.3354657,0.006262322422116995
loss/val_denorm_var/siconc,140,1782957310.0541558,0.0024601141922175884
loss/val_denorm_var/sithick,140,1782957310.286379,0.003080584341660142
loss/val_denorm_var/so,140,1782957310.7753856,0.008214408531785011
loss/val_denorm_var/thetao,140,1782957310.3536704,0.03178319334983826
loss/val_denorm_var/uo,140,1782957310.8093052,0.008455179631710052
loss/val_denorm_var/vo,140,1782957310.845234,0.008671944960951805
loss/val_denorm_var/zos,140,1782957310.3175879,0.006262322422116995
loss/val_lead/lead_01,140,1782957310.0541341,0.0009987467201426625
loss/val_lead_var/siconc/lead_01,140,1782957310.054677,0.0024601116310805082
loss/val_lead_var/sithick/lead_01,140,1782957310.2912452,0.00040418622666038573
loss/val_lead_var/so/lead_01,140,1782957310.7812452,0.0002559713611844927
loss/val_lead_var/thetao/lead_01,140,1782957310.5613084,0.0009498785948380828
loss/val_lead_var/uo/lead_01,140,1782957310.8150299,0.004129835870116949
loss/val_lead_var/vo/lead_01,140,1782957310.8512046,0.00434295367449522
loss/val_lead_var/zos/lead_01,140,1782957310.323127,0.0016151159070432186
loss/val_norm,140,1782957310.054112,0.0009987467201426625
loss/val_norm_lead/lead_01,140,1782957310.0541384,0.0009987467201426625
loss/val_norm_lead_var/siconc/lead_01,140,1782957310.0616424,0.0024601116310805082
loss/val_norm_lead_var/sithick/lead_01,140,1782957310.296109,0.00040418622666038573
loss/val_norm_lead_var/so/lead_01,140,1782957310.7876592,0.0002559713611844927
loss/val_norm_lead_var/thetao/lead_01,140,1782957310.5670097,0.0009498785948380828
loss/val_norm_lead_var/uo/lead_01,140,1782957310.821246,0.004129835870116949
loss/val_norm_lead_var/vo/lead_01,140,1782957311.0599442,0.00434295367449522
loss/val_norm_lead_var/zos/lead_01,140,1782957310.3288624,0.0016151159070432186
loss/val_norm_var/siconc,140,1782957310.054151,0.0024601116310805082
loss/val_norm_var/sithick,140,1782957310.2814233,0.00040418622666038573
loss/val_norm_var/so,140,1782957310.7648776,0.0002559713611844927
loss/val_norm_var/thetao,140,1782957310.3479981,0.0009498785948380828
loss/val_norm_var/uo,140,1782957310.8046572,0.004129835870116949
loss/val_norm_var/vo,140,1782957310.8394935,0.00434295367449522
loss/val_norm_var/zos,140,1782957310.3123794,0.0016151159070432186
loss/val_var/siconc,140,1782957310.054147,0.0024601116310805082
loss/val_var/sithick,140,1782957310.276171,0.00040418622666038573
loss/val_var/so,140,1782957310.7575612,0.0002559713611844927
loss/val_var/thetao,140,1782957310.3418853,0.0009498785948380828
loss/val_var/uo,140,1782957310.7985845,0.004129835870116949
loss/val_var/vo,140,1782957310.833613,0.00434295367449522
loss/val_var/zos,140,1782957310.3069,0.0016151159070432186
loss/train,141,1782957755.2906654,0.0009198180632665753
loss/train,142,1782958203.575673,0.0009192078141495585
loss/train,143,1782958657.37741,0.0009186745737679303
loss/train,144,1782959111.9479055,0.0009181773639284074
loss/ema_val,145,1782959694.8275795,0.000975817150902003
loss/ema_val_denorm,145,1782959694.8275843,0.01265465933829546
loss/train,145,1782959597.4327335,0.0009177987230941653
loss/val,145,1782959694.8275378,0.00099390116520226
loss/val_denorm,145,1782959694.8275743,0.012816828675568104
loss/val_denorm_lead/lead_01,145,1782959694.8275979,0.012816828675568104
loss/val_denorm_lead_var/siconc/lead_01,145,1782959694.8557491,0.002454150002449751
loss/val_denorm_lead_var/sithick/lead_01,145,1782959694.9445841,0.003031019354239106
loss/val_denorm_lead_var/so/lead_01,145,1782959695.4433765,0.008200457319617271
loss/val_denorm_lead_var/thetao/lead_01,145,1782959695.1304986,0.0317486934363842
loss/val_denorm_lead_var/uo/lead_01,145,1782959695.5498323,0.008407550863921642
loss/val_denorm_lead_var/vo/lead_01,145,1782959695.8529506,0.008619450032711029
loss/val_denorm_lead_var/zos/lead_01,145,1782959695.0440009,0.0061804018914699554
loss/val_denorm_var/siconc,145,1782959694.8276103,0.002454150002449751
loss/val_denorm_var/sithick,145,1782959694.895263,0.003031019354239106
loss/val_denorm_var/so,145,1782959695.2015483,0.008200457319617271
loss/val_denorm_var/thetao,145,1782959695.0892365,0.0317486934363842
loss/val_denorm_var/uo,145,1782959695.497026,0.008407550863921642
loss/val_denorm_var/vo,145,1782959695.799592,0.008619450032711029
loss/val_denorm_var/zos,145,1782959694.9874558,0.0061804018914699554
loss/val_lead/lead_01,145,1782959694.8275888,0.00099390116520226
loss/val_lead_var/siconc/lead_01,145,1782959694.8278294,0.0024541476741433144
loss/val_lead_var/sithick/lead_01,145,1782959694.9105697,0.00039768306305631995
loss/val_lead_var/so/lead_01,145,1782959695.2163677,0.0002558912383392453
loss/val_lead_var/thetao/lead_01,145,1782959695.103063,0.000948565371800214
loss/val_lead_var/uo/lead_01,145,1782959695.5126224,0.004107888322323561
loss/val_lead_var/vo/lead_01,145,1782959695.8141332,0.004318751394748688
loss/val_lead_var/zos/lead_01,145,1782959695.001681,0.0015939876902848482
loss/val_norm,145,1782959694.8275673,0.00099390116520226
loss/val_norm_lead/lead_01,145,1782959694.8275933,0.00099390116520226
loss/val_norm_lead_var/siconc/lead_01,145,1782959694.8408191,0.0024541476741433144
loss/val_norm_lead_var/sithick/lead_01,145,1782959694.928475,0.00039768306305631995
loss/val_norm_lead_var/so/lead_01,145,1782959695.4309013,0.0002558912383392453
loss/val_norm_lead_var/thetao/lead_01,145,1782959695.115016,0.000948565371800214
loss/val_norm_lead_var/uo/lead_01,145,1782959695.526334,0.004107888322323561
loss/val_norm_lead_var/vo/lead_01,145,1782959695.8269417,0.004318751394748688
loss/val_norm_lead_var/zos/lead_01,145,1782959695.029371,0.0015939876902848482
loss/val_norm_var/siconc,145,1782959694.827606,0.0024541476741433144
loss/val_norm_var/sithick,145,1782959694.8809493,0.00039768306305631995
loss/val_norm_var/so,145,1782959695.1869273,0.0002558912383392453
loss/val_norm_var/thetao,145,1782959695.075358,0.000948565371800214
loss/val_norm_var/uo,145,1782959695.4713142,0.004107888322323561
loss/val_norm_var/vo,145,1782959695.785492,0.004318751394748688
loss/val_norm_var/zos,145,1782959694.9733455,0.0015939876902848482
loss/val_var/siconc,145,1782959694.827602,0.0024541476741433144
loss/val_var/sithick,145,1782959694.8706057,0.00039768306305631995
loss/val_var/so,145,1782959695.1704419,0.0002558912383392453
loss/val_var/thetao,145,1782959695.0587142,0.000948565371800214
loss/val_var/uo,145,1782959695.4573255,0.004107888322323561
loss/val_var/vo,145,1782959695.7694604,0.004318751394748688
loss/val_var/zos,145,1782959694.9598434,0.0015939876902848482
loss/train,146,1782960135.193778,0.0009170901030302048
loss/train,147,1782960582.4186437,0.0009167480748146772
loss/train,148,1782961070.4346046,0.0009155036532320082
loss/train,149,1782961589.672871,0.0009153112187050283
loss/ema_val,150,1782962136.1851215,0.0009744745912030339
loss/ema_val_denorm,150,1782962136.1851263,0.01263728179037571
loss/train,150,1782962039.4869196,0.0009148410172201693
loss/val,150,1782962136.1850655,0.0009938143193721771
loss/val_denorm,150,1782962136.185116,0.012805234640836716
loss/val_denorm_lead/lead_01,150,1782962136.1851413,0.012805234640836716
loss/val_denorm_lead_var/siconc/lead_01,150,1782962136.3119264,0.002472576452419162
loss/val_denorm_lead_var/sithick/lead_01,150,1782962136.3398385,0.0030205899383872747
loss/val_denorm_lead_var/so/lead_01,150,1782962136.4066556,0.008204096928238869
loss/val_denorm_lead_var/thetao/lead_01,150,1782962136.3796685,0.0316932313144207
loss/val_denorm_lead_var/uo/lead_01,150,1782962136.4458482,0.008419271558523178
loss/val_denorm_lead_var/vo/lead_01,150,1782962136.4731212,0.008621815592050552
loss/val_denorm_lead_var/zos/lead_01,150,1782962136.359652,0.006167059764266014
loss/val_denorm_var/siconc,150,1782962136.1851559,0.002472576452419162
loss/val_denorm_var/sithick,150,1782962136.326907,0.0030205899383872747
loss/val_denorm_var/so,150,1782962136.3923872,0.008204096928238869
loss/val_denorm_var/thetao,150,1782962136.3699734,0.0316932313144207
loss/val_denorm_var/uo,150,1782962136.4325514,0.008419271558523178
loss/val_denorm_var/vo,150,1782962136.4601045,0.008621815592050552
loss/val_denorm_var/zos,150,1782962136.3506823,0.006167059764266014
loss/val_lead/lead_01,150,1782962136.1851313,0.0009938143193721771
loss/val_lead_var/siconc/lead_01,150,1782962136.1854048,0.0024725738912820816
loss/val_lead_var/sithick/lead_01,150,1782962136.3313286,0.0003963146882597357
loss/val_lead_var/so/lead_01,150,1782962136.3968625,0.00025546932010911405
loss/val_lead_var/thetao/lead_01,150,1782962136.3735864,0.0009470764780417085
loss/val_lead_var/uo/lead_01,150,1782962136.4369195,0.0041072675958275795
loss/val_lead_var/vo/lead_01,150,1782962136.464756,0.004318641033023596
loss/val_lead_var/zos/lead_01,150,1782962136.3534055,0.0015905466862022877
loss/val_norm,150,1782962136.1851084,0.0009938143193721771
loss/val_norm_lead/lead_01,150,1782962136.1851363,0.0009938143193721771
loss/val_norm_lead_var/siconc/lead_01,150,1782962136.306446,0.0024725738912820816
loss/val_norm_lead_var/sithick/lead_01,150,1782962136.3359683,0.0003963146882597357
loss/val_norm_lead_var/so/lead_01,150,1782962136.4023175,0.00025546932010911405
loss/val_norm_lead_var/thetao/lead_01,150,1782962136.3764548,0.0009470764780417085
loss/val_norm_lead_var/uo/lead_01,150,1782962136.441415,0.0041072675958275795
loss/val_norm_lead_var/vo/lead_01,150,1782962136.4691284,0.004318641033023596
loss/val_norm_lead_var/zos/lead_01,150,1782962136.3561609,0.0015905466862022877
loss/val_norm_var/siconc,150,1782962136.1851509,0.0024725738912820816
loss/val_norm_var/sithick,150,1782962136.322113,0.0003963146882597357
loss/val_norm_var/so,150,1782962136.3883197,0.00025546932010911405
loss/val_norm_var/thetao,150,1782962136.3666744,0.0009470764780417085
loss/val_norm_var/uo,150,1782962136.421253,0.0041072675958275795
loss/val_norm_var/vo,150,1782962136.4554653,0.004318641033023596
loss/val_norm_var/zos,150,1782962136.3475482,0.0015905466862022877
loss/val_var/siconc,150,1782962136.185146,0.0024725738912820816
loss/val_var/sithick,150,1782962136.3171592,0.0003963146882597357
loss/val_var/so,150,1782962136.3838978,0.00025546932010911405
loss/val_var/thetao,150,1782962136.3628147,0.0009470764780417085
loss/val_var/uo,150,1782962136.4113188,0.0041072675958275795
loss/val_var/vo,150,1782962136.4505088,0.004318641033023596
loss/val_var/zos,150,1782962136.3437095,0.0015905466862022877
loss/train,151,1782962593.434485,0.0009142648195847869
loss/train,152,1782963091.5822868,0.0009140901383943856
loss/train,153,1782963620.412975,0.0009139751200564206
loss/train,154,1782964067.8112392,0.0009128159726969898
loss/ema_val,155,1782964611.818191,0.0009731824393384159
loss/ema_val_denorm,155,1782964611.818197,0.012620462104678154
loss/train,155,1782964515.2919457,0.0009117537410929799
loss/val,155,1782964611.8181279,0.000993431662209332
loss/val_denorm,155,1782964611.8181853,0.012788577005267143
loss/val_denorm_lead/lead_01,155,1782964611.8182173,0.012788577005267143
loss/val_denorm_lead_var/siconc/lead_01,155,1782964611.9659264,0.002447440754622221
loss/val_denorm_lead_var/sithick/lead_01,155,1782964612.927721,0.0029652798548340797
loss/val_denorm_lead_var/so/lead_01,155,1782964613.4201257,0.008170871064066887
loss/val_denorm_lead_var/thetao/lead_01,155,1782964613.3950577,0.031678471714258194
loss/val_denorm_lead_var/uo/lead_01,155,1782964613.8754935,0.008378970436751842
loss/val_denorm_lead_var/vo/lead_01,155,1782964613.9124794,0.008606528863310814
loss/val_denorm_lead_var/zos/lead_01,155,1782964613.156287,0.006326576229184866
loss/val_denorm_var/siconc,155,1782964611.8182323,0.002447440754622221
loss/val_denorm_var/sithick,155,1782964612.7067344,0.0029652798548340797
loss/val_denorm_var/so,155,1782964613.4080348,0.008170871064066887
loss/val_denorm_var/thetao,155,1782964613.3811235,0.031678471714258194
loss/val_denorm_var/uo,155,1782964613.632906,0.008378970436751842
loss/val_denorm_var/vo,155,1782964613.8901477,0.008606528863310814
loss/val_denorm_var/zos,155,1782964612.939716,0.006326576229184866
loss/val_lead/lead_01,155,1782964611.8182018,0.000993431662209332
loss/val_lead_var/siconc/lead_01,155,1782964611.8183856,0.0024474384263157845
loss/val_lead_var/sithick/lead_01,155,1782964612.7178695,0.000389057764550671
loss/val_lead_var/so/lead_01,155,1782964613.4123454,0.00025459739845246077
loss/val_lead_var/thetao/lead_01,155,1782964613.3860917,0.0009466636693105102
loss/val_lead_var/uo/lead_01,155,1782964613.6375122,0.004092732444405556
loss/val_lead_var/vo/lead_01,155,1782964613.8967688,0.004313670564442873
loss/val_lead_var/zos/lead_01,155,1782964612.9442837,0.0016316876281052828
loss/val_norm,155,1782964611.8181758,0.000993431662209332
loss/val_norm_lead/lead_01,155,1782964611.8182116,0.000993431662209332
loss/val_norm_lead_var/siconc/lead_01,155,1782964611.9598172,0.0024474384263157845
loss/val_norm_lead_var/sithick/lead_01,155,1782964612.92379,0.000389057764550671
loss/val_norm_lead_var/so/lead_01,155,1782964613.4162915,0.00025459739845246077
loss/val_norm_lead_var/thetao/lead_01,155,1782964613.3903816,0.0009466636693105102
loss/val_norm_lead_var/uo/lead_01,155,1782964613.8701162,0.004092732444405556
loss/val_norm_lead_var/vo/lead_01,155,1782964613.9045181,0.004313670564442873
loss/val_norm_lead_var/zos/lead_01,155,1782964612.949214,0.0016316876281052828
loss/val_norm_var/siconc,155,1782964611.818227,0.0024474384263157845
loss/val_norm_var/sithick,155,1782964612.7032852,0.000389057764550671
loss/val_norm_var/so,155,1782964613.403636,0.00025459739845246077
loss/val_norm_var/thetao,155,1782964613.3757255,0.0009466636693105102
loss/val_norm_var/uo,155,1782964613.4286907,0.004092732444405556
loss/val_norm_var/vo,155,1782964613.8841496,0.004313670564442873
loss/val_norm_var/zos,155,1782964612.9357393,0.0016316876281052828
loss/val_var/siconc,155,1782964611.818222,0.0024474384263157845
loss/val_var/sithick,155,1782964612.6994395,0.000389057764550671
loss/val_var/so,155,1782964613.3989997,0.00025459739845246077
loss/val_var/thetao,155,1782964613.163445,0.0009466636693105102
loss/val_var/uo,155,1782964613.424253,0.004092732444405556
loss/val_var/vo,155,1782964613.880433,0.004313670564442873
loss/val_var/zos,155,1782964612.9312932,0.0016316876281052828
loss/train,156,1782965064.0504718,0.0009113584528677166
loss/train,157,1782966137.5133686,0.0009120607282966375
loss/train,158,1782966659.664597,0.0009110451792366803
loss/train,159,1782967232.852626,0.0009107624646276236
loss/ema_val,160,1782967818.0745096,0.0009721052483655512
loss/ema_val_denorm,160,1782967818.0745163,0.01260557770729065
loss/train,160,1782967719.6277788,0.0009106948273256421
loss/val,160,1782967818.0744379,0.0009916038252413273
loss/val_denorm,160,1782967818.0745025,0.012780006974935532
loss/val_denorm_lead/lead_01,160,1782967818.0745354,0.012780006974935532
loss/val_denorm_lead_var/siconc/lead_01,160,1782967818.1281507,0.00245336489751935
loss/val_denorm_lead_var/sithick/lead_01,160,1782967818.195849,0.003053836291655898
loss/val_denorm_lead_var/so/lead_01,160,1782967818.875783,0.00819189939647913
loss/val_denorm_lead_var/thetao/lead_01,160,1782967818.8355541,0.03160504624247551
loss/val_denorm_lead_var/uo/lead_01,160,1782967818.9369178,0.008365516550838947
loss/val_denorm_lead_var/vo/lead_01,160,1782967818.9925394,0.008588282391428947
loss/val_denorm_lead_var/zos/lead_01,160,1782967818.5487275,0.006207396276295185
loss/val_denorm_var/siconc,160,1782967818.074555,0.00245336489751935
loss/val_denorm_var/sithick,160,1782967818.164987,0.003053836291655898
loss/val_denorm_var/so,160,1782967818.8606975,0.00819189939647913
loss/val_denorm_var/thetao,160,1782967818.5950475,0.03160504624247551
loss/val_denorm_var/uo,160,1782967818.9046545,0.008365516550838947
loss/val_denorm_var/vo,160,1782967818.9696693,0.008588282391428947
loss/val_denorm_var/zos,160,1782967818.2232656,0.006207396276295185
loss/val_lead/lead_01,160,1782967818.0745227,0.0009916038252413273
loss/val_lead_var/siconc/lead_01,160,1782967818.0747387,0.00245336233638227
loss/val_lead_var/sithick/lead_01,160,1782967818.1785038,0.0004006767412647605
loss/val_lead_var/so/lead_01,160,1782967818.865828,0.00025571873993612826
loss/val_lead_var/thetao/lead_01,160,1782967818.6076524,0.0009444511961191893
loss/val_lead_var/uo/lead_01,160,1782967818.9141526,0.004082440864294767
loss/val_lead_var/vo/lead_01,160,1782967818.9773266,0.0043014585971832275
loss/val_lead_var/zos/lead_01,160,1782967818.254721,0.0016009497921913862
loss/val_norm,160,1782967818.074493,0.0009916038252413273
loss/val_norm_lead/lead_01,160,1782967818.074529,0.0009916038252413273
loss/val_norm_lead_var/siconc/lead_01,160,1782967818.0885177,0.00245336233638227
loss/val_norm_lead_var/sithick/lead_01,160,1782967818.18845,0.0004006767412647605
loss/val_norm_lead_var/so/lead_01,160,1782967818.8705125,0.00025571873993612826
loss/val_norm_lead_var/thetao/lead_01,160,1782967818.6223207,0.0009444511961191893
loss/val_norm_lead_var/uo/lead_01,160,1782967818.9221473,0.004082440864294767
loss/val_norm_lead_var/vo/lead_01,160,1782967818.9854186,0.0043014585971832275
loss/val_norm_lead_var/zos/lead_01,160,1782967818.5345838,0.0016009497921913862
loss/val_norm_var/siconc,160,1782967818.0745485,0.00245336233638227
loss/val_norm_var/sithick,160,1782967818.151156,0.0004006767412647605
loss/val_norm_var/so,160,1782967818.854926,0.00025571873993612826
loss/val_norm_var/thetao,160,1782967818.5765996,0.0009444511961191893
loss/val_norm_var/uo,160,1782967818.8970866,0.004082440864294767
loss/val_norm_var/vo,160,1782967818.953926,0.0043014585971832275
loss/val_norm_var/zos,160,1782967818.21272,0.0016009497921913862
loss/val_var/siconc,160,1782967818.074542,0.00245336233638227
loss/val_var/sithick,160,1782967818.1398659,0.0004006767412647605
loss/val_var/so,160,1782967818.8415687,0.00025571873993612826
loss/val_var/thetao,160,1782967818.562264,0.0009444511961191893
loss/val_var/uo,160,1782967818.8886013,0.004082440864294767
loss/val_var/vo,160,1782967818.9449518,0.0043014585971832275
loss/val_var/zos,160,1782967818.20349,0.0016009497921913862
loss/train,161,1782968264.0177064,0.0009093766566365957
loss/train,162,1782968711.708784,0.000909407448489219
loss/train,163,1782969159.5462873,0.0009088647784665227
loss/train,164,1782969605.1058662,0.0009086452191695571
loss/ema_val,165,1782970147.1800327,0.0009707873105071485
loss/ema_val_denorm,165,1782970147.1800377,0.01258882973343134
loss/train,165,1782970050.275521,0.0009075325215235353
loss/val,165,1782970147.1799793,0.0009881312726065516
loss/val_denorm,165,1782970147.1800277,0.012749191373586655
loss/val_denorm_lead/lead_01,165,1782970147.1800504,0.012749191373586655
loss/val_denorm_lead_var/siconc/lead_01,165,1782970147.1963794,0.002448481973260641
loss/val_denorm_lead_var/sithick/lead_01,165,1782970147.2405844,0.0029381404165178537
loss/val_denorm_lead_var/so/lead_01,165,1782970148.0430593,0.008169121108949184
loss/val_denorm_lead_var/thetao/lead_01,165,1782970147.3215275,0.03157961741089821
loss/val_denorm_lead_var/uo/lead_01,165,1782970148.277193,0.008391487412154675
loss/val_denorm_lead_var/vo/lead_01,165,1782970148.3163507,0.008556647226214409
loss/val_denorm_lead_var/zos/lead_01,165,1782970147.2798321,0.006163625977933407
loss/val_denorm_var/siconc,165,1782970147.180063,0.002448481973260641
loss/val_denorm_var/sithick,165,1782970147.2162802,0.0029381404165178537
loss/val_denorm_var/so,165,1782970147.4211967,0.008169121108949184
loss/val_denorm_var/thetao,165,1782970147.2959306,0.03157961741089821
loss/val_denorm_var/uo,165,1782970148.0575373,0.008391487412154675
loss/val_denorm_var/vo,165,1782970148.2951386,0.008556647226214409
loss/val_denorm_var/zos,165,1782970147.2583065,0.006163625977933407
loss/val_lead/lead_01,165,1782970147.1800423,0.0009881312726065516
loss/val_lead_var/siconc/lead_01,165,1782970147.1805472,0.0024484796449542046
loss/val_lead_var/sithick/lead_01,165,1782970147.2231364,0.0003854969691019505
loss/val_lead_var/so/lead_01,165,1782970148.0343595,0.0002543576410971582
loss/val_lead_var/thetao/lead_01,165,1782970147.3027685,0.0009436894324608147
loss/val_lead_var/uo/lead_01,165,1782970148.2639816,0.004092886112630367
loss/val_lead_var/vo/lead_01,165,1782970148.3048382,0.004285947885364294
loss/val_lead_var/zos/lead_01,165,1782970147.2637086,0.0015896609984338284
loss/val_norm,165,1782970147.1800203,0.0009881312726065516
loss/val_norm_lead/lead_01,165,1782970147.1800463,0.0009881312726065516
loss/val_norm_lead_var/siconc/lead_01,165,1782970147.1875103,0.0024484796449542046
loss/val_norm_lead_var/sithick/lead_01,165,1782970147.2341337,0.0003854969691019505
loss/val_norm_lead_var/so/lead_01,165,1782970148.039004,0.0002543576410971582
loss/val_norm_lead_var/thetao/lead_01,165,1782970147.30969,0.0009436894324608147
loss/val_norm_lead_var/uo/lead_01,165,1782970148.2687685,0.004092886112630367
loss/val_norm_lead_var/vo/lead_01,165,1782970148.3108096,0.004285947885364294
loss/val_norm_lead_var/zos/lead_01,165,1782970147.2719188,0.0015896609984338284
loss/val_norm_var/siconc,165,1782970147.1800587,0.0024484796449542046
loss/val_norm_var/sithick,165,1782970147.2113864,0.0003854969691019505
loss/val_norm_var/so,165,1782970147.4034092,0.0002543576410971582
loss/val_norm_var/thetao,165,1782970147.2903748,0.0009436894324608147
loss/val_norm_var/uo,165,1782970148.0519776,0.004092886112630367
loss/val_norm_var/vo,165,1782970148.2896745,0.004285947885364294
loss/val_norm_var/zos,165,1782970147.2521882,0.0015896609984338284
loss/val_var/siconc,165,1782970147.1800544,0.0024484796449542046
loss/val_var/sithick,165,1782970147.2056994,0.0003854969691019505
loss/val_var/so,165,1782970147.327129,0.0002543576410971582
loss/val_var/thetao,165,1782970147.2849214,0.0009436894324608147
loss/val_var/uo,165,1782970148.047287,0.004092886112630367
loss/val_var/vo,165,1782970148.284881,0.004285947885364294
loss/val_var/zos,165,1782970147.2466908,0.0015896609984338284
loss/train,166,1782970595.8040447,0.0009081882308237255
loss/train,167,1782971200.7410345,0.0009075716370716691
loss/train,168,1782971687.6592472,0.0009072839748114347
loss/train,169,1782972135.119031,0.0009062428143806756
loss/ema_val,170,1782972679.2949944,0.0009697751956991851
loss/ema_val_denorm,170,1782972679.295,0.012575382366776466
loss/train,170,1782972580.8530145,0.0009067968931049109
loss/val,170,1782972679.2949321,0.0009916187264025211
loss/val_denorm,170,1782972679.2949884,0.012769503518939018
loss/val_denorm_lead/lead_01,170,1782972679.2950153,0.012769503518939018
loss/val_denorm_lead_var/siconc/lead_01,170,1782972679.5238442,0.0024415201041847467
loss/val_denorm_lead_var/sithick/lead_01,170,1782972679.770981,0.003043300239369273
loss/val_denorm_lead_var/so/lead_01,170,1782972679.9632173,0.008173982612788677
loss/val_denorm_lead_var/thetao/lead_01,170,1782972679.9086208,0.031591448932886124
loss/val_denorm_lead_var/uo/lead_01,170,1782972680.5107875,0.008383318781852722
loss/val_denorm_lead_var/vo/lead_01,170,1782972680.7389278,0.008621826767921448
loss/val_denorm_lead_var/zos/lead_01,170,1782972679.8269222,0.006209342274814844
loss/val_denorm_var/siconc,170,1782972679.2950308,0.0024415201041847467
loss/val_denorm_var/sithick,170,1782972679.5446608,0.003043300239369273
loss/val_denorm_var/so,170,1782972679.9461894,0.008173982612788677
loss/val_denorm_var/thetao,170,1782972679.86934,0.031591448932886124
loss/val_denorm_var/uo,170,1782972679.9783072,0.008383318781852722
loss/val_denorm_var/vo,170,1782972680.526068,0.008621826767921448
loss/val_denorm_var/zos,170,1782972679.7889297,0.006209342274814844
loss/val_lead/lead_01,170,1782972679.295005,0.0009916187264025211
loss/val_lead_var/siconc/lead_01,170,1782972679.2953575,0.0024415175430476665
loss/val_lead_var/sithick/lead_01,170,1782972679.7546568,0.00039929436752572656
loss/val_lead_var/so/lead_01,170,1782972679.9522352,0.000254709564615041
loss/val_lead_var/thetao/lead_01,170,1782972679.8799713,0.0009439935092814267
loss/val_lead_var/uo/lead_01,170,1782972680.1867104,0.004093158524483442
loss/val_lead_var/vo/lead_01,170,1782972680.7325447,0.004317296668887138
loss/val_lead_var/zos/lead_01,170,1782972679.8004537,0.001601451775059104
loss/val_norm,170,1782972679.29498,0.0009916187264025211
loss/val_norm_lead/lead_01,170,1782972679.2950103,0.0009916187264025211
loss/val_norm_lead_var/siconc/lead_01,170,1782972679.5178187,0.0024415175430476665
loss/val_norm_lead_var/sithick/lead_01,170,1782972679.766278,0.00039929436752572656
loss/val_norm_lead_var/so/lead_01,170,1782972679.9577246,0.000254709564615041
loss/val_norm_lead_var/thetao/lead_01,170,1782972679.8937058,0.0009439935092814267
loss/val_norm_lead_var/uo/lead_01,170,1782972680.49593,0.004093158524483442
loss/val_norm_lead_var/vo/lead_01,170,1782972680.7359014,0.004317296668887138
loss/val_norm_lead_var/zos/lead_01,170,1782972679.8117537,0.001601451775059104
loss/val_norm_var/siconc,170,1782972679.2950258,0.0024415175430476665
loss/val_norm_var/sithick,170,1782972679.538156,0.00039929436752572656
loss/val_norm_var/so,170,1782972679.938563,0.000254709564615041
loss/val_norm_var/thetao,170,1782972679.8557491,0.0009439935092814267
loss/val_norm_var/uo,170,1782972679.9729881,0.004093158524483442
loss/val_norm_var/vo,170,1782972680.5206876,0.004317296668887138
loss/val_norm_var/zos,170,1782972679.780257,0.001601451775059104
loss/val_var/siconc,170,1782972679.2950206,0.0024415175430476665
loss/val_var/sithick,170,1782972679.5301993,0.00039929436752572656
loss/val_var/so,170,1782972679.9226341,0.000254709564615041
loss/val_var/thetao,170,1782972679.8431163,0.0009439935092814267
loss/val_var/uo,170,1782972679.968272,0.004093158524483442
loss/val_var/vo,170,1782972680.5157537,0.004317296668887138
loss/val_var/zos,170,1782972679.7757032,0.001601451775059104
loss/train,171,1782973126.6424847,0.0009056627168320119
loss/train,172,1782973572.5314488,0.000905454799067229
loss/train,173,1782974018.4766593,0.0009055534610524774
loss/train,174,1782974465.641794,0.0009048436186276376
loss/ema_val,175,1782975009.3642273,0.0009687430574558675
loss/ema_val_denorm,175,1782975009.364233,0.012562131509184837
loss/train,175,1782974911.3823411,0.000903910375200212
loss/val,175,1782975009.3641593,0.0009885459439828992
loss/val_denorm,175,1782975009.3642218,0.012746235355734825
loss/val_denorm_lead/lead_01,175,1782975009.3642478,0.012746235355734825
loss/val_denorm_lead_var/siconc/lead_01,175,1782975009.3868396,0.002461817115545273
loss/val_denorm_lead_var/sithick/lead_01,175,1782975009.4438837,0.0029482555110007524
loss/val_denorm_lead_var/so/lead_01,175,1782975010.030893,0.008171104826033115
loss/val_denorm_lead_var/thetao/lead_01,175,1782975009.9768748,0.031550128012895584
loss/val_denorm_lead_var/uo/lead_01,175,1782975010.4997408,0.008319119922816753
loss/val_denorm_lead_var/vo/lead_01,175,1782975010.7458131,0.008547843433916569
loss/val_denorm_lead_var/zos/lead_01,175,1782975009.7002456,0.0062380521558225155
loss/val_denorm_var/siconc,175,1782975009.3642628,0.002461817115545273
loss/val_denorm_var/sithick,175,1782975009.415456,0.0029482555110007524
loss/val_denorm_var/so,175,1782975010.0031602,0.008171104826033115
loss/val_denorm_var/thetao,175,1782975009.7282996,0.031550128012895584
loss/val_denorm_var/uo,175,1782975010.4700775,0.008319119922816753
loss/val_denorm_var/vo,175,1782975010.5223806,0.008547843433916569
loss/val_denorm_var/zos,175,1782975009.4684148,0.0062380521558225155
loss/val_lead/lead_01,175,1782975009.364238,0.0009885459439828992
loss/val_lead_var/siconc/lead_01,175,1782975009.3645194,0.0024618145544081926
loss/val_lead_var/sithick/lead_01,175,1782975009.426555,0.0003868241037707776
loss/val_lead_var/so/lead_01,175,1782975010.0130005,0.00025474734138697386
loss/val_lead_var/thetao/lead_01,175,1782975009.7365756,0.0009429491474293172
loss/val_lead_var/uo/lead_01,175,1782975010.4800227,0.004062560386955738
loss/val_lead_var/vo/lead_01,175,1782975010.5312464,0.004280210938304663
loss/val_lead_var/zos/lead_01,175,1782975009.679078,0.0016088563716039062
loss/val_norm,175,1782975009.364213,0.0009885459439828992
loss/val_norm_lead/lead_01,175,1782975009.364243,0.0009885459439828992
loss/val_norm_lead_var/siconc/lead_01,175,1782975009.3756633,0.0024618145544081926
loss/val_norm_lead_var/sithick/lead_01,175,1782975009.4354844,0.0003868241037707776
loss/val_norm_lead_var/so/lead_01,175,1782975010.0213819,0.00025474734138697386
loss/val_norm_lead_var/thetao/lead_01,175,1782975009.9670935,0.0009429491474293172
loss/val_norm_lead_var/uo/lead_01,175,1782975010.4902568,0.004062560386955738
loss/val_norm_lead_var/vo/lead_01,175,1782975010.5412803,0.004280210938304663
loss/val_norm_lead_var/zos/lead_01,175,1782975009.688471,0.0016088563716039062
loss/val_norm_var/siconc,175,1782975009.3642578,0.0024618145544081926
loss/val_norm_var/sithick,175,1782975009.4056869,0.0003868241037707776
loss/val_norm_var/so,175,1782975009.9951932,0.00025474734138697386
loss/val_norm_var/thetao,175,1782975009.717591,0.0009429491474293172
loss/val_norm_var/uo,175,1782975010.2537496,0.004062560386955738
loss/val_norm_var/vo,175,1782975010.5145783,0.004280210938304663
loss/val_norm_var/zos,175,1782975009.4600677,0.0016088563716039062
loss/val_var/siconc,175,1782975009.364253,0.0024618145544081926
loss/val_var/sithick,175,1782975009.396422,0.0003868241037707776
loss/val_var/so,175,1782975009.9855404,0.00025474734138697386
loss/val_var/thetao,175,1782975009.7097163,0.0009429491474293172
loss/val_var/uo,175,1782975010.0397186,0.004062560386955738
loss/val_var/vo,175,1782975010.5068784,0.004280210938304663
loss/val_var/zos,175,1782975009.4509254,0.0016088563716039062
loss/train,176,1782975461.261475,0.0009040353470481932
loss/train,177,1782976131.8279672,0.0009034308022819459
loss/train,178,1782976729.6036928,0.0009030853980220854
loss/train,179,1782977318.4673164,0.000902643776498735
loss/ema_val,180,1782977902.6446059,0.0009675815817900002
loss/ema_val_denorm,180,1782977902.644612,0.012548481114208698
loss/train,180,1782977804.8592966,0.0009026108891703188
loss/val,180,1782977902.6445456,0.0009854062227532268
loss/val_denorm,180,1782977902.6445992,0.012692787684500217
loss/val_denorm_lead/lead_01,180,1782977902.6446269,0.012692787684500217
loss/val_denorm_lead_var/siconc/lead_01,180,1782977902.6617763,0.0024529171641916037
loss/val_denorm_lead_var/sithick/lead_01,180,1782977902.7266011,0.0029619871638715267
loss/val_denorm_lead_var/so/lead_01,180,1782977903.1192956,0.008108879439532757
loss/val_denorm_lead_var/thetao/lead_01,180,1782977902.8581705,0.031455278396606445
loss/val_denorm_lead_var/uo/lead_01,180,1782977903.1821566,0.008292987011373043
loss/val_denorm_lead_var/vo/lead_01,180,1782977903.4571998,0.00851895846426487
loss/val_denorm_lead_var/zos/lead_01,180,1782977902.7965562,0.006227278616279364
loss/val_denorm_var/siconc,180,1782977902.6446424,0.0024529171641916037
loss/val_denorm_var/sithick,180,1782977902.6925485,0.0029619871638715267
loss/val_denorm_var/so,180,1782977902.8857133,0.008108879439532757
loss/val_denorm_var/thetao,180,1782977902.827413,0.031455278396606445
loss/val_denorm_var/uo,180,1782977903.1492362,0.008292987011373043
loss/val_denorm_var/vo,180,1782977903.4211478,0.00851895846426487
loss/val_denorm_var/zos,180,1782977902.7616215,0.006227278616279364
loss/val_lead/lead_01,180,1782977902.6446173,0.0009854062227532268
loss/val_lead_var/siconc/lead_01,180,1782977902.6448874,0.002452914835885167
loss/val_lead_var/sithick/lead_01,180,1782977902.7035012,0.0003886257472913712
loss/val_lead_var/so/lead_01,180,1782977902.8971488,0.0002528040495235473
loss/val_lead_var/thetao/lead_01,180,1782977902.8365362,0.0009399412083439529
loss/val_lead_var/uo/lead_01,180,1782977903.1592896,0.0040499321185052395
loss/val_lead_var/vo/lead_01,180,1782977903.4331086,0.0042692734859883785
loss/val_lead_var/zos/lead_01,180,1782977902.7730384,0.0016060777707025409
loss/val_norm,180,1782977902.6445906,0.0009854062227532268
loss/val_norm_lead/lead_01,180,1782977902.6446223,0.0009854062227532268
loss/val_norm_lead_var/siconc/lead_01,180,1782977902.653524,0.002452914835885167
loss/val_norm_lead_var/sithick/lead_01,180,1782977902.71454,0.0003886257472913712
loss/val_norm_lead_var/so/lead_01,180,1782977903.1088996,0.0002528040495235473
loss/val_norm_lead_var/thetao/lead_01,180,1782977902.8483257,0.0009399412083439529
loss/val_norm_lead_var/uo/lead_01,180,1782977903.1711903,0.0040499321185052395
loss/val_norm_lead_var/vo/lead_01,180,1782977903.4448721,0.0042692734859883785
loss/val_norm_lead_var/zos/lead_01,180,1782977902.7847722,0.0016060777707025409
loss/val_norm_var/siconc,180,1782977902.6446369,0.002452914835885167
loss/val_norm_var/sithick,180,1782977902.6821997,0.0003886257472913712
loss/val_norm_var/so,180,1782977902.8769014,0.0002528040495235473
loss/val_norm_var/thetao,180,1782977902.8173287,0.0009399412083439529
loss/val_norm_var/uo,180,1782977903.1385965,0.0040499321185052395
loss/val_norm_var/vo,180,1782977903.4093602,0.0042692734859883785
loss/val_norm_var/zos,180,1782977902.7490182,0.0016060777707025409
loss/val_var/siconc,180,1782977902.6446319,0.002452914835885167
loss/val_var/sithick,180,1782977902.6719642,0.0003886257472913712
loss/val_var/so,180,1782977902.867309,0.0002528040495235473
loss/val_var/thetao,180,1782977902.8080912,0.0009399412083439529
loss/val_var/uo,180,1782977903.129183,0.0040499321185052395
loss/val_var/vo,180,1782977903.1939604,0.0042692734859883785
loss/val_var/zos,180,1782977902.7378027,0.0016060777707025409
loss/train,181,1782978347.3486729,0.0009020809084177017
loss/train,182,1782978790.2732253,0.0009019710123538971
loss/train,183,1782979236.4991663,0.0009014963870868087
loss/train,184,1782979681.0532875,0.0009012130904011428
loss/ema_val,185,1782980223.5275238,0.0009667013655416667
loss/ema_val_denorm,185,1782980223.5275288,0.012536845169961452
loss/train,185,1782980125.9037662,0.0009003524901345372
loss/val,185,1782980223.5274706,0.0009830966591835022
loss/val_denorm,185,1782980223.5275178,0.012707209214568138
loss/val_denorm_lead/lead_01,185,1782980223.5275414,0.012707209214568138
loss/val_denorm_lead_var/siconc/lead_01,185,1782980223.7555637,0.0024369261227548122
loss/val_denorm_lead_var/sithick/lead_01,185,1782980223.8181224,0.002911863848567009
loss/val_denorm_lead_var/so/lead_01,185,1782980223.9282997,0.008143354207277298
loss/val_denorm_lead_var/thetao/lead_01,185,1782980223.884893,0.03149774670600891
loss/val_denorm_lead_var/uo/lead_01,185,1782980223.9764493,0.00826907530426979
loss/val_denorm_lead_var/vo/lead_01,185,1782980224.0354154,0.008507674559950829
loss/val_denorm_lead_var/zos/lead_01,185,1782980223.863751,0.006163558457046747
loss/val_denorm_var/siconc,185,1782980223.5275545,0.0024369261227548122
loss/val_denorm_var/sithick,185,1782980223.7888236,0.002911863848567009
loss/val_denorm_var/so,185,1782980223.9008758,0.008143354207277298
loss/val_denorm_var/thetao,185,1782980223.8748107,0.03149774670600891
loss/val_denorm_var/uo,185,1782980223.9519753,0.00826907530426979
loss/val_denorm_var/vo,185,1782980224.0052853,0.008507674559950829
loss/val_denorm_var/zos,185,1782980223.8409028,0.006163558457046747
loss/val_lead/lead_01,185,1782980223.527533,0.0009830966591835022
loss/val_lead_var/siconc/lead_01,185,1782980223.5276465,0.002436923561617732
loss/val_lead_var/sithick/lead_01,185,1782980223.7994628,0.0003820493584498763
loss/val_lead_var/so/lead_01,185,1782980223.9076972,0.000254265934927389
loss/val_lead_var/thetao/lead_01,185,1782980223.8778954,0.0009412856306880713
loss/val_lead_var/uo/lead_01,185,1782980223.959817,0.0040380461141467094
loss/val_lead_var/vo/lead_01,185,1782980224.0145469,0.0042639560997486115
loss/val_lead_var/zos/lead_01,185,1782980223.8482473,0.0015896436525508761
loss/val_norm,185,1782980223.5275073,0.0009830966591835022
loss/val_norm_lead/lead_01,185,1782980223.5275373,0.0009830966591835022
loss/val_norm_lead_var/siconc/lead_01,185,1782980223.5362613,0.002436923561617732
loss/val_norm_lead_var/sithick/lead_01,185,1782980223.808506,0.0003820493584498763
loss/val_norm_lead_var/so/lead_01,185,1782980223.9177945,0.000254265934927389
loss/val_norm_lead_var/thetao/lead_01,185,1782980223.8815565,0.0009412856306880713
loss/val_norm_lead_var/uo/lead_01,185,1782980223.9654834,0.0040380461141467094
loss/val_norm_lead_var/vo/lead_01,185,1782980224.0255923,0.0042639560997486115
loss/val_norm_lead_var/zos/lead_01,185,1782980223.8553815,0.0015896436525508761
loss/val_norm_var/siconc,185,1782980223.52755,0.002436923561617732
loss/val_norm_var/sithick,185,1782980223.7793653,0.0003820493584498763
loss/val_norm_var/so,185,1782980223.8948257,0.000254265934927389
loss/val_norm_var/thetao,185,1782980223.8719544,0.0009412856306880713
loss/val_norm_var/uo,185,1782980223.9446628,0.0040380461141467094
loss/val_norm_var/vo,185,1782980223.9954016,0.0042639560997486115
loss/val_norm_var/zos,185,1782980223.8337507,0.0015896436525508761
loss/val_var/siconc,185,1782980223.527546,0.002436923561617732
loss/val_var/sithick,185,1782980223.7670135,0.0003820493584498763
loss/val_var/so,185,1782980223.8901005,0.000254265934927389
loss/val_var/thetao,185,1782980223.8685112,0.0009412856306880713
loss/val_var/uo,185,1782980223.937856,0.0040380461141467094
loss/val_var/vo,185,1782980223.9858859,0.0042639560997486115
loss/val_var/zos,185,1782980223.8263514,0.0015896436525508761
loss/train,186,1782980671.7447398,0.0009005604078993201
loss/train,187,1782981958.915618,0.0008998406119644642
loss/train,188,1782982405.524554,0.0009002572624012828
loss/train,189,1782983138.8819768,0.0008994435193017125
loss/ema_val,190,1782983839.8157225,0.0009658807539381087
loss/ema_val_denorm,190,1782983839.8157282,0.012525398284196854
loss/train,190,1782983743.917659,0.000898785307072103
loss/val,190,1782983839.815673,0.0009822254069149494
loss/val_denorm,190,1782983839.815717,0.01268349215388298
loss/val_denorm_lead/lead_01,190,1782983839.8157437,0.01268349215388298
loss/val_denorm_lead_var/siconc/lead_01,190,1782983839.8218796,0.002436122391372919
loss/val_denorm_lead_var/sithick/lead_01,190,1782983839.930768,0.002941792132332921
loss/val_denorm_lead_var/so/lead_01,190,1782983839.9867456,0.008109740912914276
loss/val_denorm_lead_var/thetao/lead_01,190,1782983839.968075,0.031454864889383316
loss/val_denorm_lead_var/uo/lead_01,190,1782983840.0076954,0.008280889131128788
loss/val_denorm_lead_var/vo/lead_01,190,1782983840.022693,0.008482921868562698
loss/val_denorm_lead_var/zos/lead_01,190,1782983839.9458947,0.0061598876491189
loss/val_denorm_var/siconc,190,1782983839.815759,0.002436122391372919
loss/val_denorm_var/sithick,190,1782983839.8312616,0.002941792132332921
loss/val_denorm_var/so,190,1782983839.9773638,0.008109740912914276
loss/val_denorm_var/thetao,190,1782983839.9571052,0.031454864889383316
loss/val_denorm_var/uo,190,1782983839.9961247,0.008280889131128788
loss/val_denorm_var/vo,190,1782983840.0143135,0.008482921868562698
loss/val_denorm_var/zos,190,1782983839.9379566,0.0061598876491189
loss/val_lead/lead_01,190,1782983839.815733,0.0009822254069149494
loss/val_lead_var/siconc/lead_01,190,1782983839.8159928,0.002436119830235839
loss/val_lead_var/sithick/lead_01,190,1782983839.9224138,0.0003859760763589293
loss/val_lead_var/so/lead_01,190,1782983839.9807162,0.00025309124612249434
loss/val_lead_var/thetao/lead_01,190,1782983839.9610872,0.0009399409755133092
loss/val_lead_var/uo/lead_01,190,1782983840.0008206,0.004044370725750923
loss/val_lead_var/vo/lead_01,190,1782983840.0170152,0.004251741338521242
loss/val_lead_var/zos/lead_01,190,1782983839.9408312,0.0015886969631537795
loss/val_norm,190,1782983839.8157086,0.0009822254069149494
loss/val_norm_lead/lead_01,190,1782983839.8157382,0.0009822254069149494
loss/val_norm_lead_var/siconc/lead_01,190,1782983839.8189921,0.002436119830235839
loss/val_norm_lead_var/sithick/lead_01,190,1782983839.928425,0.0003859760763589293
loss/val_norm_lead_var/so/lead_01,190,1782983839.9838645,0.00025309124612249434
loss/val_norm_lead_var/thetao/lead_01,190,1782983839.9644294,0.0009399409755133092
loss/val_norm_lead_var/uo/lead_01,190,1782983840.004559,0.004044370725750923
loss/val_norm_lead_var/vo/lead_01,190,1782983840.0199323,0.004251741338521242
loss/val_norm_lead_var/zos/lead_01,190,1782983839.9434538,0.0015886969631537795
loss/val_norm_var/siconc,190,1782983839.815754,0.002436119830235839
loss/val_norm_var/sithick,190,1782983839.8281698,0.0003859760763589293
loss/val_norm_var/so,190,1782983839.9743884,0.00025309124612249434
loss/val_norm_var/thetao,190,1782983839.952968,0.0009399409755133092
loss/val_norm_var/uo,190,1782983839.993036,0.004044370725750923
loss/val_norm_var/vo,190,1782983840.0122488,0.004251741338521242
loss/val_norm_var/zos,190,1782983839.935594,0.0015886969631537795
loss/val_var/siconc,190,1782983839.815749,0.002436119830235839
loss/val_var/sithick,190,1782983839.825101,0.0003859760763589293
loss/val_var/so,190,1782983839.9714913,0.00025309124612249434
loss/val_var/thetao,190,1782983839.9487076,0.0009399409755133092
loss/val_var/uo,190,1782983839.990293,0.004044370725750923
loss/val_var/vo,190,1782983840.0100596,0.004251741338521242
loss/val_var/zos,190,1782983839.9331748,0.0015886969631537795
loss/train,191,1782984310.6148083,0.0008994755335152149
loss/train,192,1782984792.4730537,0.0008988446788862348
loss/train,193,1782985236.5929153,0.0008978441474027932
loss/train,194,1782985679.314939,0.0008983499137684703
loss/ema_val,195,1782986221.8334904,0.0009649270214140415
loss/ema_val_denorm,195,1782986221.8334956,0.012513456866145134
loss/train,195,1782986122.2358735,0.0008970093331299722
loss/val,195,1782986221.8334315,0.0009852554649114609
loss/val_denorm,195,1782986221.8334846,0.012677999213337898
loss/val_denorm_lead/lead_01,195,1782986221.8335104,0.012677999213337898
loss/val_denorm_lead_var/siconc/lead_01,195,1782986221.837335,0.0025038225576281548
loss/val_denorm_lead_var/sithick/lead_01,195,1782986221.845945,0.0029699860606342554
loss/val_denorm_lead_var/so/lead_01,195,1782986221.9336355,0.00810052827000618
loss/val_denorm_lead_var/thetao/lead_01,195,1782986221.9110072,0.03141726553440094
loss/val_denorm_lead_var/uo/lead_01,195,1782986221.9581285,0.008248266763985157
loss/val_denorm_lead_var/vo/lead_01,195,1782986221.99009,0.008465622551739216
loss/val_denorm_lead_var/zos/lead_01,195,1782986221.85575,0.006218465510755777
loss/val_denorm_var/siconc,195,1782986221.8335247,0.0025038225576281548
loss/val_denorm_var/sithick,195,1782986221.842045,0.0029699860606342554
loss/val_denorm_var/so,195,1782986221.922357,0.00810052827000618
loss/val_denorm_var/thetao,195,1782986221.899068,0.03141726553440094
loss/val_denorm_var/uo,195,1782986221.944838,0.008248266763985157
loss/val_denorm_var/vo,195,1782986221.9745927,0.008465622551739216
loss/val_denorm_var/zos,195,1782986221.849728,0.006218465510755777
loss/val_lead/lead_01,195,1782986221.8335004,0.0009852554649114609
loss/val_lead_var/siconc/lead_01,195,1782986221.8337686,0.002503820229321718
loss/val_lead_var/sithick/lead_01,195,1782986221.843458,0.0003896752605214715
loss/val_lead_var/so/lead_01,195,1782986221.9261096,0.00025285236188210547
loss/val_lead_var/thetao/lead_01,195,1782986221.9028242,0.000938751210924238
loss/val_lead_var/uo/lead_01,195,1782986221.9497414,0.00402941694483161
loss/val_lead_var/vo/lead_01,195,1782986221.9795482,0.004242417868226767
loss/val_lead_var/zos/lead_01,195,1782986221.8512766,0.00160380476154387
loss/val_norm,195,1782986221.8334758,0.0009852554649114609
loss/val_norm_lead/lead_01,195,1782986221.8335056,0.0009852554649114609
loss/val_norm_lead_var/siconc/lead_01,195,1782986221.8356524,0.002503820229321718
loss/val_norm_lead_var/sithick/lead_01,195,1782986221.8447278,0.0003896752605214715
loss/val_norm_lead_var/so/lead_01,195,1782986221.9296615,0.00025285236188210547
loss/val_norm_lead_var/thetao/lead_01,195,1782986221.9069612,0.000938751210924238
loss/val_norm_lead_var/uo/lead_01,195,1782986221.9538696,0.00402941694483161
loss/val_norm_lead_var/vo/lead_01,195,1782986221.9849532,0.004242417868226767
loss/val_norm_lead_var/zos/lead_01,195,1782986221.853181,0.00160380476154387
loss/val_norm_var/siconc,195,1782986221.8335202,0.002503820229321718
loss/val_norm_var/sithick,195,1782986221.8405414,0.0003896752605214715
loss/val_norm_var/so,195,1782986221.9186134,0.00025285236188210547
loss/val_norm_var/thetao,195,1782986221.8961806,0.000938751210924238
loss/val_norm_var/uo,195,1782986221.9414277,0.00402941694483161
loss/val_norm_var/vo,195,1782986221.9690628,0.004242417868226767
loss/val_norm_var/zos,195,1782986221.8485258,0.00160380476154387
loss/val_var/siconc,195,1782986221.8335152,0.002503820229321718
loss/val_var/sithick,195,1782986221.8390887,0.0003896752605214715
loss/val_var/so,195,1782986221.915052,0.00025285236188210547
loss/val_var/thetao,195,1782986221.8763726,0.000938751210924238
loss/val_var/uo,195,1782986221.9378033,0.00402941694483161
loss/val_var/vo,195,1782986221.9640684,0.004242417868226767
loss/val_var/zos,195,1782986221.8473382,0.00160380476154387
loss/train,196,1782986663.564584,0.0008975147502496839
loss/train,197,1782987112.6282423,0.0008970455965027213
loss/train,198,1782987735.4448848,0.000897030346095562
loss/train,199,1782988218.9380372,0.0008959021070040762
loss/ema_val,200,1782988757.405498,0.000963974860496819
loss/ema_val_denorm,200,1782988757.4055033,0.012501777149736881
loss/train,200,1782988661.3051655,0.0008961333078332245
loss/val,200,1782988757.4054391,0.0009879784192889929
loss/val_denorm,200,1782988757.4054925,0.01269772183150053
loss/val_denorm_lead/lead_01,200,1782988757.4055183,0.01269772183150053
loss/val_denorm_lead_var/siconc/lead_01,200,1782988757.4230711,0.0024635721929371357
loss/val_denorm_lead_var/sithick/lead_01,200,1782988757.4777498,0.0030464681331068277
loss/val_denorm_lead_var/so/lead_01,200,1782988757.7580144,0.008114821277558804
loss/val_denorm_lead_var/thetao/lead_01,200,1782988757.6274328,0.03141741082072258
loss/val_denorm_lead_var/uo/lead_01,200,1782988757.8033183,0.008328089490532875
loss/val_denorm_lead_var/vo/lead_01,200,1782988757.8270066,0.008560356684029102
loss/val_denorm_lead_var/zos/lead_01,200,1782988757.5492406,0.006213880609720945
loss/val_denorm_var/siconc,200,1782988757.4055326,0.0024635721929371357
loss/val_denorm_var/sithick,200,1782988757.448763,0.0030464681331068277
loss/val_denorm_var/so,200,1782988757.654282,0.008114821277558804
loss/val_denorm_var/thetao,200,1782988757.5874143,0.03141741082072258
loss/val_denorm_var/uo,200,1782988757.7845562,0.008328089490532875
loss/val_denorm_var/vo,200,1782988757.815772,0.008560356684029102
loss/val_denorm_var/zos,200,1782988757.5123525,0.006213880609720945
loss/val_lead/lead_01,200,1782988757.405508,0.0009879784192889929
loss/val_lead_var/siconc/lead_01,200,1782988757.4057734,0.0024635696318000555
loss/val_lead_var/sithick/lead_01,200,1782988757.4565732,0.00039971002843230963
loss/val_lead_var/so/lead_01,200,1782988757.7273338,0.0002529592893552035
loss/val_lead_var/thetao/lead_01,200,1782988757.5999334,0.0009389027254655957
loss/val_lead_var/uo/lead_01,200,1782988757.7921226,0.004064342938363552
loss/val_lead_var/vo/lead_01,200,1782988757.8198762,0.0042861634865403175
loss/val_lead_var/zos/lead_01,200,1782988757.523049,0.0016026223311200738
loss/val_norm,200,1782988757.4054844,0.0009879784192889929
loss/val_norm_lead/lead_01,200,1782988757.4055135,0.0009879784192889929
loss/val_norm_lead_var/siconc/lead_01,200,1782988757.4152875,0.0024635696318000555
loss/val_norm_lead_var/sithick/lead_01,200,1782988757.4680624,0.00039971002843230963
loss/val_norm_lead_var/so/lead_01,200,1782988757.7502382,0.0002529592893552035
loss/val_norm_lead_var/thetao/lead_01,200,1782988757.6136045,0.0009389027254655957
loss/val_norm_lead_var/uo/lead_01,200,1782988757.7996027,0.004064342938363552
loss/val_norm_lead_var/vo/lead_01,200,1782988757.8235283,0.0042861634865403175
loss/val_norm_lead_var/zos/lead_01,200,1782988757.5353546,0.0016026223311200738
loss/val_norm_var/siconc,200,1782988757.405528,0.0024635696318000555
loss/val_norm_var/sithick,200,1782988757.4402819,0.00039971002843230963
loss/val_norm_var/so,200,1782988757.6466691,0.0002529592893552035
loss/val_norm_var/thetao,200,1782988757.5739117,0.0009389027254655957
loss/val_norm_var/uo,200,1782988757.7757635,0.004064342938363552
loss/val_norm_var/vo,200,1782988757.811333,0.0042861634865403175
loss/val_norm_var/zos,200,1782988757.5010247,0.0016026223311200738
loss/val_var/siconc,200,1782988757.4055233,0.0024635696318000555
loss/val_var/sithick,200,1782988757.4303527,0.00039971002843230963
loss/val_var/so,200,1782988757.6377122,0.0002529592893552035
loss/val_var/thetao,200,1782988757.5620167,0.0009389027254655957
loss/val_var/uo,200,1782988757.7660415,0.004064342938363552
loss/val_var/vo,200,1782988757.8073266,0.0042861634865403175
loss/val_var/zos,200,1782988757.4895868,0.0016026223311200738
loss/train,201,1782993212.033013,0.0008957860991358757
loss/train,202,1782993652.7685773,0.0008955039083957672
loss/train,203,1782994092.2518337,0.0008946378366090357
loss/train,204,1782994533.2548494,0.0008947548340074718
loss/ema_val,205,1782995072.998846,0.0009632167057134211
loss/ema_val_denorm,205,1782995072.9988525,0.012492251582443714
loss/train,205,1782994975.5979507,0.00089439278235659
loss/val,205,1782995072.9987462,0.0009878914570435882
loss/val_denorm,205,1782995072.9988384,0.012700553983449936
loss/val_denorm_lead/lead_01,205,1782995072.9988682,0.012700553983449936
loss/val_denorm_lead_var/siconc/lead_01,205,1782995073.005678,0.0024935053661465645
loss/val_denorm_lead_var/sithick/lead_01,205,1782995073.0260844,0.002995399059727788
loss/val_denorm_lead_var/so/lead_01,205,1782995073.1936562,0.00808528158813715
loss/val_denorm_lead_var/thetao/lead_01,205,1782995073.144924,0.03151626139879227
loss/val_denorm_lead_var/uo/lead_01,205,1782995073.243298,0.008328511379659176
loss/val_denorm_lead_var/vo/lead_01,205,1782995073.3075914,0.008523275144398212
loss/val_denorm_lead_var/zos/lead_01,205,1782995073.0772712,0.006194465793669224
loss/val_denorm_var/siconc,205,1782995072.9988828,0.0024935053661465645
loss/val_denorm_var/sithick,205,1782995073.0155067,0.002995399059727788
loss/val_denorm_var/so,205,1782995073.17117,0.00808528158813715
loss/val_denorm_var/thetao,205,1782995073.1120899,0.03151626139879227
loss/val_denorm_var/uo,205,1782995073.2183833,0.008328511379659176
loss/val_denorm_var/vo,205,1782995073.275673,0.008523275144398212
loss/val_denorm_var/zos,205,1782995073.0510924,0.006194465793669224
loss/val_lead/lead_01,205,1782995072.998858,0.0009878914570435882
loss/val_lead_var/siconc/lead_01,205,1782995072.999312,0.002493503037840128
loss/val_lead_var/sithick/lead_01,205,1782995073.0190501,0.0003930095408577472
loss/val_lead_var/so/lead_01,205,1782995073.1788604,0.0002523770381230861
loss/val_lead_var/thetao/lead_01,205,1782995073.1218145,0.0009411907522007823
loss/val_lead_var/uo/lead_01,205,1782995073.2265904,0.004062904044985771
loss/val_lead_var/vo/lead_01,205,1782995073.286719,0.00427109282463789
loss/val_lead_var/zos/lead_01,205,1782995073.0611362,0.0015976150752976537
loss/val_norm,205,1782995072.9988189,0.0009878914570435882
loss/val_norm_lead/lead_01,205,1782995072.9988632,0.0009878914570435882
loss/val_norm_lead_var/siconc/lead_01,205,1782995073.0024297,0.002493503037840128
loss/val_norm_lead_var/sithick/lead_01,205,1782995073.0227904,0.0003930095408577472
loss/val_norm_lead_var/so/lead_01,205,1782995073.186049,0.0002523770381230861
loss/val_norm_lead_var/thetao/lead_01,205,1782995073.1342773,0.0009411907522007823
loss/val_norm_lead_var/uo/lead_01,205,1782995073.2363849,0.004062904044985771
loss/val_norm_lead_var/vo/lead_01,205,1782995073.2966173,0.00427109282463789
loss/val_norm_lead_var/zos/lead_01,205,1782995073.0692794,0.0015976150752976537
loss/val_norm_var/siconc,205,1782995072.9988778,0.002493503037840128
loss/val_norm_var/sithick,205,1782995073.0123248,0.0003930095408577472
loss/val_norm_var/so,205,1782995073.1644409,0.0002523770381230861
loss/val_norm_var/thetao,205,1782995073.1019397,0.0009411907522007823
loss/val_norm_var/uo,205,1782995073.208962,0.004062904044985771
loss/val_norm_var/vo,205,1782995073.2635074,0.00427109282463789
loss/val_norm_var/zos,205,1782995073.041966,0.0015976150752976537
loss/val_var/siconc,205,1782995072.998873,0.002493503037840128
loss/val_var/sithick,205,1782995073.0090845,0.0003930095408577472
loss/val_var/so,205,1782995073.153914,0.0002523770381230861
loss/val_var/thetao,205,1782995073.0896513,0.0009411907522007823
loss/val_var/uo,205,1782995073.2004313,0.004062904044985771
loss/val_var/vo,205,1782995073.2525475,0.00427109282463789
loss/val_var/zos,205,1782995073.0328958,0.0015976150752976537
loss/train,206,1782995515.3295207,0.000894288532435894
loss/train,207,1782995956.0802758,0.0008936553495004773
loss/train,208,1782996396.5176146,0.0008939908584579825
loss/train,209,1782996887.4355037,0.0008928917231969535
loss/ema_val,210,1782997424.2873826,0.0009623881778679788
loss/ema_val_denorm,210,1782997424.2873893,0.012482253834605217
loss/train,210,1782997327.0887582,0.0008933093049563468
loss/val,210,1782997424.287297,0.0009800877887755632
loss/val_denorm,210,1782997424.2873764,0.012631858699023724
loss/val_denorm_lead/lead_01,210,1782997424.2874048,0.012631858699023724
loss/val_denorm_lead_var/siconc/lead_01,210,1782997424.2943416,0.0024137485306710005
loss/val_denorm_lead_var/sithick/lead_01,210,1782997424.5993721,0.0028763411100953817
loss/val_denorm_lead_var/so/lead_01,210,1782997424.9483106,0.008073976263403893
loss/val_denorm_lead_var/thetao/lead_01,210,1782997424.8921914,0.0313108004629612
loss/val_denorm_lead_var/uo/lead_01,210,1782997424.9762542,0.008278855122625828
loss/val_denorm_lead_var/vo/lead_01,210,1782997425.000957,0.008467462845146656
loss/val_denorm_lead_var/zos/lead_01,210,1782997424.6363971,0.006252305582165718
loss/val_denorm_var/siconc,210,1782997424.2874193,0.0024137485306710005
loss/val_denorm_var/sithick,210,1782997424.5057273,0.0028763411100953817
loss/val_denorm_var/so,210,1782997424.9172335,0.008073976263403893
loss/val_denorm_var/thetao,210,1782997424.6702049,0.0313108004629612
loss/val_denorm_var/uo,210,1782997424.9643364,0.008278855122625828
loss/val_denorm_var/vo,210,1782997424.9871316,0.008467462845146656
loss/val_denorm_var/zos,210,1782997424.613001,0.006252305582165718
loss/val_lead/lead_01,210,1782997424.2873945,0.0009800877887755632
loss/val_lead_var/siconc/lead_01,210,1782997424.287682,0.002413746202364564
loss/val_lead_var/sithick/lead_01,210,1782997424.5913794,0.00037738861283287406
loss/val_lead_var/so/lead_01,210,1782997424.9243748,0.0002517208340577781
loss/val_lead_var/thetao/lead_01,210,1782997424.6755772,0.000935652235057205
loss/val_lead_var/uo/lead_01,210,1782997424.9680245,0.00404093274846673
loss/val_lead_var/vo/lead_01,210,1782997424.9914274,0.004248162731528282
loss/val_lead_var/zos/lead_01,210,1782997424.617096,0.001612532534636557
loss/val_norm,210,1782997424.2873662,0.0009800877887755632
loss/val_norm_lead/lead_01,210,1782997424.2873998,0.0009800877887755632
loss/val_norm_lead_var/siconc/lead_01,210,1782997424.2909727,0.002413746202364564
loss/val_norm_lead_var/sithick/lead_01,210,1782997424.5954866,0.00037738861283287406
loss/val_norm_lead_var/so/lead_01,210,1782997424.9365513,0.0002517208340577781
loss/val_norm_lead_var/thetao/lead_01,210,1782997424.6818194,0.000935652235057205
loss/val_norm_lead_var/uo/lead_01,210,1782997424.9718366,0.00404093274846673
loss/val_norm_lead_var/vo/lead_01,210,1782997424.9971907,0.004248162731528282
loss/val_norm_lead_var/zos/lead_01,210,1782997424.626636,0.001612532534636557
loss/val_norm_var/siconc,210,1782997424.2874148,0.002413746202364564
loss/val_norm_var/sithick,210,1782997424.3001034,0.00037738861283287406
loss/val_norm_var/so,210,1782997424.9112136,0.0002517208340577781
loss/val_norm_var/thetao,210,1782997424.6616907,0.000935652235057205
loss/val_norm_var/uo,210,1782997424.9603117,0.00404093274846673
loss/val_norm_var/vo,210,1782997424.9835718,0.004248162731528282
loss/val_norm_var/zos,210,1782997424.6070638,0.001612532534636557
loss/val_var/siconc,210,1782997424.2874098,0.002413746202364564
loss/val_var/sithick,210,1782997424.2970533,0.00037738861283287406
loss/val_var/so,210,1782997424.9009755,0.0002517208340577781
loss/val_var/thetao,210,1782997424.6497235,0.000935652235057205
loss/val_var/uo,210,1782997424.9555886,0.00404093274846673
loss/val_var/vo,210,1782997424.9802394,0.004248162731528282
loss/val_var/zos,210,1782997424.6030104,0.001612532534636557
loss/train,211,1782997890.0490885,0.0008936316589824855
loss/train,212,1782998371.0674725,0.0008931365446187556
loss/train,213,1782998834.3226702,0.0008924175635911524
loss/train,214,1782999274.0361001,0.0008915780927054584
loss/ema_val,215,1783000098.3564203,0.0009615473099984229
loss/ema_val_denorm,215,1783000098.356427,0.012471722438931465
loss/train,215,1783000002.1633527,0.0008914069039747119
loss/val,215,1783000098.356351,0.0009788834722712636
loss/val_denorm,215,1783000098.3564134,0.012633800506591797
loss/val_denorm_lead/lead_01,215,1783000098.3564463,0.012633800506591797
loss/val_denorm_lead_var/siconc/lead_01,215,1783000098.5735621,0.0024305402766913176
loss/val_denorm_lead_var/sithick/lead_01,215,1783000098.8096855,0.00296873995102942
loss/val_denorm_lead_var/so/lead_01,215,1783000099.1884696,0.00809745118021965
loss/val_denorm_lead_var/thetao/lead_01,215,1783000099.1284344,0.031263288110494614
loss/val_denorm_lead_var/uo/lead_01,215,1783000099.2342165,0.008203469216823578
loss/val_denorm_lead_var/vo/lead_01,215,1783000099.2806036,0.008438540622591972
loss/val_denorm_lead_var/zos/lead_01,215,1783000098.8437092,0.006217155605554581
loss/val_denorm_var/siconc,215,1783000098.3564665,0.0024305402766913176
loss/val_denorm_var/sithick,215,1783000098.7931206,0.00296873995102942
loss/val_denorm_var/so,215,1783000099.1565723,0.00809745118021965
loss/val_denorm_var/thetao,215,1783000098.899044,0.031263288110494614
loss/val_denorm_var/uo,215,1783000099.2150435,0.008203469216823578
loss/val_denorm_var/vo,215,1783000099.256706,0.008438540622591972
loss/val_denorm_var/zos,215,1783000098.8294926,0.006217155605554581
loss/val_lead/lead_01,215,1783000098.3564334,0.0009788834722712636
loss/val_lead_var/siconc/lead_01,215,1783000098.35662,0.002430537948384881
loss/val_lead_var/sithick/lead_01,215,1783000098.7995133,0.00038951175520196557
loss/val_lead_var/so/lead_01,215,1783000099.163677,0.0002524733426980674
loss/val_lead_var/thetao/lead_01,215,1783000099.110259,0.0009343929123133421
loss/val_lead_var/uo/lead_01,215,1783000099.2217386,0.004005879629403353
loss/val_lead_var/vo/lead_01,215,1783000099.2639976,0.004228654783219099
loss/val_lead_var/zos/lead_01,215,1783000098.8344398,0.0016034668078646064
loss/val_norm,215,1783000098.3564034,0.0009788834722712636
loss/val_norm_lead/lead_01,215,1783000098.3564396,0.0009788834722712636
loss/val_norm_lead_var/siconc/lead_01,215,1783000098.361865,0.002430537948384881
loss/val_norm_lead_var/sithick/lead_01,215,1783000098.8048728,0.00038951175520196557
loss/val_norm_lead_var/so/lead_01,215,1783000099.176297,0.0002524733426980674
loss/val_norm_lead_var/thetao/lead_01,215,1783000099.1178849,0.0009343929123133421
loss/val_norm_lead_var/uo/lead_01,215,1783000099.2282658,0.004005879629403353
loss/val_norm_lead_var/vo/lead_01,215,1783000099.271835,0.004228654783219099
loss/val_norm_lead_var/zos/lead_01,215,1783000098.8405497,0.0016034668078646064
loss/val_norm_var/siconc,215,1783000098.35646,0.002430537948384881
loss/val_norm_var/sithick,215,1783000098.5865417,0.00038951175520196557
loss/val_norm_var/so,215,1783000099.1482341,0.0002524733426980674
loss/val_norm_var/thetao,215,1783000098.8906193,0.0009343929123133421
loss/val_norm_var/uo,215,1783000099.2048273,0.004005879629403353
loss/val_norm_var/vo,215,1783000099.2504041,0.004228654783219099
loss/val_norm_var/zos,215,1783000098.8220618,0.0016034668078646064
loss/val_var/siconc,215,1783000098.3564532,0.002430537948384881
loss/val_var/sithick,215,1783000098.5802202,0.00038951175520196557
loss/val_var/so,215,1783000099.1380653,0.0002524733426980674
loss/val_var/thetao,215,1783000098.8825867,0.0009343929123133421
loss/val_var/uo,215,1783000099.1970997,0.004005879629403353
loss/val_var/vo,215,1783000099.2410553,0.004228654783219099
loss/val_var/zos,215,1783000098.817364,0.0016034668078646064
loss/train,216,1783000537.5818248,0.0008915197686292231
loss/train,217,1783000979.552939,0.0008917175582610071
loss/train,218,1783001422.0296154,0.0008911947952583432
loss/train,219,1783001865.1037915,0.0008908059098757803
loss/ema_val,220,1783002404.3135395,0.0009609127300791442
loss/ema_val_denorm,220,1783002404.313545,0.012462384067475796
loss/train,220,1783002307.8983436,0.000890445604454726
loss/val,220,1783002404.3134766,0.0009756634244695306
loss/val_denorm,220,1783002404.3135338,0.01261711586266756
loss/val_denorm_lead/lead_01,220,1783002404.313559,0.01261711586266756
loss/val_denorm_lead_var/siconc/lead_01,220,1783002404.3181248,0.0024269619025290012
loss/val_denorm_lead_var/sithick/lead_01,220,1783002404.536023,0.002872837008908391
loss/val_denorm_lead_var/so/lead_01,220,1783002404.5675695,0.008107309229671955
loss/val_denorm_lead_var/thetao/lead_01,220,1783002404.5477762,0.031237192451953888
loss/val_denorm_lead_var/uo/lead_01,220,1783002404.5724945,0.008194876834750175
loss/val_denorm_lead_var/vo/lead_01,220,1783002404.5775447,0.008409569039940834
loss/val_denorm_lead_var/zos/lead_01,220,1783002404.5412564,0.0061545721255242825
loss/val_denorm_var/siconc,220,1783002404.313573,0.0024269619025290012
loss/val_denorm_var/sithick,220,1783002404.3264816,0.002872837008908391
loss/val_denorm_var/so,220,1783002404.550141,0.008107309229671955
loss/val_denorm_var/thetao,220,1783002404.5437322,0.031237192451953888
loss/val_denorm_var/uo,220,1783002404.5697565,0.008194876834750175
loss/val_denorm_var/vo,220,1783002404.5751522,0.008409569039940834
loss/val_denorm_var/zos,220,1783002404.538676,0.0061545721255242825
loss/val_lead/lead_01,220,1783002404.3135495,0.0009756634244695306
loss/val_lead_var/siconc/lead_01,220,1783002404.3138247,0.002426959341391921
loss/val_lead_var/sithick/lead_01,220,1783002404.3302813,0.00037692885962314904
loss/val_lead_var/so/lead_01,220,1783002404.5659423,0.0002528433396946639
loss/val_lead_var/thetao/lead_01,220,1783002404.544874,0.0009335043141618371
loss/val_lead_var/uo/lead_01,220,1783002404.5707235,0.004003080539405346
loss/val_lead_var/vo/lead_01,220,1783002404.5759277,0.0042159222066402435
loss/val_lead_var/zos/lead_01,220,1783002404.5395887,0.0015873260563239455
loss/val_norm,220,1783002404.3135254,0.0009756634244695306
loss/val_norm_lead/lead_01,220,1783002404.3135543,0.0009756634244695306
loss/val_norm_lead_var/siconc/lead_01,220,1783002404.3156676,0.002426959341391921
loss/val_norm_lead_var/sithick/lead_01,220,1783002404.534657,0.00037692885962314904
loss/val_norm_lead_var/so/lead_01,220,1783002404.566829,0.0002528433396946639
loss/val_norm_lead_var/thetao/lead_01,220,1783002404.546196,0.0009335043141618371
loss/val_norm_lead_var/uo/lead_01,220,1783002404.5716448,0.004003080539405346
loss/val_norm_lead_var/vo/lead_01,220,1783002404.5767345,0.0042159222066402435
loss/val_norm_lead_var/zos/lead_01,220,1783002404.540409,0.0015873260563239455
loss/val_norm_var/siconc,220,1783002404.3135684,0.002426959341391921
loss/val_norm_var/sithick,220,1783002404.32339,0.00037692885962314904
loss/val_norm_var/so,220,1783002404.5492191,0.0002528433396946639
loss/val_norm_var/thetao,220,1783002404.5428076,0.0009335043141618371
loss/val_norm_var/uo,220,1783002404.5689178,0.004003080539405346
loss/val_norm_var/vo,220,1783002404.5742025,0.0042159222066402435
loss/val_norm_var/zos,220,1783002404.5378504,0.0015873260563239455
loss/val_var/siconc,220,1783002404.3135636,0.002426959341391921
loss/val_var/sithick,220,1783002404.3210454,0.00037692885962314904
loss/val_var/so,220,1783002404.5484393,0.0002528433396946639
loss/val_var/thetao,220,1783002404.5420551,0.0009335043141618371
loss/val_var/uo,220,1783002404.5682237,0.004003080539405346
loss/val_var/vo,220,1783002404.57336,0.0042159222066402435
loss/val_var/zos,220,1783002404.5369465,0.0015873260563239455
loss/train,221,1783002846.0726085,0.0008902539266273379
loss/train,222,1783003286.9552557,0.0008900680695660412
loss/train,223,1783003726.2347538,0.0008898423402570188
loss/train,224,1783004167.8505309,0.0008895336650311947
loss/ema_val,225,1783004703.7874072,0.0009601773344911635
loss/ema_val_denorm,225,1783004703.787413,0.012452970258891582
loss/train,225,1783004607.7661593,0.0008893923950381577
loss/val,225,1783004703.7872972,0.0009768977761268616
loss/val_denorm,225,1783004703.787401,0.012602766044437885
loss/val_denorm_lead/lead_01,225,1783004703.7874284,0.012602766044437885
loss/val_denorm_lead_var/siconc/lead_01,225,1783004703.8004413,0.002441233955323696
loss/val_denorm_lead_var/sithick/lead_01,225,1783004704.039612,0.002908505732193589
loss/val_denorm_lead_var/so/lead_01,225,1783004704.147121,0.008065502159297466
loss/val_denorm_lead_var/thetao/lead_01,225,1783004704.114276,0.031227493658661842
loss/val_denorm_lead_var/uo/lead_01,225,1783004704.2057831,0.008189144544303417
loss/val_denorm_lead_var/vo/lead_01,225,1783004704.2439022,0.008391221985220909
loss/val_denorm_lead_var/zos/lead_01,225,1783004704.0808525,0.006218921858817339
loss/val_denorm_var/siconc,225,1783004703.7874434,0.002441233955323696
loss/val_denorm_var/sithick,225,1783004703.817859,0.002908505732193589
loss/val_denorm_var/so,225,1783004704.1295633,0.008065502159297466
loss/val_denorm_var/thetao,225,1783004704.1011028,0.031227493658661842
loss/val_denorm_var/uo,225,1783004704.1667418,0.008189144544303417
loss/val_denorm_var/vo,225,1783004704.2254322,0.008391221985220909
loss/val_denorm_var/zos,225,1783004704.0599988,0.006218921858817339
loss/val_lead/lead_01,225,1783004703.7874181,0.0009768977761268616
loss/val_lead_var/siconc/lead_01,225,1783004703.7878323,0.0024412316270172596
loss/val_lead_var/sithick/lead_01,225,1783004703.823747,0.0003816087555605918
loss/val_lead_var/so/lead_01,225,1783004704.134395,0.0002518726687412709
loss/val_lead_var/thetao/lead_01,225,1783004704.1057827,0.0009331463370472193
loss/val_lead_var/uo/lead_01,225,1783004704.1733105,0.004000493325293064
loss/val_lead_var/vo/lead_01,225,1783004704.2306995,0.004208018537610769
loss/val_lead_var/zos/lead_01,225,1783004704.065605,0.001603922457434237
loss/val_norm,225,1783004703.7873917,0.0009768977761268616
loss/val_norm_lead/lead_01,225,1783004703.7874231,0.0009768977761268616
loss/val_norm_lead_var/siconc/lead_01,225,1783004703.793788,0.0024412316270172596
loss/val_norm_lead_var/sithick/lead_01,225,1783004704.033073,0.0003816087555605918
loss/val_norm_lead_var/so/lead_01,225,1783004704.1413672,0.0002518726687412709
loss/val_norm_lead_var/thetao/lead_01,225,1783004704.1101065,0.0009331463370472193
loss/val_norm_lead_var/uo/lead_01,225,1783004704.1798143,0.004000493325293064
loss/val_norm_lead_var/vo/lead_01,225,1783004704.2382467,0.004208018537610769
loss/val_norm_lead_var/zos/lead_01,225,1783004704.072565,0.001603922457434237
loss/val_norm_var/siconc,225,1783004703.7874384,0.0024412316270172596
loss/val_norm_var/sithick,225,1783004703.8113384,0.0003816087555605918
loss/val_norm_var/so,225,1783004704.1256049,0.0002518726687412709
loss/val_norm_var/thetao,225,1783004704.0951972,0.0009331463370472193
loss/val_norm_var/uo,225,1783004704.1605036,0.004000493325293064
loss/val_norm_var/vo,225,1783004704.2192855,0.004208018537610769
loss/val_norm_var/zos,225,1783004704.0529478,0.001603922457434237
loss/val_var/siconc,225,1783004703.7874334,0.0024412316270172596
loss/val_var/sithick,225,1783004703.8060184,0.0003816087555605918
loss/val_var/so,225,1783004704.119047,0.0002518726687412709
loss/val_var/thetao,225,1783004704.088056,0.0009331463370472193
loss/val_var/uo,225,1783004704.1537387,0.004000493325293064
loss/val_var/vo,225,1783004704.2126276,0.004208018537610769
loss/val_var/zos,225,1783004704.04701,0.001603922457434237
loss/train,226,1783005143.508074,0.0008892675396054983
loss/train,227,1783005584.4357145,0.0008881151443347335
loss/train,228,1783006025.4769242,0.0008884876733645797
loss/train,229,1783006464.2007859,0.0008877546642906964
loss/ema_val,230,1783006999.8989177,0.0009594514267519116
loss/ema_val_denorm,230,1783006999.898924,0.012444831430912018
loss/train,230,1783006904.0906153,0.0008875868516042829
loss/val,230,1783006999.898837,0.0009765464346855879
loss/val_denorm,230,1783006999.8989105,0.012609693221747875
loss/val_denorm_lead/lead_01,230,1783006999.898942,0.012609693221747875
loss/val_denorm_lead_var/siconc/lead_01,230,1783006999.9105773,0.0024312064051628113
loss/val_denorm_lead_var/sithick/lead_01,230,1783006999.9376693,0.0029056037310510874
loss/val_denorm_lead_var/so/lead_01,230,1783007000.0244389,0.008087875321507454
loss/val_denorm_lead_var/thetao/lead_01,230,1783006999.9823854,0.03122534789144993
loss/val_denorm_lead_var/uo/lead_01,230,1783007000.0809915,0.008189677260816097
loss/val_denorm_lead_var/vo/lead_01,230,1783007000.1363306,0.008450627326965332
loss/val_denorm_lead_var/zos/lead_01,230,1783006999.9596946,0.006146804429590702
loss/val_denorm_var/siconc,230,1783006999.8989592,0.0024312064051628113
loss/val_denorm_var/sithick,230,1783006999.9272318,0.0029056037310510874
loss/val_denorm_var/so,230,1783007000.003786,0.008087875321507454
loss/val_denorm_var/thetao,230,1783006999.9697547,0.03122534789144993
loss/val_denorm_var/uo,230,1783007000.0507052,0.008189677260816097
loss/val_denorm_var/vo,230,1783007000.108698,0.008450627326965332
loss/val_denorm_var/zos,230,1783006999.9485242,0.006146804429590702
loss/val_lead/lead_01,230,1783006999.89893,0.0009765464346855879
loss/val_lead_var/siconc/lead_01,230,1783006999.8994849,0.0024312040768563747
loss/val_lead_var/sithick/lead_01,230,1783006999.9306471,0.0003812280192505568
loss/val_lead_var/so/lead_01,230,1783007000.0096004,0.0002523941802792251
loss/val_lead_var/thetao/lead_01,230,1783006999.97276,0.000933124334551394
loss/val_lead_var/uo/lead_01,230,1783007000.0612621,0.004002693574875593
loss/val_lead_var/vo/lead_01,230,1783007000.1171956,0.004231847357004881
loss/val_lead_var/zos/lead_01,230,1783006999.951924,0.0015853226650506258
loss/val_norm,230,1783006999.8988998,0.0009765464346855879
loss/val_norm_lead/lead_01,230,1783006999.8989363,0.0009765464346855879
loss/val_norm_lead_var/siconc/lead_01,230,1783006999.9052641,0.0024312040768563747
loss/val_norm_lead_var/sithick/lead_01,230,1783006999.934369,0.0003812280192505568
loss/val_norm_lead_var/so/lead_01,230,1783007000.0159297,0.0002523941802792251
loss/val_norm_lead_var/thetao/lead_01,230,1783006999.975958,0.000933124334551394
loss/val_norm_lead_var/uo/lead_01,230,1783007000.0717475,0.004002693574875593
loss/val_norm_lead_var/vo/lead_01,230,1783007000.1258006,0.004231847357004881
loss/val_norm_lead_var/zos/lead_01,230,1783006999.9554555,0.0015853226650506258
loss/val_norm_var/siconc,230,1783006999.8989537,0.0024312040768563747
loss/val_norm_var/sithick,230,1783006999.9214902,0.0003812280192505568
loss/val_norm_var/so,230,1783006999.9976115,0.0002523941802792251
loss/val_norm_var/thetao,230,1783006999.9667895,0.000933124334551394
loss/val_norm_var/uo,230,1783007000.0420437,0.004002693574875593
loss/val_norm_var/vo,230,1783007000.0983381,0.004231847357004881
loss/val_norm_var/zos,230,1783006999.9447756,0.0015853226650506258
loss/val_var/siconc,230,1783006999.898948,0.0024312040768563747
loss/val_var/sithick,230,1783006999.9153795,0.0003812280192505568
loss/val_var/so,230,1783006999.988876,0.0002523941802792251
loss/val_var/thetao,230,1783006999.9633589,0.000933124334551394
loss/val_var/uo,230,1783007000.031743,0.004002693574875593
loss/val_var/vo,230,1783007000.090421,0.004231847357004881
loss/val_var/zos,230,1783006999.9413207,0.0015853226650506258
loss/train,231,1783007438.5201554,0.0008880969835445285
loss/train,232,1783007876.367981,0.0008874444174580276
loss/train,233,1783008315.3077126,0.0008870517485775054
loss/train,234,1783008754.176715,0.0008864668780006468
loss/ema_val,235,1783009290.8063698,0.0009586956584826112
loss/ema_val_denorm,235,1783009290.806375,0.01243587676435709
loss/train,235,1783009192.7542331,0.0008869491284713149
loss/val,235,1783009290.8063207,0.000979247153736651
loss/val_denorm,235,1783009290.8063629,0.012603371404111385
loss/val_denorm_lead/lead_01,235,1783009290.8063905,0.012603371404111385
loss/val_denorm_lead_var/siconc/lead_01,235,1783009290.82738,0.0024568033404648304
loss/val_denorm_lead_var/sithick/lead_01,235,1783009290.8706467,0.0028906362131237984
loss/val_denorm_lead_var/so/lead_01,235,1783009290.9190612,0.00807635486125946
loss/val_denorm_lead_var/thetao/lead_01,235,1783009290.9138227,0.03118227981030941
loss/val_denorm_lead_var/uo/lead_01,235,1783009290.9243286,0.008229284547269344
loss/val_denorm_lead_var/vo/lead_01,235,1783009290.9296525,0.008467994630336761
loss/val_denorm_lead_var/zos/lead_01,235,1783009290.9035983,0.006241461727768183
loss/val_denorm_var/siconc,235,1783009290.8064046,0.0024568033404648304
loss/val_denorm_var/sithick,235,1783009290.851273,0.0028906362131237984
loss/val_denorm_var/so,235,1783009290.916199,0.00807635486125946
loss/val_denorm_var/thetao,235,1783009290.9113889,0.03118227981030941
loss/val_denorm_var/uo,235,1783009290.9218016,0.008229284547269344
loss/val_denorm_var/vo,235,1783009290.9269054,0.008467994630336761
loss/val_denorm_var/zos,235,1783009290.8874204,0.006241461727768183
loss/val_lead/lead_01,235,1783009290.8063803,0.000979247153736651
loss/val_lead_var/siconc/lead_01,235,1783009290.8067763,0.002456801012158394
loss/val_lead_var/sithick/lead_01,235,1783009290.8582976,0.00037926420918665826
loss/val_lead_var/so/lead_01,235,1783009290.9169414,0.00025188850122503936
loss/val_lead_var/thetao/lead_01,235,1783009290.9122815,0.0009317466174252331
loss/val_lead_var/uo/lead_01,235,1783009290.922629,0.004010453354567289
loss/val_lead_var/vo/lead_01,235,1783009290.927822,0.004235808737576008
loss/val_lead_var/zos/lead_01,235,1783009290.8937316,0.0016097357729449868
loss/val_norm,235,1783009290.8063543,0.000979247153736651
loss/val_norm_lead/lead_01,235,1783009290.8063855,0.000979247153736651
loss/val_norm_lead_var/siconc/lead_01,235,1783009290.8201566,0.002456801012158394
loss/val_norm_lead_var/sithick/lead_01,235,1783009290.8650491,0.00037926420918665826
loss/val_norm_lead_var/so/lead_01,235,1783009290.9180229,0.00025188850122503936
loss/val_norm_lead_var/thetao/lead_01,235,1783009290.9131508,0.0009317466174252331
loss/val_norm_lead_var/uo/lead_01,235,1783009290.9234889,0.004010453354567289
loss/val_norm_lead_var/vo/lead_01,235,1783009290.9288802,0.004235808737576008
loss/val_norm_lead_var/zos/lead_01,235,1783009290.8973932,0.0016097357729449868
loss/val_norm_var/siconc,235,1783009290.8064,0.002456801012158394
loss/val_norm_var/sithick,235,1783009290.8412316,0.00037926420918665826
loss/val_norm_var/so,235,1783009290.9153674,0.00025188850122503936
loss/val_norm_var/thetao,235,1783009290.9104066,0.0009317466174252331
loss/val_norm_var/uo,235,1783009290.921073,0.004010453354567289
loss/val_norm_var/vo,235,1783009290.9260874,0.004235808737576008
loss/val_norm_var/zos,235,1783009290.880631,0.0016097357729449868
loss/val_var/siconc,235,1783009290.8063953,0.002456801012158394
loss/val_var/sithick,235,1783009290.8343801,0.00037926420918665826
loss/val_var/so,235,1783009290.9146318,0.00025188850122503936
loss/val_var/thetao,235,1783009290.9085858,0.0009317466174252331
loss/val_var/uo,235,1783009290.9201107,0.004010453354567289
loss/val_var/vo,235,1783009290.925188,0.004235808737576008
loss/val_var/zos,235,1783009290.8745382,0.0016097357729449868
loss/train,236,1783009730.5506518,0.0008866234566085041
loss/train,237,1783010168.6119034,0.0008863576222211123
loss/train,238,1783010605.0825934,0.0008861960959620774
loss/train,239,1783011044.477644,0.0008857870125211775
loss/ema_val,240,1783011578.1075919,0.0009579958859831095
loss/ema_val_denorm,240,1783011578.1076148,0.012427274137735367
loss/train,240,1783011482.6029437,0.0008856677450239658
loss/val,240,1783011578.107323,0.000978032941929996
loss/val_denorm,240,1783011578.1075637,0.012606070376932621
loss/val_denorm_lead/lead_01,240,1783011578.1076813,0.012606070376932621
loss/val_denorm_lead_var/siconc/lead_01,240,1783011578.1232746,0.002440327312797308
loss/val_denorm_lead_var/sithick/lead_01,240,1783011578.1618798,0.0030456758104264736
loss/val_denorm_lead_var/so/lead_01,240,1783011578.243427,0.008056866936385632
loss/val_denorm_lead_var/thetao/lead_01,240,1783011578.2241042,0.031212083995342255
loss/val_denorm_lead_var/uo/lead_01,240,1783011578.2992592,0.0082266665995121
loss/val_denorm_lead_var/vo/lead_01,240,1783011578.3396184,0.008424574509263039
loss/val_denorm_lead_var/zos/lead_01,240,1783011578.195834,0.006145676132291555
loss/val_denorm_var/siconc,240,1783011578.1077473,0.002440327312797308
loss/val_denorm_var/sithick,240,1783011578.141315,0.0030456758104264736
loss/val_denorm_var/so,240,1783011578.231317,0.008056866936385632
loss/val_denorm_var/thetao,240,1783011578.2126157,0.031212083995342255
loss/val_denorm_var/uo,240,1783011578.2692678,0.0082266665995121
loss/val_denorm_var/vo,240,1783011578.321984,0.008424574509263039
loss/val_denorm_var/zos,240,1783011578.1785095,0.006145676132291555
loss/val_lead/lead_01,240,1783011578.1076372,0.000978032941929996
loss/val_lead_var/siconc/lead_01,240,1783011578.1079044,0.0024403249844908714
loss/val_lead_var/sithick/lead_01,240,1783011578.1488562,0.0003996060695499182
loss/val_lead_var/so/lead_01,240,1783011578.234917,0.00025153259048238397
loss/val_lead_var/thetao/lead_01,240,1783011578.2181652,0.0009326994186267257
loss/val_lead_var/uo/lead_01,240,1783011578.2803752,0.0040121618658304214
loss/val_lead_var/vo/lead_01,240,1783011578.3283763,0.004219638649374247
loss/val_lead_var/zos/lead_01,240,1783011578.1845078,0.0015850316267460585
loss/val_norm,240,1783011578.1075206,0.000978032941929996
loss/val_norm_lead/lead_01,240,1783011578.10766,0.000978032941929996
loss/val_norm_lead_var/siconc/lead_01,240,1783011578.1161768,0.0024403249844908714
loss/val_norm_lead_var/sithick/lead_01,240,1783011578.1554503,0.0003996060695499182
loss/val_norm_lead_var/so/lead_01,240,1783011578.2381012,0.00025153259048238397
loss/val_norm_lead_var/thetao/lead_01,240,1783011578.2220464,0.0009326994186267257
loss/val_norm_lead_var/uo/lead_01,240,1783011578.2902937,0.0040121618658304214
loss/val_norm_lead_var/vo/lead_01,240,1783011578.3344104,0.004219638649374247
loss/val_norm_lead_var/zos/lead_01,240,1783011578.188962,0.0015850316267460585
loss/val_norm_var/siconc,240,1783011578.1077244,0.0024403249844908714
loss/val_norm_var/sithick,240,1783011578.1341598,0.0003996060695499182
loss/val_norm_var/so,240,1783011578.229173,0.00025153259048238397
loss/val_norm_var/thetao,240,1783011578.2066884,0.0009326994186267257
loss/val_norm_var/uo,240,1783011578.2602599,0.0040121618658304214
loss/val_norm_var/vo,240,1783011578.315049,0.004219638649374247
loss/val_norm_var/zos,240,1783011578.1728156,0.0015850316267460585
loss/val_var/siconc,240,1783011578.1077023,0.0024403249844908714
loss/val_var/sithick,240,1783011578.1304145,0.0003996060695499182
loss/val_var/so,240,1783011578.2268186,0.00025153259048238397
loss/val_var/thetao,240,1783011578.2019067,0.0009326994186267257
loss/val_var/uo,240,1783011578.251494,0.0040121618658304214
loss/val_var/vo,240,1783011578.308019,0.004219638649374247
loss/val_var/zos,240,1783011578.1675427,0.0015850316267460585
loss/train,241,1783012017.5334089,0.0008847685530781746
loss/train,242,1783012455.7352023,0.0008850940503180027
loss/train,243,1783012894.2654157,0.0008847634890116751
loss/train,244,1783013332.4156952,0.0008849192527122796
loss/ema_val,245,1783013866.8919094,0.0009572998387739062
loss/ema_val_denorm,245,1783013866.8919148,0.012419447302818298
loss/train,245,1783013771.042659,0.0008847659919410944
loss/val,245,1783013866.8918514,0.0009753990452736616
loss/val_denorm,245,1783013866.8919032,0.01258604321628809
loss/val_denorm_lead/lead_01,245,1783013866.8919306,0.01258604321628809
loss/val_denorm_lead_var/siconc/lead_01,245,1783013866.899264,0.0024360409006476402
loss/val_denorm_lead_var/sithick/lead_01,245,1783013866.9370575,0.002978178672492504
loss/val_denorm_lead_var/so/lead_01,245,1783013867.001178,0.008061329834163189
loss/val_denorm_lead_var/thetao/lead_01,245,1783013866.9776142,0.031155139207839966
loss/val_denorm_lead_var/uo/lead_01,245,1783013867.0218146,0.008186100050807
loss/val_denorm_lead_var/vo/lead_01,245,1783013867.0479295,0.008402444422245026
loss/val_denorm_lead_var/zos/lead_01,245,1783013866.957581,0.006153333932161331
loss/val_denorm_var/siconc,245,1783013866.8919463,0.0024360409006476402
loss/val_denorm_var/sithick,245,1783013866.9101708,0.002978178672492504
loss/val_denorm_var/so,245,1783013866.9903464,0.008061329834163189
loss/val_denorm_var/thetao,245,1783013866.96699,0.031155139207839966
loss/val_denorm_var/uo,245,1783013867.0117762,0.008186100050807
loss/val_denorm_var/vo,245,1783013867.0347311,0.008402444422245026
loss/val_denorm_var/zos,245,1783013866.9494839,0.006153333932161331
loss/val_lead/lead_01,245,1783013866.89192,0.0009753990452736616
loss/val_lead_var/siconc/lead_01,245,1783013866.8921983,0.0024360385723412037
loss/val_lead_var/sithick/lead_01,245,1783013866.9130065,0.00039075015229173005
loss/val_lead_var/so/lead_01,245,1783013866.9949393,0.00025152371381409466
loss/val_lead_var/thetao/lead_01,245,1783013866.9700344,0.0009310232708230615
loss/val_lead_var/uo/lead_01,245,1783013867.01533,0.003994540311396122
loss/val_lead_var/vo/lead_01,245,1783013867.039089,0.004208136349916458
loss/val_lead_var/zos/lead_01,245,1783013866.9528122,0.0015870066126808524
loss/val_norm,245,1783013866.8918953,0.0009753990452736616
loss/val_norm_lead/lead_01,245,1783013866.8919256,0.0009753990452736616
loss/val_norm_lead_var/siconc/lead_01,245,1783013866.8953207,0.0024360385723412037
loss/val_norm_lead_var/sithick/lead_01,245,1783013866.9163558,0.00039075015229173005
loss/val_norm_lead_var/so/lead_01,245,1783013866.9979527,0.00025152371381409466
loss/val_norm_lead_var/thetao/lead_01,245,1783013866.9736676,0.0009310232708230615
loss/val_norm_lead_var/uo/lead_01,245,1783013867.0186992,0.003994540311396122
loss/val_norm_lead_var/vo/lead_01,245,1783013867.043501,0.004208136349916458
loss/val_norm_lead_var/zos/lead_01,245,1783013866.9554062,0.0015870066126808524
loss/val_norm_var/siconc,245,1783013866.891941,0.0024360385723412037
loss/val_norm_var/sithick,245,1783013866.907346,0.00039075015229173005
loss/val_norm_var/so,245,1783013866.9858387,0.00025152371381409466
loss/val_norm_var/thetao,245,1783013866.963733,0.0009310232708230615
loss/val_norm_var/uo,245,1783013867.0085127,0.003994540311396122
loss/val_norm_var/vo,245,1783013867.0304272,0.004208136349916458
loss/val_norm_var/zos,245,1783013866.9457998,0.0015870066126808524
loss/val_var/siconc,245,1783013866.8919363,0.0024360385723412037
loss/val_var/sithick,245,1783013866.9034338,0.00039075015229173005
loss/val_var/so,245,1783013866.9818747,0.00025152371381409466
loss/val_var/thetao,245,1783013866.9609947,0.0009310232708230615
loss/val_var/uo,245,1783013867.004566,0.003994540311396122
loss/val_var/vo,245,1783013867.0251224,0.004208136349916458
loss/val_var/zos,245,1783013866.941145,0.0015870066126808524
loss/train,246,1783014305.8616,0.0008841606904752553
loss/train,247,1783014744.4120162,0.0008843099349178374
loss/train,248,1783015182.6687496,0.0008839635411277413
loss/train,249,1783015623.6146545,0.0008839141228236258
loss/ema_val,250,1783016160.204462,0.0009567717788740993
loss/ema_val_denorm,250,1783016160.2044678,0.012410969473421574
loss/train,250,1783016064.7166321,0.000883632164914161
loss/val,250,1783016160.2044008,0.0009734947816468775
loss/val_denorm,250,1783016160.2044559,0.012578710913658142
loss/val_denorm_lead/lead_01,250,1783016160.204484,0.012578710913658142
loss/val_denorm_lead_var/siconc/lead_01,250,1783016160.2180293,0.0024382227566093206
loss/val_denorm_lead_var/sithick/lead_01,250,1783016160.450411,0.00291300262324512
loss/val_denorm_lead_var/so/lead_01,250,1783016160.5221422,0.008053590543568134
loss/val_denorm_lead_var/thetao/lead_01,250,1783016160.511098,0.03117312490940094
loss/val_denorm_lead_var/uo/lead_01,250,1783016160.5316098,0.008153583854436874
loss/val_denorm_lead_var/vo/lead_01,250,1783016160.5370984,0.008369184099137783
loss/val_denorm_lead_var/zos/lead_01,250,1783016160.474284,0.006169179920107126
loss/val_denorm_var/siconc,250,1783016160.2045007,0.0024382227566093206
loss/val_denorm_var/sithick,250,1783016160.236039,0.00291300262324512
loss/val_denorm_var/so,250,1783016160.5162854,0.008053590543568134
loss/val_denorm_var/thetao,250,1783016160.5031517,0.03117312490940094
loss/val_denorm_var/uo,250,1783016160.5279024,0.008153583854436874
loss/val_denorm_var/vo,250,1783016160.5345116,0.008369184099137783
loss/val_denorm_var/zos,250,1783016160.4576406,0.006169179920107126
loss/val_lead/lead_01,250,1783016160.2044735,0.0009734947816468775
loss/val_lead_var/siconc/lead_01,250,1783016160.204756,0.002438220428302884
loss/val_lead_var/sithick/lead_01,250,1783016160.446059,0.0003821987484116107
loss/val_lead_var/so/lead_01,250,1783016160.5180848,0.00025137662305496633
loss/val_lead_var/thetao/lead_01,250,1783016160.506322,0.0009313414338976145
loss/val_lead_var/uo/lead_01,250,1783016160.5296984,0.003979099914431572
loss/val_lead_var/vo/lead_01,250,1783016160.5353734,0.0041913059540092945
loss/val_lead_var/zos/lead_01,250,1783016160.460895,0.0015910934889689088
loss/val_norm,250,1783016160.2044477,0.0009734947816468775
loss/val_norm_lead/lead_01,250,1783016160.2044787,0.0009734947816468775
loss/val_norm_lead_var/siconc/lead_01,250,1783016160.211908,0.002438220428302884
loss/val_norm_lead_var/sithick/lead_01,250,1783016160.4483953,0.0003821987484116107
loss/val_norm_lead_var/so/lead_01,250,1783016160.5203269,0.00025137662305496633
loss/val_norm_lead_var/thetao/lead_01,250,1783016160.5094292,0.0009313414338976145
loss/val_norm_lead_var/uo/lead_01,250,1783016160.530616,0.003979099914431572
loss/val_norm_lead_var/vo/lead_01,250,1783016160.536272,0.0041913059540092945
loss/val_norm_lead_var/zos/lead_01,250,1783016160.4663272,0.0015910934889689088
loss/val_norm_var/siconc,250,1783016160.2044961,0.002438220428302884
loss/val_norm_var/sithick,250,1783016160.22971,0.0003821987484116107
loss/val_norm_var/so,250,1783016160.514314,0.00025137662305496633
loss/val_norm_var/thetao,250,1783016160.4817498,0.0009313414338976145
loss/val_norm_var/uo,250,1783016160.5261812,0.003979099914431572
loss/val_norm_var/vo,250,1783016160.5334866,0.0041913059540092945
loss/val_norm_var/zos,250,1783016160.4551718,0.0015910934889689088
loss/val_var/siconc,250,1783016160.2044895,0.002438220428302884
loss/val_var/sithick,250,1783016160.2241213,0.0003821987484116107
loss/val_var/so,250,1783016160.512816,0.00025137662305496633
loss/val_var/thetao,250,1783016160.4779441,0.0009313414338976145
loss/val_var/uo,250,1783016160.5242786,0.003979099914431572
loss/val_var/vo,250,1783016160.5325034,0.0041913059540092945
loss/val_var/zos,250,1783016160.4527204,0.0015910934889689088
